sample_id,hp_folder,image_number,left_image,right_image,head_rot_x,head_rot_y,head_rot_z,head_pos_x,head_pos_y,head_pos_z,look_at_x,look_at_y,look_at_z,left_pupil_x,left_pupil_y,right_pupil_x,right_pupil_y,left_iris_x,left_iris_y,right_iris_x,right_iris_y,left_crop_xmin,left_crop_ymin,left_crop_xmax,left_crop_ymax,right_crop_xmin,right_crop_ymin,right_crop_xmax,right_crop_ymax
001_01,HP_001,1,001_01.png,001_01.png,-7.5351,16.9408,0.79365,-11.5513,-2.8816,42.251,11.0,-11.0,0.0,1485.659,605.898438,888.7343,603.7831,1477.988,610.2001,885.8164,608.959839,1340,554,1569,693,727,555,983,699
001_02,HP_001,2,001_02.png,001_02.png,-7.5351,16.9408,0.79365,-11.5513,-2.8816,42.251,0.0,-11.0,0.0,1454.20715,601.6836,855.333252,599.3329,1451.62073,606.6892,857.8529,605.2521,1339,553,1570,693,727,553,982,698
001_03,HP_001,3,001_03.png,001_03.png,-7.5351,16.9408,0.79365,-11.5513,-2.8816,42.251,-11.0,-11.0,0.0,1417.69641,600.537842,815.7645,597.7992,1421.05493,605.7378,824.7431,603.973,1339,553,1570,693,727,550,982,698
001_04,HP_001,4,001_04.png,001_04.png,-7.5351,16.9408,0.79365,-11.5513,-2.8816,42.251,-11.0,-5.5,0.0,1417.2959,618.617065,815.092041,617.180664,1420.72034,620.8718,824.184937,620.193,1340,562,1569,696,727,559,982,701
001_05,HP_001,5,001_05.png,001_05.png,-7.5351,16.9408,0.79365,-11.5513,-2.8816,42.251,0.0,-5.5,0.0,1454.2124,619.285645,855.3156,617.948853,1451.62451,621.428,857.8392,620.8335,1341,562,1569,696,727,561,982,701
001_06,HP_001,6,001_06.png,001_06.png,-7.5351,16.9408,0.79365,-11.5513,-2.8816,42.251,11.0,-5.5,0.0,1485.93616,621.527954,889.074,620.229858,1478.21912,623.297852,886.0998,622.7339,1341,564,1569,696,727,563,983,702
001_07,HP_001,7,001_07.png,001_07.png,-7.5351,16.9408,0.79365,-11.5513,-2.8816,42.251,11.0,0.0,0.0,1485.51428,637.4264,888.732361,637.030762,1477.869,636.6207,885.814941,636.8031,1341,578,1569,702,728,575,983,706
001_08,HP_001,8,001_08.png,001_08.png,-7.5351,16.9408,0.79365,-11.5513,-2.8816,42.251,0.0,0.0,0.0,1454.208,637.2782,855.308167,637.1129,1451.62219,636.493042,857.8317,636.871,1341,577,1569,702,728,574,982,706
001_09,HP_001,9,001_09.png,001_09.png,-7.5351,16.9408,0.79365,-11.5513,-2.8816,42.251,-11.0,0.0,0.0,1417.88953,637.1019,815.650635,637.2118,1421.21545,636.34436,824.647766,636.953735,1341,576,1569,701,728,575,982,707
001_10,HP_001,10,001_10.png,001_10.png,-7.5351,16.9408,0.79365,-11.5513,-2.8816,42.251,-11.0,5.5,0.0,1419.35925,654.5437,817.3051,656.1344,1422.44128,650.9503,826.020264,652.792847,1341,596,1569,707,728,596,982,715
001_11,HP_001,11,001_11.png,001_11.png,-7.5351,16.9408,0.79365,-11.5513,-2.8816,42.251,0.0,5.5,0.0,1454.19458,654.273438,855.3106,655.3219,1451.61462,650.729,857.830566,652.1146,1341,597,1569,709,728,594,982,713
001_12,HP_001,12,001_12.png,001_12.png,-7.5351,16.9408,0.79365,-11.5513,-2.8816,42.251,11.0,5.5,0.0,1484.46265,652.5897,887.7626,653.181763,1476.99512,649.3314,885.005,650.3313,1341,595,1569,709,728,591,984,711
001_13,HP_001,13,001_13.png,001_13.png,-7.5351,16.9408,0.79365,-11.5513,-2.8816,42.251,11.0,11.0,0.0,1482.94873,666.249,886.311951,667.8806,1475.736,660.7881,883.793335,662.649658,1340,614,1568,716,729,610,985,717
001_14,HP_001,14,001_14.png,001_14.png,-7.5351,16.9408,0.79365,-11.5513,-2.8816,42.251,0.0,11.0,0.0,1454.17554,669.265259,855.320068,671.455566,1451.60315,663.2971,857.8341,665.6306,1340,617,1568,717,729,616,983,721
001_15,HP_001,15,001_15.png,001_15.png,-7.5351,16.9408,0.79365,-11.5513,-2.8816,42.251,-11.0,11.0,0.0,1421.42578,669.8965,819.6928,672.6841,1424.16638,663.8179,828.002441,666.6575,1340,618,1568,715,729,619,983,724
002_01,HP_002,1,002_01.png,002_01.png,-1.8442,24.595,-1.7234,-11.7855,0.37975,37.4695,11.0,-11.0,0.0,1527.031,797.1599,854.8008,754.158569,1517.90479,802.457031,850.723,761.0427,1377,744,1615,894,667,704,965,862
002_02,HP_002,2,002_02.png,002_02.png,-1.8442,24.595,-1.7234,-11.7855,0.37975,37.4695,0.0,-11.0,0.0,1488.5116,791.394653,811.531,747.4044,1485.62659,797.659668,814.525,755.424561,1377,742,1615,894,667,699,965,861
002_03,HP_002,3,002_03.png,002_03.png,-1.8442,24.595,-1.7234,-11.7855,0.37975,37.4695,-11.0,-11.0,0.0,1443.62842,790.282,759.243042,745.5679,1448.07654,796.738647,770.8104,753.8938,1375,743,1615,894,667,698,965,861
002_04,HP_002,4,002_04.png,002_04.png,-1.8442,24.595,-1.7234,-11.7855,0.37975,37.4695,-11.0,-5.5,0.0,1442.22034,812.325562,757.121643,770.3761,1446.90308,815.181,769.05304,774.6411,1376,754,1615,898,667,709,964,865
002_05,HP_002,5,002_05.png,002_05.png,-1.8442,24.595,-1.7234,-11.7855,0.37975,37.4695,0.0,-5.5,0.0,1488.45386,813.0316,811.4842,771.353,1485.57568,815.767334,814.489258,775.4542,1377,752,1615,898,667,710,964,865
002_06,HP_002,6,002_06.png,002_06.png,-1.8442,24.595,-1.7234,-11.7855,0.37975,37.4695,11.0,-5.5,0.0,1527.8761,816.244141,855.8376,774.997437,1518.60718,818.4431,851.5876,778.4846,1377,755,1615,898,667,713,965,865
002_07,HP_002,7,002_07.png,002_07.png,-1.8442,24.595,-1.7234,-11.7855,0.37975,37.4695,11.0,0.0,0.0,1527.65881,836.229736,855.777954,796.903931,1518.42749,835.181152,851.538,796.8148,1376,770,1614,905,667,730,964,871
002_08,HP_002,8,002_08.png,002_08.png,-1.8442,24.595,-1.7234,-11.7855,0.37975,37.4695,0.0,0.0,0.0,1488.376,836.006,811.4587,797.046143,1485.51135,834.9884,814.4679,796.9332,1376,771,1614,905,667,731,963,872
002_09,HP_002,9,002_09.png,002_09.png,-1.8442,24.595,-1.7234,-11.7855,0.37975,37.4695,-11.0,0.0,0.0,1442.32751,835.7268,757.1505,797.233032,1446.99121,834.7533,769.0762,797.089355,1374,773,1614,904,667,733,963,873
002_10,HP_002,10,002_10.png,002_10.png,-1.8442,24.595,-1.7234,-11.7855,0.37975,37.4695,-11.0,5.5,0.0,1443.93042,858.178833,759.3224,822.9758,1448.32532,853.5394,770.8744,818.6134,1373,801,1613,913,668,767,963,886
002_11,HP_002,11,002_11.png,002_11.png,-1.8442,24.595,-1.7234,-11.7855,0.37975,37.4695,0.0,5.5,0.0,1488.28235,858.046265,811.456055,821.7932,1485.43713,853.4354,814.461731,817.6271,1376,798,1613,915,668,760,963,883
002_12,HP_002,12,002_12.png,002_12.png,-1.8442,24.595,-1.7234,-11.7855,0.37975,37.4695,11.0,5.5,0.0,1526.39771,855.5416,854.626343,818.2234,1517.38074,851.3601,850.577759,814.65686,1376,792,1613,913,668,752,964,878
002_13,HP_002,13,002_13.png,002_13.png,-1.8442,24.595,-1.7234,-11.7855,0.37975,37.4695,11.0,11.0,0.0,1524.33386,872.8589,852.6107,837.533447,1515.66626,865.87854,848.8964,830.827,1375,813,1612,922,668,779,964,886
002_14,HP_002,14,002_14.png,002_14.png,-1.8442,24.595,-1.7234,-11.7855,0.37975,37.4695,0.0,11.0,0.0,1488.181,877.3164,811.4717,843.4116,1485.35876,869.5803,814.46814,835.7213,1375,818,1611,924,669,789,963,894
002_15,HP_002,15,002_15.png,002_15.png,-1.8442,24.595,-1.7234,-11.7855,0.37975,37.4695,-11.0,11.0,0.0,1446.62427,877.8142,762.971558,845.1089,1450.57,869.9861,773.897766,837.1389,1373,820,1611,921,669,792,963,897
003_01,HP_003,1,003_01.png,003_01.png,-0.58255,24.6328,-0.58462,-11.3029,5.2374,40.0694,11.0,-11.0,0.0,1593.52356,1218.2655,988.0048,1224.104,1585.67944,1222.75879,984.7828,1229.56128,1459,1172,1680,1316,820,1181,1095,1333
003_02,HP_003,2,003_02.png,003_02.png,-0.58255,24.6328,-0.58462,-11.3029,5.2374,40.0694,0.0,-11.0,0.0,1561.35657,1214.68652,951.9295,1219.61523,1558.71448,1219.77869,954.583252,1225.82031,1459,1173,1680,1316,820,1177,1096,1332
003_03,HP_003,3,003_03.png,003_03.png,-0.58255,24.6328,-0.58462,-11.3029,5.2374,40.0694,-11.0,-11.0,0.0,1525.03882,1214.25745,910.4386,1218.523,1528.30713,1219.42542,919.8613,1224.90662,1458,1174,1680,1316,820,1176,1096,1331
003_04,HP_003,4,003_04.png,003_04.png,-0.58255,24.6328,-0.58462,-11.3029,5.2374,40.0694,-11.0,-5.5,0.0,1523.3031,1231.78882,908.0158,1237.76807,1526.85889,1234.10547,917.8508,1241.01782,1458,1179,1680,1317,821,1183,1095,1334
003_05,HP_003,5,003_05.png,003_05.png,-0.58255,24.6328,-0.58462,-11.3029,5.2374,40.0694,0.0,-5.5,0.0,1561.312,1231.968,951.8722,1238.51538,1558.67358,1234.25244,954.5393,1241.64233,1460,1179,1680,1317,821,1184,1095,1334
003_06,HP_003,6,003_06.png,003_06.png,-0.58255,24.6328,-0.58462,-11.3029,5.2374,40.0694,11.0,-5.5,0.0,1594.71912,1233.93958,989.390259,1241.1604,1586.67358,1235.895,985.9394,1243.84607,1460,1179,1680,1318,821,1186,1095,1334
003_07,HP_003,7,003_07.png,003_07.png,-0.58255,24.6328,-0.58462,-11.3029,5.2374,40.0694,11.0,0.0,0.0,1595.21362,1250.86108,990.05,1259.636,1587.085,1250.07178,986.4896,1259.313,1459,1191,1679,1322,821,1196,1094,1338
003_08,HP_003,8,003_08.png,003_08.png,-0.58255,24.6328,-0.58462,-11.3029,5.2374,40.0694,0.0,0.0,0.0,1561.25146,1250.94092,951.8281,1259.51526,1558.62146,1250.13525,954.504639,1259.21069,1459,1190,1679,1321,821,1196,1094,1337
003_09,HP_003,9,003_09.png,003_09.png,-0.58255,24.6328,-0.58462,-11.3029,5.2374,40.0694,-11.0,0.0,0.0,1522.46448,1251.01709,906.772949,1259.35364,1526.15918,1250.198,916.8197,1259.07556,1458,1191,1679,1321,821,1197,1094,1337
003_10,HP_003,10,003_10.png,003_10.png,-0.58255,24.6328,-0.58462,-11.3029,5.2374,40.0694,-11.0,5.5,0.0,1522.71777,1270.46436,907.043945,1281.38464,1526.36951,1266.47424,917.0437,1277.50415,1457,1210,1679,1327,821,1217,1094,1346
003_11,HP_003,11,003_11.png,003_11.png,-0.58255,24.6328,-0.58462,-11.3029,5.2374,40.0694,0.0,5.5,0.0,1561.175,1270.13586,951.8021,1280.91052,1558.55859,1266.2041,954.482239,1277.10852,1459,1209,1679,1328,821,1215,1094,1345
003_12,HP_003,12,003_12.png,003_12.png,-0.58255,24.6328,-0.58462,-11.3029,5.2374,40.0694,11.0,5.5,0.0,1594.88757,1267.92993,989.8513,1278.3678,1586.81445,1264.37256,986.324158,1274.99353,1459,1208,1679,1328,821,1213,1094,1343
003_13,HP_003,13,003_13.png,003_13.png,-0.58255,24.6328,-0.58462,-11.3029,5.2374,40.0694,11.0,11.0,0.0,1593.7832,1283.96509,988.826538,1296.09021,1585.89685,1277.813,985.4688,1289.83423,1458,1229,1678,1336,822,1234,1094,1349
003_14,HP_003,14,003_14.png,003_14.png,-0.58255,24.6328,-0.58462,-11.3029,5.2374,40.0694,0.0,11.0,0.0,1561.0874,1287.94775,951.7947,1300.79346,1558.48853,1281.12354,954.472961,1293.74951,1458,1234,1678,1336,822,1241,1094,1355
003_15,HP_003,15,003_15.png,003_15.png,-0.58255,24.6328,-0.58462,-11.3029,5.2374,40.0694,-11.0,11.0,0.0,1524.0061,1288.52063,908.751953,1301.71729,1527.44312,1281.59521,918.459534,1294.52148,1456,1235,1678,1334,822,1244,1094,1356
004_01,HP_004,1,004_01.png,004_01.png,9.0383,23.5103,4.9419,-10.7992,8.4071,40.0107,11.0,-11.0,0.0,1588.5791,1326.21851,990.5305,1353.73535,1580.958,1330.61633,987.539856,1358.8894,1454,1272,1674,1409,827,1299,1095,1447
004_02,HP_004,2,004_02.png,004_02.png,9.0383,23.5103,4.9419,-10.7992,8.4071,40.0107,0.0,-11.0,0.0,1557.73962,1322.58008,956.2505,1349.9812,1555.10278,1327.58447,958.8378,1355.76062,1454,1271,1674,1408,827,1297,1095,1446
004_03,HP_004,3,004_03.png,004_03.png,9.0383,23.5103,4.9419,-10.7992,8.4071,40.0107,-11.0,-11.0,0.0,1523.03918,1321.76233,917.046448,1349.31763,1526.04419,1326.9054,926.0235,1355.20581,1452,1271,1674,1408,827,1295,1095,1446
004_04,HP_004,4,004_04.png,004_04.png,9.0383,23.5103,4.9419,-10.7992,8.4071,40.0107,-11.0,-5.5,0.0,1521.2395,1338.40918,914.607,1367.52454,1524.54236,1340.8479,923.9983,1370.45068,1453,1280,1674,1411,827,1305,1095,1448
004_05,HP_004,5,004_05.png,004_05.png,9.0383,23.5103,4.9419,-10.7992,8.4071,40.0107,0.0,-5.5,0.0,1557.72144,1339.0022,956.1964,1367.83313,1555.08374,1341.34143,958.7969,1370.70825,1455,1281,1674,1412,827,1306,1095,1449
004_06,HP_004,6,004_06.png,004_06.png,9.0383,23.5103,4.9419,-10.7992,8.4071,40.0107,11.0,-5.5,0.0,1589.8584,1341.19788,991.976746,1369.92871,1582.02185,1343.17224,988.7472,1372.45386,1455,1283,1674,1413,827,1309,1095,1450
004_07,HP_004,7,004_07.png,004_07.png,9.0383,23.5103,4.9419,-10.7992,8.4071,40.0107,11.0,0.0,0.0,1590.518,1357.4884,992.7913,1387.59692,1582.57056,1356.82178,989.4271,1387.24707,1455,1300,1674,1420,828,1323,1095,1455
004_08,HP_004,8,004_08.png,004_08.png,9.0383,23.5103,4.9419,-10.7992,8.4071,40.0107,0.0,0.0,0.0,1557.69019,1357.19556,956.1516,1387.81348,1555.05579,1356.57385,958.761963,1387.427,1455,1297,1674,1418,828,1322,1095,1455
004_09,HP_004,9,004_09.png,004_09.png,9.0383,23.5103,4.9419,-10.7992,8.4071,40.0107,-11.0,0.0,0.0,1520.21826,1356.85791,913.154846,1388.08044,1523.69019,1356.29053,922.792969,1387.65015,1454,1295,1674,1416,827,1320,1095,1454
004_10,HP_004,10,004_10.png,004_10.png,9.0383,23.5103,4.9419,-10.7992,8.4071,40.0107,-11.0,5.5,0.0,1520.20081,1375.80127,913.0536,1409.34741,1523.67517,1372.14575,922.7082,1405.44165,1453,1317,1674,1424,828,1345,1095,1464
004_11,HP_004,11,004_11.png,004_11.png,9.0383,23.5103,4.9419,-10.7992,8.4071,40.0107,0.0,5.5,0.0,1557.64514,1375.86084,956.121033,1408.44824,1555.01843,1372.20007,958.7363,1404.69055,1455,1321,1674,1427,828,1346,1095,1465
004_12,HP_004,12,004_12.png,004_12.png,9.0383,23.5103,4.9419,-10.7992,8.4071,40.0107,11.0,5.5,0.0,1590.41846,1374.1001,992.8235,1405.71045,1582.48828,1370.74,989.4541,1402.41138,1455,1321,1674,1428,828,1344,1095,1462
004_13,HP_004,13,004_13.png,004_13.png,9.0383,23.5103,4.9419,-10.7992,8.4071,40.0107,11.0,11.0,0.0,1589.56128,1389.90259,992.0612,1423.07471,1581.776,1383.98486,988.8178,1416.95215,1454,1341,1673,1436,829,1365,1095,1470
004_14,HP_004,14,004_14.png,004_14.png,9.0383,23.5103,4.9419,-10.7992,8.4071,40.0107,0.0,11.0,0.0,1557.58777,1393.46606,956.10614,1427.94873,1554.9729,1386.94507,958.721436,1421.01147,1454,1343,1673,1435,829,1368,1096,1475
004_15,HP_004,15,004_15.png,004_15.png,9.0383,23.5103,4.9419,-10.7992,8.4071,40.0107,-11.0,11.0,0.0,1521.1958,1393.69641,914.3314,1429.30957,1524.50452,1387.12988,923.7672,1422.14893,1452,1341,1673,1432,829,1368,1096,1474
005_01,HP_005,1,005_01.png,005_01.png,12.5747,22.2863,-0.15007,-12.0238,10.0601,38.1585,11.0,-11.0,0.0,1484.563,1501.53076,843.887451,1477.90942,1476.53687,1505.97583,840.7901,1483.594,1339,1447,1574,1591,668,1425,951,1576
005_02,HP_005,2,005_02.png,005_02.png,12.5747,22.2863,-0.15007,-12.0238,10.0601,38.1585,0.0,-11.0,0.0,1451.70251,1497.3645,807.6313,1473.44861,1448.98889,1502.50415,810.436157,1479.87744,1339,1445,1574,1590,668,1422,951,1575
005_03,HP_005,3,005_03.png,005_03.png,12.5747,22.2863,-0.15007,-12.0238,10.0601,38.1585,-11.0,-11.0,0.0,1414.05237,1496.24,765.27594,1472.20142,1417.46533,1501.57007,774.991,1478.8363,1339,1445,1574,1590,668,1420,951,1575
005_04,HP_005,4,005_04.png,005_04.png,12.5747,22.2863,-0.15007,-12.0238,10.0601,38.1585,-11.0,-5.5,0.0,1411.666,1514.043,762.14,1491.64392,1415.47461,1516.47839,772.3898,1495.11523,1339,1455,1573,1594,668,1430,950,1578
005_05,HP_005,5,005_05.png,005_05.png,12.5747,22.2863,-0.15007,-12.0238,10.0601,38.1585,0.0,-5.5,0.0,1451.68542,1514.80273,807.6,1492.36255,1448.9696,1517.1106,810.4158,1495.71411,1339,1455,1573,1594,668,1432,950,1579
005_06,HP_005,6,005_06.png,005_06.png,12.5747,22.2863,-0.15007,-12.0238,10.0601,38.1585,11.0,-5.5,0.0,1486.16614,1517.33472,845.6692,1494.95374,1477.87061,1519.22217,842.277466,1497.87134,1339,1457,1573,1594,668,1434,951,1579
005_07,HP_005,7,005_07.png,005_07.png,12.5747,22.2863,-0.15007,-12.0238,10.0601,38.1585,11.0,0.0,0.0,1487.13757,1534.77368,846.8089,1513.78857,1478.67859,1533.83228,843.228638,1513.64014,1339,1472,1573,1601,668,1448,950,1584
005_08,HP_005,8,005_08.png,005_08.png,12.5747,22.2863,-0.15007,-12.0238,10.0601,38.1585,0.0,0.0,0.0,1451.65491,1534.52942,807.579346,1513.95081,1448.94128,1533.62329,810.4023,1513.77515,1339,1471,1573,1601,668,1450,948,1585
005_09,HP_005,9,005_09.png,005_09.png,12.5747,22.2863,-0.15007,-12.0238,10.0601,38.1585,-11.0,0.0,0.0,1410.09326,1534.23438,760.0338,1514.15869,1414.16309,1533.375,770.6437,1513.94873,1337,1472,1573,1600,668,1450,948,1586
005_10,HP_005,10,005_10.png,005_10.png,12.5747,22.2863,-0.15007,-12.0238,10.0601,38.1585,-11.0,5.5,0.0,1409.7,1555.3833,759.509338,1537.95215,1413.83484,1551.06934,770.209,1533.84509,1336,1498,1571,1608,669,1481,947,1598
005_11,HP_005,11,005_11.png,005_11.png,12.5747,22.2863,-0.15007,-12.0238,10.0601,38.1585,0.0,5.5,0.0,1451.60864,1555.1554,807.5741,1536.64478,1448.90234,1550.8855,810.3987,1532.75537,1338,1497,1572,1610,669,1476,947,1595
005_12,HP_005,12,005_12.png,005_12.png,12.5747,22.2863,-0.15007,-12.0238,10.0601,38.1585,11.0,5.5,0.0,1487.27148,1552.80737,847.1038,1533.34119,1478.79077,1548.93945,843.4747,1530.0061,1338,1493,1572,1609,669,1469,949,1591
005_13,HP_005,13,005_13.png,005_13.png,12.5747,22.2863,-0.15007,-12.0238,10.0601,38.1585,11.0,11.0,0.0,1486.514,1570.13513,846.497742,1552.27783,1478.16223,1563.46,842.969055,1545.85962,1337,1513,1570,1618,669,1496,950,1600
005_14,HP_005,14,005_14.png,005_14.png,12.5747,22.2863,-0.15007,-12.0238,10.0601,38.1585,0.0,11.0,0.0,1451.548,1574.83081,807.585632,1558.34253,1448.854,1567.35913,810.4064,1550.908,1337,1518,1570,1620,669,1503,947,1606
005_15,HP_005,15,005_15.png,005_15.png,12.5747,22.2863,-0.15007,-12.0238,10.0601,38.1585,-11.0,11.0,0.0,1410.6001,1575.5752,760.724,1560.53479,1414.58423,1567.9696,771.2153,1552.736,1336,1519,1570,1617,669,1507,947,1609
006_01,HP_006,1,006_01.png,006_01.png,-7.1702,12.9518,-5.8237,-7.5157,-3.3481,41.5735,11.0,-11.0,0.0,1793.61853,603.3285,1196.17151,533.5065,1785.43127,607.8916,1192.744,539.470459,1644,553,1876,698,1031,486,1289,632
006_02,HP_006,2,006_02.png,006_02.png,-7.1702,12.9518,-5.8237,-7.5157,-3.3481,41.5735,0.0,-11.0,0.0,1758.75879,599.5868,1159.6344,529.334961,1756.22327,604.776855,1162.1637,535.9971,1644,550,1876,698,1031,483,1287,632
006_03,HP_006,3,006_03.png,006_03.png,-7.1702,12.9518,-5.8237,-7.5157,-3.3481,41.5735,-11.0,-11.0,0.0,1720.70215,599.842163,1118.64673,529.1946,1724.3717,604.9927,1127.86377,535.876,1644,551,1876,698,1031,482,1287,632
006_04,HP_006,4,006_04.png,006_04.png,-7.1702,12.9518,-5.8237,-7.5157,-3.3481,41.5735,-11.0,-5.5,0.0,1720.2926,618.7362,1118.01709,549.2759,1724.02966,620.8058,1127.34131,552.681641,1644,561,1875,701,1031,493,1285,635
006_05,HP_006,5,006_05.png,006_05.png,-7.1702,12.9518,-5.8237,-7.5157,-3.3481,41.5735,0.0,-5.5,0.0,1758.75024,618.674438,1159.62524,549.328735,1756.2157,620.75354,1162.15686,552.7274,1644,559,1875,700,1031,492,1286,634
006_06,HP_006,6,006_06.png,006_06.png,-7.1702,12.9518,-5.8237,-7.5157,-3.3481,41.5735,11.0,-5.5,0.0,1793.93713,620.677368,1196.55676,551.4741,1785.6969,622.4231,1193.06567,554.51355,1644,560,1875,700,1031,493,1289,634
006_07,HP_006,7,006_07.png,006_07.png,-7.1702,12.9518,-5.8237,-7.5157,-3.3481,41.5735,11.0,0.0,0.0,1793.36633,638.3478,1196.09,569.8362,1785.22388,637.2241,1192.67627,569.8845,1644,572,1875,704,1031,505,1288,638
006_08,HP_006,8,006_08.png,006_08.png,-7.1702,12.9518,-5.8237,-7.5157,-3.3481,41.5735,0.0,0.0,0.0,1758.73071,638.2009,1159.62793,569.9,1756.201,637.097046,1162.15808,569.9381,1644,574,1874,705,1031,508,1284,641
006_09,HP_006,9,006_09.png,006_09.png,-7.1702,12.9518,-5.8237,-7.5157,-3.3481,41.5735,-11.0,0.0,0.0,1720.93616,638.0288,1118.7019,569.976563,1724.56555,636.9525,1127.9093,570.0022,1643,578,1874,705,1031,511,1284,642
006_10,HP_006,10,006_10.png,006_10.png,-7.1702,12.9518,-5.8237,-7.5157,-3.3481,41.5735,-11.0,5.5,0.0,1722.50513,656.186768,1120.52441,589.436035,1725.87378,652.1571,1129.42188,586.2905,1643,599,1873,712,1032,537,1284,651
006_11,HP_006,11,006_11.png,006_11.png,-7.1702,12.9518,-5.8237,-7.5157,-3.3481,41.5735,0.0,5.5,0.0,1758.70215,656.5255,1159.64148,589.2798,1756.18115,652.4425,1162.16565,586.1581,1643,595,1873,713,1032,530,1284,648
006_12,HP_006,12,006_12.png,006_12.png,-7.1702,12.9518,-5.8237,-7.5157,-3.3481,41.5735,11.0,5.5,0.0,1792.00684,655.0663,1194.85938,587.348145,1784.095,651.2335,1191.64929,584.5482,1643,589,1874,711,1031,522,1286,645
006_13,HP_006,13,006_13.png,006_13.png,-7.1702,12.9518,-5.8237,-7.5157,-3.3481,41.5735,11.0,11.0,0.0,1790.09668,669.894531,1193.07654,603.0685,1782.5072,663.6686,1190.16077,597.7195,1643,607,1872,718,1032,544,1286,651
006_14,HP_006,14,006_14.png,006_14.png,-7.1702,12.9518,-5.8237,-7.5157,-3.3481,41.5735,0.0,11.0,0.0,1758.66833,672.4938,1159.66223,606.227051,1756.1582,665.8274,1162.1781,600.353638,1642,613,1872,721,1032,553,1284,656
006_15,HP_006,15,006_15.png,006_15.png,-7.1702,12.9518,-5.8237,-7.5157,-3.3481,41.5735,-11.0,11.0,0.0,1724.70068,672.1105,1123.07922,606.3699,1727.70581,665.5029,1131.54321,600.4767,1642,615,1872,720,1032,556,1284,660
007_01,HP_007,1,007_01.png,007_01.png,-4.0864,8.4311,-0.17547,-5.8919,1.9746,37.6259,11.0,-11.0,0.0,1850.0365,959.8815,1162.838,957.135864,1839.90283,966.042847,1158.43982,964.097534,1674,914,1936,1072,976,916,1255,1076
007_02,HP_007,2,007_02.png,007_02.png,-4.0864,8.4311,-0.17547,-5.8919,1.9746,37.6259,0.0,-11.0,0.0,1806.26233,954.880859,1118.28577,951.256958,1803.24316,961.889038,1121.17041,959.204956,1674,911,1936,1072,976,911,1251,1075
007_03,HP_007,3,007_03.png,007_03.png,-4.0864,8.4311,-0.17547,-5.8919,1.9746,37.6259,-11.0,-11.0,0.0,1758.52356,955.9957,1067.96863,951.1295,1763.31519,962.8225,1079.08508,959.0913,1674,914,1936,1072,976,908,1252,1075
007_04,HP_007,4,007_04.png,007_04.png,-4.0864,8.4311,-0.17547,-5.8919,1.9746,37.6259,-11.0,-5.5,0.0,1756.55933,978.8146,1065.338,974.991333,1761.679,981.911743,1076.905,979.0554,1675,921,1936,1074,976,917,1251,1077
007_05,HP_007,5,007_05.png,007_05.png,-4.0864,8.4311,-0.17547,-5.8919,1.9746,37.6259,0.0,-5.5,0.0,1806.30164,978.1301,1118.26428,975.1654,1803.27148,981.339355,1121.1571,979.2042,1675,920,1936,1074,976,919,1251,1078
007_06,HP_007,6,007_06.png,007_06.png,-4.0864,8.4311,-0.17547,-5.8919,1.9746,37.6259,11.0,-5.5,0.0,1851.72729,980.918945,1164.46582,978.5725,1841.30737,983.6575,1159.79663,982.0387,1675,922,1936,1074,977,923,1255,1078
007_07,HP_007,7,007_07.png,007_07.png,-4.0864,8.4311,-0.17547,-5.8919,1.9746,37.6259,11.0,0.0,0.0,1852.05774,1003.60876,1164.88147,1001.64905,1841.583,1002.64832,1160.14307,1001.34375,1675,939,1936,1079,977,936,1254,1083
007_08,HP_007,8,007_08.png,007_08.png,-4.0864,8.4311,-0.17547,-5.8919,1.9746,37.6259,0.0,0.0,0.0,1806.32349,1003.62939,1118.25964,1001.56873,1803.28918,1002.66064,1121.15454,1001.27527,1675,938,1936,1080,977,934,1251,1083
007_09,HP_007,9,007_09.png,007_09.png,-4.0864,8.4311,-0.17547,-5.8919,1.9746,37.6259,-11.0,0.0,0.0,1756.18518,1003.62732,1064.62939,1001.463,1761.36682,1002.65894,1076.318,1001.18713,1675,937,1936,1079,977,935,1251,1083
007_10,HP_007,10,007_10.png,007_10.png,-4.0864,8.4311,-0.17547,-5.8919,1.9746,37.6259,-11.0,5.5,0.0,1757.54321,1027.95471,1066.08875,1027.56433,1762.49658,1023.00562,1077.526,1023.01233,1675,963,1935,1087,977,961,1251,1094
007_11,HP_007,11,007_11.png,007_11.png,-4.0864,8.4311,-0.17547,-5.8919,1.9746,37.6259,0.0,5.5,0.0,1806.32507,1028.59619,1118.274,1027.61157,1803.29431,1023.54236,1121.16345,1023.048,1675,963,1935,1090,977,959,1251,1090
007_12,HP_007,12,007_12.png,007_12.png,-4.0864,8.4311,-0.17547,-5.8919,1.9746,37.6259,11.0,5.5,0.0,1850.91626,1025.877,1163.97937,1024.47607,1840.6377,1021.29077,1159.39185,1020.442,1675,961,1935,1088,977,956,1256,1089
007_13,HP_007,13,007_13.png,007_13.png,-4.0864,8.4311,-0.17547,-5.8919,1.9746,37.6259,11.0,11.0,0.0,1848.57874,1045.81445,1161.963,1045.26379,1838.699,1037.99524,1157.71118,1037.845,1674,988,1935,1098,978,982,1256,1097
007_14,HP_007,14,007_14.png,007_14.png,-4.0864,8.4311,-0.17547,-5.8919,1.9746,37.6259,0.0,11.0,0.0,1806.31018,1050.49622,1118.30322,1050.63037,1803.28906,1041.87854,1121.18176,1042.31055,1674,992,1935,1101,978,990,1252,1101
007_15,HP_007,15,007_15.png,007_15.png,-4.0864,8.4311,-0.17547,-5.8919,1.9746,37.6259,-11.0,11.0,0.0,1760.28784,1049.52332,1069.26135,1050.52258,1764.78223,1041.06238,1080.15442,1042.22754,1674,992,1935,1097,978,992,1252,1106
008_01,HP_008,1,008_01.png,008_01.png,4.5448,8.2657,-2.5685,-4.453,4.5421,37.6201,11.0,-11.0,0.0,2006.7041,1098.30969,1339.36487,1057.08545,1996.86084,1104.16125,1335.01868,1064.12585,1840,1045,2093,1199,1157,1008,1434,1163
008_02,HP_008,2,008_02.png,008_02.png,4.5448,8.2657,-2.5685,-4.453,4.5421,37.6201,0.0,-11.0,0.0,1964.17627,1094.17969,1295.63367,1052.54907,1961.2489,1100.72827,1298.43176,1060.35071,1840,1043,2093,1199,1157,1005,1431,1162
008_03,HP_008,3,008_03.png,008_03.png,4.5448,8.2657,-2.5685,-4.453,4.5421,37.6201,-11.0,-11.0,0.0,1919.55835,1095.65173,1248.16113,1053.72119,1923.92346,1101.957,1258.71118,1061.31921,1840,1044,2093,1199,1157,1003,1431,1162
008_04,HP_008,4,008_04.png,008_04.png,4.5448,8.2657,-2.5685,-4.453,4.5421,37.6201,-11.0,-5.5,0.0,1917.50183,1117.01514,1245.50513,1076.08,1922.20959,1119.83313,1256.50928,1080.03223,1839,1055,2092,1203,1157,1014,1430,1166
008_05,HP_008,5,008_05.png,008_05.png,4.5448,8.2657,-2.5685,-4.453,4.5421,37.6201,0.0,-5.5,0.0,1964.18408,1116.27112,1295.60559,1075.341,1961.25073,1119.21289,1298.4137,1079.42078,1839,1054,2093,1202,1157,1015,1430,1166
008_06,HP_008,6,008_06.png,008_06.png,4.5448,8.2657,-2.5685,-4.453,4.5421,37.6201,11.0,-5.5,0.0,2008.60376,1118.76111,1341.24365,1077.90784,1998.439,1121.28479,1336.58459,1081.5553,1839,1056,2093,1202,1157,1017,1434,1166
008_07,HP_008,7,008_07.png,008_07.png,4.5448,8.2657,-2.5685,-4.453,4.5421,37.6201,11.0,0.0,0.0,2009.22339,1141.10779,1341.95068,1100.62781,1998.95435,1139.98682,1337.17346,1100.562,1839,1073,2092,1209,1157,1033,1433,1172
008_08,HP_008,8,008_08.png,008_08.png,4.5448,8.2657,-2.5685,-4.453,4.5421,37.6201,0.0,0.0,0.0,1964.17493,1140.7915,1295.593,1100.826,1961.24158,1139.71753,1298.40527,1100.72754,1839,1074,2092,1211,1157,1036,1428,1173
008_09,HP_008,9,008_09.png,008_09.png,4.5448,8.2657,-2.5685,-4.453,4.5421,37.6201,-11.0,0.0,0.0,1916.77539,1140.44727,1244.48889,1101.05664,1921.604,1139.43042,1255.66687,1100.92053,1838,1076,2092,1210,1157,1037,1428,1175
008_10,HP_008,10,008_10.png,008_10.png,4.5448,8.2657,-2.5685,-4.453,4.5421,37.6201,-11.0,5.5,0.0,1917.59668,1163.81665,1245.429,1126.06055,1922.287,1158.978,1256.44543,1121.83191,1838,1105,2090,1219,1158,1071,1428,1187
008_11,HP_008,11,008_11.png,008_11.png,4.5448,8.2657,-2.5685,-4.453,4.5421,37.6201,0.0,5.5,0.0,1964.14673,1165.23193,1295.59888,1126.35681,1961.221,1160.15857,1298.4082,1122.07251,1838,1105,2090,1222,1158,1065,1428,1184
008_12,HP_008,12,008_12.png,008_12.png,4.5448,8.2657,-2.5685,-4.453,4.5421,37.6201,11.0,5.5,0.0,2008.36279,1163.34351,1341.314,1123.3866,1998.24207,1158.59912,1336.64307,1119.60132,1839,1098,2091,1219,1157,1057,1433,1179
008_13,HP_008,13,008_13.png,008_13.png,4.5448,8.2657,-2.5685,-4.453,4.5421,37.6201,11.0,11.0,0.0,2006.21838,1183.45874,1339.48535,1144.30591,1996.46411,1175.44958,1335.11926,1137.11157,1838,1120,2090,1229,1158,1085,1433,1188
008_14,HP_008,14,008_14.png,008_14.png,4.5448,8.2657,-2.5685,-4.453,4.5421,37.6201,0.0,11.0,0.0,1964.10388,1187.05811,1295.62061,1149.2522,1961.19116,1178.43042,1298.42114,1141.22925,1837,1124,2089,1233,1158,1094,1429,1195
008_15,HP_008,15,008_15.png,008_15.png,4.5448,8.2657,-2.5685,-4.453,4.5421,37.6201,-11.0,11.0,0.0,1919.77026,1184.971,1248.03723,1148.47473,1924.09692,1176.68713,1258.60742,1140.5918,1837,1124,2090,1229,1158,1095,1429,1198
009_01,HP_009,1,009_01.png,009_01.png,3.7403,9.8076,-2.1636,-7.8817,6.8554,39.754,11.0,-11.0,0.0,1702.5199,1322.54138,1072.10022,1297.54333,1694.11133,1327.27856,1068.856,1303.25049,1543,1274,1788,1422,902,1254,1164,1403
009_02,HP_009,2,009_02.png,009_02.png,3.7403,9.8076,-2.1636,-7.8817,6.8554,39.754,0.0,-11.0,0.0,1667.26135,1318.78125,1035.89148,1293.35278,1664.564,1324.1488,1038.54358,1299.75818,1543,1273,1788,1422,902,1251,1161,1403
009_03,HP_009,3,009_03.png,009_03.png,3.7403,9.8076,-2.1636,-7.8817,6.8554,39.754,-11.0,-11.0,0.0,1628.22571,1318.767,994.992249,1292.7085,1631.88928,1324.14111,1004.31152,1299.21729,1543,1273,1788,1422,902,1249,1161,1403
009_04,HP_009,4,009_04.png,009_04.png,3.7403,9.8076,-2.1636,-7.8817,6.8554,39.754,-11.0,-5.5,0.0,1626.17651,1337.18091,992.436462,1311.89661,1630.18018,1339.55713,1002.19092,1315.28357,1543,1280,1788,1424,902,1255,1160,1405
009_05,HP_009,5,009_05.png,009_05.png,3.7403,9.8076,-2.1636,-7.8817,6.8554,39.754,0.0,-5.5,0.0,1667.30811,1337.16382,1035.87,1312.34692,1664.59875,1339.54114,1038.53027,1315.66089,1543,1280,1788,1424,902,1258,1160,1405
009_06,HP_009,6,009_06.png,009_06.png,3.7403,9.8076,-2.1636,-7.8817,6.8554,39.754,11.0,-5.5,0.0,1704.175,1339.32715,1073.70776,1314.82617,1695.488,1341.343,1070.19751,1317.726,1543,1282,1788,1424,902,1259,1164,1405
009_07,HP_009,7,009_07.png,009_07.png,3.7403,9.8076,-2.1636,-7.8817,6.8554,39.754,11.0,0.0,0.0,1705.04114,1357.7207,1074.58289,1333.731,1696.209,1356.748,1070.92773,1333.55176,1542,1294,1788,1428,902,1271,1163,1409
009_08,HP_009,8,009_08.png,009_08.png,3.7403,9.8076,-2.1636,-7.8817,6.8554,39.754,0.0,0.0,0.0,1667.34644,1357.71057,1035.858,1333.68188,1664.62854,1356.73511,1038.523,1333.51025,1542,1294,1788,1430,902,1271,1159,1409
009_09,HP_009,9,009_09.png,009_09.png,3.7403,9.8076,-2.1636,-7.8817,6.8554,39.754,-11.0,0.0,0.0,1625.08972,1357.68225,990.993347,1333.6189,1629.27417,1356.71069,1000.99414,1333.45752,1542,1295,1788,1429,902,1271,1158,1410
009_10,HP_009,10,009_10.png,009_10.png,3.7403,9.8076,-2.1636,-7.8817,6.8554,39.754,-11.0,5.5,0.0,1625.24915,1378.67261,991.048035,1356.03027,1629.40662,1374.27271,1001.03931,1352.20435,1542,1317,1787,1436,902,1296,1158,1419
009_11,HP_009,11,009_11.png,009_11.png,3.7403,9.8076,-2.1636,-7.8817,6.8554,39.754,0.0,5.5,0.0,1667.37207,1378.7605,1035.859,1355.65137,1664.651,1374.34937,1038.52356,1351.887,1542,1316,1787,1438,902,1292,1158,1416
009_12,HP_009,12,009_12.png,009_12.png,3.7403,9.8076,-2.1636,-7.8817,6.8554,39.754,11.0,5.5,0.0,1704.922,1376.45288,1074.55713,1353.06323,1696.11145,1372.43652,1070.906,1349.73364,1542,1313,1787,1436,902,1288,1162,1414
009_13,HP_009,13,009_13.png,009_13.png,3.7403,9.8076,-2.1636,-7.8817,6.8554,39.754,11.0,11.0,0.0,1703.82971,1394.07507,1073.634,1371.46191,1695.20557,1387.20239,1070.13611,1365.13867,1542,1335,1786,1444,902,1310,1163,1421
009_14,HP_009,14,009_14.png,009_14.png,3.7403,9.8076,-2.1636,-7.8817,6.8554,39.754,0.0,11.0,0.0,1667.3844,1398.35486,1035.87256,1376.23145,1664.66467,1390.75537,1038.53186,1369.1095,1541,1341,1786,1448,903,1320,1159,1425
009_15,HP_009,15,009_15.png,009_15.png,3.7403,9.8076,-2.1636,-7.8817,6.8554,39.754,-11.0,11.0,0.0,1626.64258,1398.27869,992.5891,1376.91479,1630.56738,1390.68567,1002.31683,1369.68262,1541,1343,1786,1446,903,1325,1159,1430
010_01,HP_010,1,010_01.png,010_01.png,8.2579,5.1084,-3.1163,-3.8708,9.1618,38.1712,11.0,-11.0,0.0,2015.58,1489.18481,1366.03772,1449.85669,2006.37891,1494.46191,1362.27393,1456.17688,1850,1439,2102,1593,1191,1404,1458,1558
010_02,HP_010,2,010_02.png,010_02.png,8.2579,5.1084,-3.1163,-3.8708,9.1618,38.1712,0.0,-11.0,0.0,1976.39917,1486.03491,1326.45178,1446.27686,1973.56091,1491.84253,1329.13977,1453.1936,1850,1438,2102,1593,1191,1402,1455,1558
010_03,HP_010,3,010_03.png,010_03.png,8.2579,5.1084,-3.1163,-3.8708,9.1618,38.1712,-11.0,-11.0,0.0,1935.53052,1487.35657,1284.167,1447.124,1939.35767,1492.947,1293.74133,1453.89307,1850,1438,2102,1593,1191,1400,1455,1558
010_04,HP_010,4,010_04.png,010_04.png,8.2579,5.1084,-3.1163,-3.8708,9.1618,38.1712,-11.0,-5.5,0.0,1933.0293,1506.51306,1281.12671,1466.74609,1937.27209,1508.98389,1291.21851,1470.32581,1850,1447,2102,1596,1191,1408,1454,1560
010_05,HP_010,5,010_05.png,010_05.png,8.2579,5.1084,-3.1163,-3.8708,9.1618,38.1712,0.0,-5.5,0.0,1976.43774,1505.7124,1326.4231,1466.27673,1973.58691,1508.31543,1329.12207,1469.93872,1850,1446,2102,1596,1191,1409,1454,1560
010_06,HP_010,6,010_06.png,010_06.png,8.2579,5.1084,-3.1163,-3.8708,9.1618,38.1712,11.0,-5.5,0.0,2017.97424,1507.61438,1368.30957,1468.47034,2008.36829,1509.89832,1364.16858,1471.76489,1850,1447,2102,1596,1191,1411,1458,1560
010_07,HP_010,7,010_07.png,010_07.png,8.2579,5.1084,-3.1163,-3.8708,9.1618,38.1712,11.0,0.0,0.0,2019.46863,1528.40088,1369.75793,1489.37573,2009.61023,1527.2981,1365.37585,1489.25989,1849,1461,2102,1601,1191,1423,1457,1564
010_08,HP_010,8,010_08.png,010_08.png,8.2579,5.1084,-3.1163,-3.8708,9.1618,38.1712,0.0,0.0,0.0,1976.46655,1528.31274,1326.40417,1489.37866,1973.60754,1527.22009,1329.11035,1489.262,1849,1462,2102,1602,1191,1425,1452,1565
010_09,HP_010,9,010_09.png,010_09.png,8.2579,5.1084,-3.1163,-3.8708,9.1618,38.1712,-11.0,0.0,0.0,1931.45007,1528.20227,1279.13525,1489.37915,1935.95581,1527.12842,1289.56689,1489.2627,1849,1463,2102,1602,1191,1426,1452,1567
010_10,HP_010,10,010_10.png,010_10.png,8.2579,5.1084,-3.1163,-3.8708,9.1618,38.1712,-11.0,5.5,0.0,1931.18274,1550.8302,1278.71545,1513.20508,1935.73242,1546.05518,1289.219,1509.19116,1849,1489,2101,1610,1192,1454,1451,1577
010_11,HP_010,11,010_11.png,010_11.png,8.2579,5.1084,-3.1163,-3.8708,9.1618,38.1712,0.0,5.5,0.0,1976.48047,1552.012,1326.3999,1513.72144,1973.619,1547.03992,1329.10767,1509.61621,1849,1488,2101,1612,1191,1450,1451,1573
010_12,HP_010,12,010_12.png,010_12.png,8.2579,5.1084,-3.1163,-3.8708,9.1618,38.1712,11.0,5.5,0.0,2019.69019,1550.02,1370.07666,1511.172,2009.7959,1545.393,1365.64148,1507.49585,1849,1483,2101,1609,1191,1444,1456,1571
010_13,HP_010,13,010_13.png,010_13.png,8.2579,5.1084,-3.1163,-3.8708,9.1618,38.1712,11.0,11.0,0.0,2018.55334,1570.49573,1369.19153,1532.07446,2008.85449,1562.53882,1364.90381,1524.98853,1848,1508,2100,1619,1192,1470,1456,1579
010_14,HP_010,14,010_14.png,010_14.png,8.2579,5.1084,-3.1163,-3.8708,9.1618,38.1712,0.0,11.0,0.0,1976.478,1574.33887,1326.41138,1536.78027,1973.62036,1565.72266,1329.1145,1528.90454,1848,1513,2100,1623,1192,1482,1452,1584
010_15,HP_010,15,010_15.png,010_15.png,8.2579,5.1084,-3.1163,-3.8708,9.1618,38.1712,-11.0,11.0,0.0,1932.32458,1572.31116,1279.99463,1535.76245,1936.68323,1564.03088,1290.2793,1528.06567,1848,1513,2100,1620,1192,1483,1452,1589
011_01,HP_011,1,011_01.png,011_01.png,-10.1782,2.5308,1.3929,-1.1115,-1.066,41.4378,11.0,-11.0,0.0,2194.182,788.339966,1591.01123,801.980957,2185.261,793.747559,1587.23438,807.8026,2037,747,2277,895,1429,764,1677,913
011_02,HP_011,2,011_02.png,011_02.png,-10.1782,2.5308,1.3929,-1.1115,-1.066,41.4378,0.0,-11.0,0.0,2156.05981,786.1609,1552.9563,798.9739,2153.337,791.938843,1555.38513,805.2958,2036,744,2277,894,1429,760,1675,912
011_03,HP_011,3,011_03.png,011_03.png,-10.1782,2.5308,1.3929,-1.1115,-1.066,41.4378,-11.0,-11.0,0.0,2117.749,788.457642,1513.76172,800.431,2121.27515,793.855347,1522.57031,806.502441,2036,748,2277,894,1429,759,1675,911
011_04,HP_011,4,011_04.png,011_04.png,-10.1782,2.5308,1.3929,-1.1115,-1.066,41.4378,-11.0,-5.5,0.0,2116.91162,807.150757,1512.615,819.4011,2120.57642,809.501953,1521.618,822.385,2037,754,2277,896,1429,767,1674,913
011_05,HP_011,5,011_05.png,011_05.png,-10.1782,2.5308,1.3929,-1.1115,-1.066,41.4378,0.0,-5.5,0.0,2156.07373,805.832642,1552.93689,818.7252,2153.34644,808.401855,1555.37134,821.8259,2037,752,2277,896,1429,767,1674,914
011_06,HP_011,6,011_06.png,011_06.png,-10.1782,2.5308,1.3929,-1.1115,-1.066,41.4378,11.0,-5.5,0.0,2195.11987,806.9214,1591.93359,820.4629,2186.04053,809.306,1588.00366,823.274536,2037,753,2277,896,1429,770,1677,914
011_07,HP_011,7,011_07.png,011_07.png,-10.1782,2.5308,1.3929,-1.1115,-1.066,41.4378,11.0,0.0,0.0,2194.9458,826.427246,1591.86865,839.8799,2185.897,825.635,1587.94983,839.5249,2038,766,2276,900,1429,780,1677,917
011_08,HP_011,8,011_08.png,011_08.png,-10.1782,2.5308,1.3929,-1.1115,-1.066,41.4378,0.0,0.0,0.0,2156.07471,826.5685,1552.92944,839.7024,2153.348,825.7511,1555.36475,839.375732,2038,765,2276,900,1429,778,1675,917
011_09,HP_011,9,011_09.png,011_09.png,-10.1782,2.5308,1.3929,-1.1115,-1.066,41.4378,-11.0,0.0,0.0,2117.09424,826.688232,1512.64917,839.5017,2120.72827,825.8523,1521.64575,839.2086,2038,765,2276,900,1429,778,1675,917
011_10,HP_011,10,011_10.png,011_10.png,-10.1782,2.5308,1.3929,-1.1115,-1.066,41.4378,-11.0,5.5,0.0,2118.27344,845.5371,1513.86194,858.9812,2121.71118,841.6312,1522.6521,855.516,2038,782,2276,905,1430,795,1675,924
011_11,HP_011,11,011_11.png,011_11.png,-10.1782,2.5308,1.3929,-1.1115,-1.066,41.4378,0.0,5.5,0.0,2156.06323,846.4856,1552.93347,859.9884,2153.3418,842.421143,1555.36548,856.3517,2038,784,2276,908,1430,795,1675,922
011_12,HP_011,12,011_12.png,011_12.png,-10.1782,2.5308,1.3929,-1.1115,-1.066,41.4378,11.0,5.5,0.0,2193.68457,845.21936,1590.82227,858.743042,2184.85132,841.3716,1587.07727,855.3152,2038,785,2276,907,1430,796,1678,922
011_13,HP_011,13,011_13.png,011_13.png,-10.1782,2.5308,1.3929,-1.1115,-1.066,41.4378,11.0,11.0,0.0,2191.606,861.95166,1589.00256,875.7783,2183.12573,855.3939,1585.55933,869.5846,2037,807,2276,915,1430,815,1678,928
011_14,HP_011,14,011_14.png,011_14.png,-10.1782,2.5308,1.3929,-1.1115,-1.066,41.4378,0.0,11.0,0.0,2156.04272,864.057861,1552.947,877.9874,2153.32983,857.141846,1555.37207,871.4259,2037,808,2276,916,1430,818,1675,930
011_15,HP_011,15,011_15.png,011_15.png,-10.1782,2.5308,1.3929,-1.1115,-1.066,41.4378,-11.0,11.0,0.0,2120.21729,862.423,1515.97314,876.3678,2123.333,855.7776,1524.405,870.081665,2037,805,2276,912,1430,817,1675,932
012_01,HP_012,1,012_01.png,012_01.png,-4.2484,3.148,-4.6535,-1.4979,-0.026362,41.8138,11.0,-11.0,0.0,2184.81519,831.712769,1595.38281,779.5604,2176.291,836.6084,1591.80139,785.4995,2030,783,2266,928,1435,735,1682,878
012_02,HP_012,2,012_02.png,012_02.png,-4.2484,3.148,-4.6535,-1.4979,-0.026362,41.8138,0.0,-11.0,0.0,2148.206,829.47644,1558.633,776.9579,2145.63184,834.749268,1561.04114,783.330444,2030,782,2266,928,1435,733,1679,878
012_03,HP_012,3,012_03.png,012_03.png,-4.2484,3.148,-4.6535,-1.4979,-0.026362,41.8138,-11.0,-11.0,0.0,2111.46655,831.3595,1520.82849,778.5575,2114.88135,836.3202,1529.38635,784.6571,2030,782,2266,928,1435,732,1679,878
012_04,HP_012,4,012_04.png,012_04.png,-4.2484,3.148,-4.6535,-1.4979,-0.026362,41.8138,-11.0,-5.5,0.0,2110.65771,849.3335,1519.77319,796.8899,2114.2063,851.366455,1528.51025,800.007446,2030,792,2266,931,1435,741,1678,881
012_05,HP_012,5,012_05.png,012_05.png,-4.2484,3.148,-4.6535,-1.4979,-0.026362,41.8138,0.0,-5.5,0.0,2148.21777,848.365967,1558.62109,796.023438,2145.64,850.5591,1561.03345,799.28894,2030,790,2266,930,1435,741,1678,880
012_06,HP_012,6,012_06.png,012_06.png,-4.2484,3.148,-4.6535,-1.4979,-0.026362,41.8138,11.0,-5.5,0.0,2185.69727,849.6201,1596.25647,797.430542,2177.025,851.6035,1592.53015,800.46106,2030,790,2266,930,1435,741,1682,880
012_07,HP_012,7,012_07.png,012_07.png,-4.2484,3.148,-4.6535,-1.4979,-0.026362,41.8138,11.0,0.0,0.0,2185.55347,868.3938,1596.20264,816.1837,2176.907,867.321167,1592.48523,816.1576,2030,803,2265,935,1435,753,1681,884
012_08,HP_012,8,012_08.png,012_08.png,-4.2484,3.148,-4.6535,-1.4979,-0.026362,41.8138,0.0,0.0,0.0,2148.21851,868.265259,1558.62024,816.2229,2145.641,867.2108,1561.03235,816.1902,2030,805,2265,936,1435,756,1677,885
012_09,HP_012,9,012_09.png,012_09.png,-4.2484,3.148,-4.6535,-1.4979,-0.026362,41.8138,-11.0,0.0,0.0,2110.79175,868.1249,1519.82288,816.265,2114.31738,867.0945,1528.55139,816.2256,2030,807,2265,936,1435,757,1676,887
012_10,HP_012,10,012_10.png,012_10.png,-4.2484,3.148,-4.6535,-1.4979,-0.026362,41.8138,-11.0,5.5,0.0,2111.85938,886.308838,1520.96606,835.0482,2115.20752,882.3187,1529.50049,831.9513,2029,828,2264,943,1435,781,1676,896
012_11,HP_012,11,012_11.png,012_11.png,-4.2484,3.148,-4.6535,-1.4979,-0.026362,41.8138,0.0,5.5,0.0,2148.20776,887.4387,1558.63013,835.771851,2145.63525,883.260864,1561.03821,832.5509,2030,826,2264,945,1435,777,1676,893
012_12,HP_012,12,012_12.png,012_12.png,-4.2484,3.148,-4.6535,-1.4979,-0.026362,41.8138,11.0,5.5,0.0,2184.396,886.5145,1595.23059,834.4221,2175.947,882.4973,1591.67456,831.4258,2030,822,2264,942,1435,771,1679,890
012_13,HP_012,13,012_13.png,012_13.png,-4.2484,3.148,-4.6535,-1.4979,-0.026362,41.8138,11.0,11.0,0.0,2182.46045,902.7095,1593.53394,850.9523,2174.34,896.071045,1590.25891,845.2722,2029,841,2264,950,1435,792,1680,897
012_14,HP_012,14,012_14.png,012_14.png,-4.2484,3.148,-4.6535,-1.4979,-0.026362,41.8138,0.0,11.0,0.0,2148.18872,904.4442,1558.64832,853.1902,2145.62451,897.508545,1561.04932,847.1388,2029,846,2263,953,1436,802,1676,901
012_15,HP_012,15,012_15.png,012_15.png,-4.2484,3.148,-4.6535,-1.4979,-0.026362,41.8138,-11.0,11.0,0.0,2113.659,902.6743,1522.94385,851.8728,2116.709,896.03064,1531.14331,846.046631,2029,847,2263,951,1436,804,1676,904
013_01,HP_013,1,013_01.png,013_01.png,-0.93498,4.4426,-0.90611,-1.7521,5.0049,41.1605,11.0,-11.0,0.0,2169.82715,1205.421,1570.22058,1195.38232,2161.309,1210.39038,1566.72437,1201.0376,2017,1161,2254,1308,1409,1156,1659,1302
013_02,HP_013,2,013_02.png,013_02.png,-0.93498,4.4426,-0.90611,-1.7521,5.0049,41.1605,0.0,-11.0,0.0,2133.837,1203.41931,1533.77917,1192.72363,2131.16284,1208.727,1536.2179,1198.82031,2017,1161,2254,1308,1409,1153,1657,1302
013_03,HP_013,3,013_03.png,013_03.png,-0.93498,4.4426,-0.90611,-1.7521,5.0049,41.1605,-11.0,-11.0,0.0,2097.48975,1205.25757,1496.24854,1193.98328,2100.73682,1210.26221,1504.789,1199.86377,2017,1162,2254,1308,1409,1151,1657,1302
013_04,HP_013,4,013_04.png,013_04.png,-0.93498,4.4426,-0.90611,-1.7521,5.0049,41.1605,-11.0,-5.5,0.0,2095.96143,1222.66846,1494.34753,1211.72815,2099.46118,1224.84033,1503.21033,1214.726,2018,1168,2254,1310,1409,1158,1657,1304
013_05,HP_013,5,013_05.png,013_05.png,-0.93498,4.4426,-0.90611,-1.7521,5.0049,41.1605,0.0,-5.5,0.0,2133.84839,1221.555,1533.75354,1211.1001,2131.169,1223.91052,1536.20044,1214.2063,2018,1167,2254,1310,1409,1159,1657,1304
013_06,HP_013,6,013_06.png,013_06.png,-0.93498,4.4426,-0.90611,-1.7521,5.0049,41.1605,11.0,-5.5,0.0,2171.4397,1222.63684,1571.79553,1212.7196,2162.649,1224.80994,1568.03809,1215.55664,2018,1168,2254,1310,1409,1161,1660,1304
013_07,HP_013,7,013_07.png,013_07.png,-0.93498,4.4426,-0.90611,-1.7521,5.0049,41.1605,11.0,0.0,0.0,2172.14526,1241.45483,1572.54333,1231.64771,2163.23584,1240.56482,1568.66187,1231.39966,2017,1181,2253,1314,1409,1171,1659,1307
013_08,HP_013,8,013_08.png,013_08.png,-0.93498,4.4426,-0.90611,-1.7521,5.0049,41.1605,0.0,0.0,0.0,2133.849,1241.544,1533.73743,1231.50684,2131.16772,1240.637,1536.18884,1231.28137,2017,1180,2253,1314,1409,1170,1656,1307
013_09,HP_013,9,013_09.png,013_09.png,-0.93498,4.4426,-0.90611,-1.7521,5.0049,41.1605,-11.0,0.0,0.0,2095.28345,1241.61353,1493.4231,1231.34729,2098.89551,1240.69617,1502.44263,1231.14832,2017,1180,2253,1314,1409,1171,1656,1308
013_10,HP_013,10,013_10.png,013_10.png,-0.93498,4.4426,-0.90611,-1.7521,5.0049,41.1605,-11.0,5.5,0.0,2095.616,1260.72144,1493.7019,1251.28052,2099.17236,1256.68872,1502.67371,1247.83228,2017,1199,2253,1320,1409,1190,1656,1316
013_11,HP_013,11,013_11.png,013_11.png,-0.93498,4.4426,-0.90611,-1.7521,5.0049,41.1605,0.0,5.5,0.0,2133.837,1261.74243,1533.73328,1252.25562,2131.15918,1257.53931,1536.18469,1248.64111,2017,1199,2253,1322,1409,1189,1656,1313
013_12,HP_013,12,013_12.png,013_12.png,-0.93498,4.4426,-0.90611,-1.7521,5.0049,41.1605,11.0,5.5,0.0,2171.76147,1260.43774,1572.30188,1250.835,2162.91846,1256.4585,1568.46045,1247.45874,2017,1198,2253,1321,1409,1187,1659,1312
013_13,HP_013,13,013_13.png,013_13.png,-0.93498,4.4426,-0.90611,-1.7521,5.0049,41.1605,11.0,11.0,0.0,2170.35962,1278.03687,1571.11914,1268.83472,2161.75562,1271.2019,1567.47412,1262.53,2017,1221,2252,1329,1410,1209,1660,1319
013_14,HP_013,14,013_14.png,013_14.png,-0.93498,4.4426,-0.90611,-1.7521,5.0049,41.1605,0.0,11.0,0.0,2133.814,1280.364,1533.74084,1271.4801,2131.14331,1273.13184,1536.188,1264.73389,2017,1224,2252,1331,1410,1215,1656,1322
013_15,HP_013,15,013_15.png,013_15.png,-0.93498,4.4426,-0.90611,-1.7521,5.0049,41.1605,-11.0,11.0,0.0,2096.90015,1278.51965,1495.11719,1269.81,2100.24316,1271.59351,1503.84814,1263.34875,2017,1223,2252,1327,1410,1215,1656,1324
014_01,HP_014,1,014_01.png,014_01.png,8.5996,0.69262,-1.6157,0.81606,6.746,40.0597,11.0,-11.0,0.0,2360.61768,1225.31421,1751.889,1203.49231,2351.724,1230.51318,1748.20007,1209.49487,2205,1171,2446,1316,1589,1154,1841,1297
014_02,HP_014,2,014_02.png,014_02.png,8.5996,0.69262,-1.6157,0.81606,6.746,40.0597,0.0,-11.0,0.0,2322.90771,1223.52,1714.21973,1201.763,2320.14648,1229.02148,1716.66772,1208.05286,2205,1171,2446,1316,1589,1152,1838,1297
014_03,HP_014,3,014_03.png,014_03.png,8.5996,0.69262,-1.6157,0.81606,6.746,40.0597,-11.0,-11.0,0.0,2286.25269,1225.71973,1676.77686,1204.17554,2289.46484,1230.85571,1685.30737,1210.05811,2205,1172,2446,1316,1589,1151,1838,1297
014_04,HP_014,4,014_04.png,014_04.png,8.5996,0.69262,-1.6157,0.81606,6.746,40.0597,-11.0,-5.5,0.0,2284.68848,1243.31738,1674.89209,1221.91443,2288.15942,1245.59009,1683.7417,1224.9165,2205,1183,2445,1320,1589,1162,1837,1301
014_05,HP_014,5,014_05.png,014_05.png,8.5996,0.69262,-1.6157,0.81606,6.746,40.0597,0.0,-5.5,0.0,2322.91943,1242.1897,1714.19519,1220.42529,2320.15234,1244.65015,1716.65137,1223.67871,2205,1182,2445,1320,1589,1162,1837,1300
014_06,HP_014,6,014_06.png,014_06.png,8.5996,0.69262,-1.6157,0.81606,6.746,40.0597,11.0,-5.5,0.0,2362.45142,1243.36975,1753.66016,1221.3457,2353.24731,1245.63281,1749.67688,1224.44507,2205,1183,2445,1319,1589,1163,1841,1300
014_07,HP_014,7,014_07.png,014_07.png,8.5996,0.69262,-1.6157,0.81606,6.746,40.0597,11.0,0.0,0.0,2363.28223,1263.24927,1754.53589,1240.98767,2353.938,1262.272,1750.40686,1240.88354,2204,1200,2445,1327,1589,1178,1840,1306
014_08,HP_014,8,014_08.png,014_08.png,8.5996,0.69262,-1.6157,0.81606,6.746,40.0597,0.0,0.0,0.0,2322.91968,1262.8656,1714.18066,1241.24121,2320.15063,1261.94885,1716.64111,1241.0957,2204,1200,2445,1328,1590,1179,1836,1307
014_09,HP_014,9,014_09.png,014_09.png,8.5996,0.69262,-1.6157,0.81606,6.746,40.0597,-11.0,0.0,0.0,2283.96338,1262.49414,1673.96375,1241.5061,2287.554,1261.63965,1682.971,1241.31775,2204,1200,2445,1326,1590,1181,1836,1308
014_10,HP_014,10,014_10.png,014_10.png,8.5996,0.69262,-1.6157,0.81606,6.746,40.0597,-11.0,5.5,0.0,2284.24341,1281.89111,1674.21521,1261.41992,2287.7876,1277.87378,1683.17944,1257.98718,2204,1225,2444,1334,1590,1207,1837,1318
014_11,HP_014,11,014_11.png,014_11.png,8.5996,0.69262,-1.6157,0.81606,6.746,40.0597,0.0,5.5,0.0,2322.906,1283.81873,1714.17847,1262.45483,2320.14063,1279.47974,1716.63867,1258.84338,2204,1227,2444,1338,1590,1205,1837,1316
014_12,HP_014,12,014_12.png,014_12.png,8.5996,0.69262,-1.6157,0.81606,6.746,40.0597,11.0,5.5,0.0,2362.883,1283.346,1754.31982,1260.96619,2353.608,1279.09351,1750.22693,1257.602,2204,1224,2444,1336,1590,1200,1840,1313
014_13,HP_014,13,014_13.png,014_13.png,8.5996,0.69262,-1.6157,0.81606,6.746,40.0597,11.0,11.0,0.0,2361.329,1301.90234,1753.05969,1279.67969,2352.31934,1294.6355,1749.17639,1273.2688,2203,1244,2444,1345,1590,1224,1841,1321
014_14,HP_014,14,014_14.png,014_14.png,8.5996,0.69262,-1.6157,0.81606,6.746,40.0597,0.0,11.0,0.0,2322.88013,1303.139,1714.18848,1282.10327,2320.1228,1295.65479,1716.644,1275.29028,2203,1246,2444,1347,1591,1229,1837,1326
014_15,HP_014,15,014_15.png,014_15.png,8.5996,0.69262,-1.6157,0.81606,6.746,40.0597,-11.0,11.0,0.0,2285.4812,1300.02954,1675.58691,1279.96484,2288.81982,1293.06226,1684.31787,1273.518,2203,1244,2444,1343,1591,1229,1837,1328
015_01,HP_015,1,015_01.png,015_01.png,8.3596,9.6439,4.2304,-2.6801,9.8993,41.6975,11.0,-11.0,0.0,2113.33545,1459.8103,1542.30652,1497.59375,2105.60449,1464.34033,1539.2644,1502.52258,1974,1409,2197,1549,1389,1449,1635,1594
015_02,HP_015,2,015_02.png,015_02.png,8.3596,9.6439,4.2304,-2.6801,9.8993,41.6975,0.0,-11.0,0.0,2081.71021,1457.9314,1509.24878,1495.55322,2079.10327,1462.77661,1511.58081,1500.82,1974,1408,2197,1549,1389,1447,1635,1594
015_03,HP_015,3,015_03.png,015_03.png,8.3596,9.6439,4.2304,-2.6801,9.8993,41.6975,-11.0,-11.0,0.0,2049.44458,1458.98254,1475.12122,1496.61572,2052.0813,1463.65527,1482.99365,1501.70215,1974,1411,2197,1549,1389,1448,1635,1594
015_04,HP_015,4,015_04.png,015_04.png,8.3596,9.6439,4.2304,-2.6801,9.8993,41.6975,-11.0,-5.5,0.0,2047.78174,1474.371,1473.05261,1512.53442,2050.69287,1476.54614,1481.27417,1515.03906,1974,1417,2197,1551,1389,1454,1635,1595
015_05,HP_015,5,015_05.png,015_05.png,8.3596,9.6439,4.2304,-2.6801,9.8993,41.6975,0.0,-5.5,0.0,2081.71167,1473.78,1509.20557,1511.90771,2079.1,1476.05273,1511.54883,1514.51855,1975,1416,2197,1551,1389,1453,1635,1596
015_06,HP_015,6,015_06.png,015_06.png,8.3596,9.6439,4.2304,-2.6801,9.8993,41.6975,11.0,-5.5,0.0,2114.99268,1474.90674,1544.00854,1513.116,2106.98242,1476.99072,1540.68518,1515.52612,1975,1418,2197,1552,1389,1456,1635,1597
015_07,HP_015,7,015_07.png,015_07.png,8.3596,9.6439,4.2304,-2.6801,9.8993,41.6975,11.0,0.0,0.0,2116.027,1491.66846,1545.12219,1530.366,2107.842,1491.02954,1541.61462,1529.969,1976,1433,2197,1558,1390,1468,1636,1601
015_08,HP_015,8,015_08.png,015_08.png,8.3596,9.6439,4.2304,-2.6801,9.8993,41.6975,0.0,0.0,0.0,2081.70361,1491.55273,1509.16846,1530.41541,2079.09082,1490.93115,1511.52026,1530.00964,1976,1431,2197,1557,1390,1466,1635,1600
015_09,HP_015,9,015_09.png,015_09.png,8.3596,9.6439,4.2304,-2.6801,9.8993,41.6975,-11.0,0.0,0.0,2046.71973,1491.42969,1471.66553,1530.46362,2049.8064,1490.82861,1480.12158,1530.05066,1975,1429,2197,1555,1389,1465,1635,1600
015_10,HP_015,10,015_10.png,015_10.png,8.3596,9.6439,4.2304,-2.6801,9.8993,41.6975,-11.0,5.5,0.0,2046.46289,1509.13867,1471.25269,1549.24878,2049.5918,1505.653,1479.7782,1545.77539,1975,1448,2197,1562,1390,1484,1635,1608
015_11,HP_015,11,015_11.png,015_11.png,8.3596,9.6439,4.2304,-2.6801,9.8993,41.6975,0.0,5.5,0.0,2081.684,1510.08081,1509.14087,1549.85718,2079.074,1506.43921,1511.498,1546.27832,1976,1452,2197,1564,1390,1486,1635,1608
015_12,HP_015,12,015_12.png,015_12.png,8.3596,9.6439,4.2304,-2.6801,9.8993,41.6975,11.0,5.5,0.0,2116.22046,1509.06116,1545.43762,1548.35107,2108.00342,1505.595,1541.87756,1545.02417,1976,1455,2197,1566,1390,1487,1637,1607
015_13,HP_015,13,015_13.png,015_13.png,8.3596,9.6439,4.2304,-2.6801,9.8993,41.6975,11.0,11.0,0.0,2115.51465,1525.77588,1544.88318,1565.79419,2107.41772,1519.59668,1541.41516,1559.62866,1976,1476,2197,1574,1391,1508,1637,1614
015_14,HP_015,14,015_14.png,015_14.png,8.3596,9.6439,4.2304,-2.6801,9.8993,41.6975,0.0,11.0,0.0,2081.653,1527.84973,1509.125,1568.589,2079.05,1521.31653,1511.4834,1561.9574,1976,1476,2197,1573,1391,1509,1636,1618
015_15,HP_015,15,015_15.png,015_15.png,8.3596,9.6439,4.2304,-2.6801,9.8993,41.6975,-11.0,11.0,0.0,2047.07019,1526.21252,1471.91431,1567.35034,2050.09814,1519.94958,1480.32666,1560.93213,1975,1472,2197,1570,1391,1506,1635,1617
016_01,HP_016,1,016_01.png,016_01.png,-16.9951,-13.7954,-3.083,5.069,-3.3831,38.9885,11.0,-11.0,0.0,2569.40332,672.186035,1920.678,613.74,2558.55273,678.7921,1916.08,620.8168,2375,635,2650,798,1747,580,1989,735
016_02,HP_016,2,016_02.png,016_02.png,-16.9951,-13.7954,-3.083,5.069,-3.3831,38.9885,0.0,-11.0,0.0,2520.74756,671.301147,1876.847,611.430054,2517.851,678.0642,1879.4126,618.8893,2375,633,2650,798,1747,578,1987,735
016_03,HP_016,3,016_03.png,016_03.png,-16.9951,-13.7954,-3.083,5.069,-3.3831,38.9885,-11.0,-11.0,0.0,2475.929,676.5397,1834.95764,614.877563,2480.36475,682.427,1844.33752,621.747559,2375,635,2650,799,1747,577,1987,735
016_04,HP_016,4,016_04.png,016_04.png,-16.9951,-13.7954,-3.083,5.069,-3.3831,38.9885,-11.0,-5.5,0.0,2475.28882,698.194336,1834.01733,635.592163,2479.831,700.544067,1843.55713,639.0902,2375,643,2650,801,1747,585,1986,737
016_05,HP_016,5,016_05.png,016_05.png,-16.9951,-13.7954,-3.083,5.069,-3.3831,38.9885,0.0,-5.5,0.0,2520.918,695.244263,1876.84058,633.9514,2517.9917,698.0853,1879.40942,637.731445,2375,643,2650,801,1747,587,1986,737
016_06,HP_016,6,016_06.png,016_06.png,-16.9951,-13.7954,-3.083,5.069,-3.3831,38.9885,11.0,-5.5,0.0,2570.72485,695.535156,1921.60742,635.3944,2559.65137,698.323242,1916.85437,638.9354,2375,643,2650,801,1747,587,1990,737
016_07,HP_016,7,016_07.png,016_07.png,-16.9951,-13.7954,-3.083,5.069,-3.3831,38.9885,11.0,0.0,0.0,2570.22876,720.03,1921.15356,657.9685,2559.244,718.8096,1916.47644,657.8185,2375,652,2650,804,1747,596,1989,740
016_08,HP_016,8,016_08.png,016_08.png,-16.9951,-13.7954,-3.083,5.069,-3.3831,38.9885,0.0,0.0,0.0,2521.06421,720.3734,1876.85181,657.600952,2518.11621,719.0945,1879.4176,657.511,2375,653,2650,804,1747,596,1986,740
016_09,HP_016,9,016_09.png,016_09.png,-16.9951,-13.7954,-3.083,5.069,-3.3831,38.9885,-11.0,0.0,0.0,2475.92383,720.632446,1834.41528,657.239746,2480.35938,719.314941,1843.88733,657.209,2375,655,2650,805,1747,596,1984,740
016_10,HP_016,10,016_10.png,016_10.png,-16.9951,-13.7954,-3.083,5.069,-3.3831,38.9885,-11.0,5.5,0.0,2477.74121,741.9735,1836.04675,677.876465,2481.874,737.1763,1845.24146,674.4867,2374,673,2649,811,1747,614,1984,746
016_11,HP_016,11,016_11.png,016_11.png,-16.9951,-13.7954,-3.083,5.069,-3.3831,38.9885,0.0,5.5,0.0,2521.18066,744.003052,1876.87878,679.9608,2518.21875,738.86145,1879.43628,676.219238,2374,672,2649,812,1747,613,1984,746
016_12,HP_016,12,016_12.png,016_12.png,-16.9951,-13.7954,-3.083,5.069,-3.3831,38.9885,11.0,5.5,0.0,2568.05542,743.0779,1919.43213,679.4144,2557.445,738.0963,1915.04248,675.7643,2374,670,2649,809,1747,611,1988,744
016_13,HP_016,13,016_13.png,016_13.png,-16.9951,-13.7954,-3.083,5.069,-3.3831,38.9885,11.0,11.0,0.0,2564.78247,762.803,1916.83667,698.2041,2554.73267,754.6217,1912.87891,691.501343,2374,692,2648,816,1748,631,1988,750
016_14,HP_016,14,016_14.png,016_14.png,-16.9951,-13.7954,-3.083,5.069,-3.3831,38.9885,0.0,11.0,0.0,2521.26782,764.191162,1876.91614,699.284058,2518.2998,755.77,1879.46143,692.4026,2374,695,2648,820,1748,635,1985,753
016_15,HP_016,15,016_15.png,016_15.png,-16.9951,-13.7954,-3.083,5.069,-3.3831,38.9885,-11.0,11.0,0.0,2480.39746,760.766846,1838.5354,696.0359,2484.0896,752.9197,1847.30859,689.7025,2374,695,2648,819,1748,637,1984,754
017_01,HP_017,1,017_01.png,017_01.png,-9.7919,-1.7767,3.6548,2.7323,0.59667,41.36,11.0,-11.0,0.0,2473.86743,924.6361,1868.28955,958.0714,2464.68555,930.3069,1864.38879,963.8596,2315,886,2558,1036,1708,923,1954,1073
017_02,HP_017,2,017_02.png,017_02.png,-9.7919,-1.7767,3.6548,2.7323,0.59667,41.36,0.0,-11.0,0.0,2434.719,923.830566,1829.75049,956.1575,2431.911,929.642456,1832.13342,962.261353,2315,884,2558,1035,1708,919,1953,1072
017_03,HP_017,3,017_03.png,017_03.png,-9.7919,-1.7767,3.6548,2.7323,0.59667,41.36,-11.0,-11.0,0.0,2397.56177,927.2051,1792.36157,958.5741,2400.81226,932.4569,1800.81763,964.2671,2315,887,2558,1036,1708,919,1953,1071
017_04,HP_017,4,017_04.png,017_04.png,-9.7919,-1.7767,3.6548,2.7323,0.59667,41.36,-11.0,-5.5,0.0,2396.53,945.2434,1791.03113,976.5132,2399.95117,947.5581,1799.71228,979.2915,2316,894,2558,1038,1708,927,1953,1074
017_05,HP_017,5,017_05.png,017_05.png,-9.7919,-1.7767,3.6548,2.7323,0.59667,41.36,0.0,-5.5,0.0,2434.72559,943.249,1829.721,975.337158,2431.91357,945.8943,1832.11145,978.3165,2316,891,2558,1038,1708,926,1953,1074
017_06,HP_017,6,017_06.png,017_06.png,-9.7919,-1.7767,3.6548,2.7323,0.59667,41.36,11.0,-5.5,0.0,2475.22046,943.5332,1869.57666,976.569336,2465.809,946.127563,1865.462,979.3451,2316,893,2558,1038,1708,929,1955,1074
017_07,HP_017,7,017_07.png,017_07.png,-9.7919,-1.7767,3.6548,2.7323,0.59667,41.36,11.0,0.0,0.0,2475.3938,963.778564,1869.83728,996.374756,2465.954,963.071045,1865.67944,995.918945,2317,905,2558,1041,1708,938,1955,1077
017_08,HP_017,8,017_08.png,017_08.png,-9.7919,-1.7767,3.6548,2.7323,0.59667,41.36,0.0,0.0,0.0,2434.71924,964.0669,1829.70239,996.0748,2431.9082,963.311035,1832.09631,995.6675,2317,902,2558,1041,1708,935,1953,1076
017_09,HP_017,9,017_09.png,017_09.png,-9.7919,-1.7767,3.6548,2.7323,0.59667,41.36,-11.0,0.0,0.0,2396.409,964.3109,1790.7229,995.757935,2399.84985,963.5167,1799.45581,995.403564,2317,903,2558,1040,1708,935,1953,1076
017_10,HP_017,10,017_10.png,017_10.png,-9.7919,-1.7767,3.6548,2.7323,0.59667,41.36,-11.0,5.5,0.0,2397.23657,983.008057,1791.5155,1014.75537,2400.54,979.1687,1800.11328,1011.31018,2317,919,2558,1045,1709,949,1953,1082
017_11,HP_017,11,017_11.png,017_11.png,-9.7919,-1.7767,3.6548,2.7323,0.59667,41.36,0.0,5.5,0.0,2434.7002,984.4231,1829.69617,1016.50513,2431.895,980.345337,1832.08923,1012.76392,2317,921,2558,1047,1709,951,1953,1081
017_12,HP_017,12,017_12.png,017_12.png,-9.7919,-1.7767,3.6548,2.7323,0.59667,41.36,11.0,5.5,0.0,2474.32349,983.589355,1868.99866,1015.90149,2465.067,979.6544,1864.98059,1012.26172,2317,924,2558,1048,1709,953,1956,1082
017_13,HP_017,13,017_13.png,017_13.png,-9.7919,-1.7767,3.6548,2.7323,0.59667,41.36,11.0,11.0,0.0,2472.25513,1001.36084,1867.23828,1033.66809,2463.35083,994.5421,1863.513,1027.14075,2317,947,2557,1056,1709,973,1956,1087
017_14,HP_017,14,017_14.png,017_14.png,-9.7919,-1.7767,3.6548,2.7323,0.59667,41.36,0.0,11.0,0.0,2434.67065,1002.64575,1829.70081,1034.89612,2431.87549,995.606567,1832.08911,1028.165,2317,945,2557,1055,1709,972,1953,1089
017_15,HP_017,15,017_15.png,017_15.png,-9.7919,-1.7767,3.6548,2.7323,0.59667,41.36,-11.0,11.0,0.0,2398.855,1000.058,1793.23047,1032.05,2401.89014,993.4507,1801.5376,1025.79993,2317,939,2557,1052,1709,968,1953,1089
018_01,HP_018,1,018_01.png,018_01.png,-1.2287,-10.3639,2.1005,3.0742,3.2176,42.0951,11.0,-11.0,0.0,2354.404,1040.90625,1776.18335,1057.56506,2345.76465,1046.017,1772.91406,1062.842,2187,996,2437,1139,1623,1017,1848,1157
018_02,HP_018,2,018_02.png,018_02.png,-1.2287,-10.3639,2.1005,3.0742,3.2176,42.0951,0.0,-11.0,0.0,2317.77344,1039.47473,1742.1062,1055.95593,2315.0896,1044.82861,1744.38208,1061.49866,2186,993,2437,1139,1623,1014,1845,1156
018_03,HP_018,3,018_03.png,018_03.png,-1.2287,-10.3639,2.1005,3.0742,3.2176,42.0951,-11.0,-11.0,0.0,2282.18262,1041.85535,1708.37964,1057.80811,2285.29736,1046.81458,1716.1283,1063.03748,2187,994,2437,1139,1623,1014,1845,1156
018_04,HP_018,4,018_04.png,018_04.png,-1.2287,-10.3639,2.1005,3.0742,3.2176,42.0951,-11.0,-5.5,0.0,2281.10425,1058.85144,1707.11829,1074.17847,2284.39722,1061.04529,1715.08008,1076.75171,2187,1002,2437,1141,1623,1020,1845,1158
018_05,HP_018,5,018_05.png,018_05.png,-1.2287,-10.3639,2.1005,3.0742,3.2176,42.0951,0.0,-5.5,0.0,2317.86353,1057.52344,1742.10913,1073.17993,2315.162,1059.93738,1744.38733,1075.92212,2187,1001,2437,1141,1623,1020,1845,1158
018_06,HP_018,6,018_06.png,018_06.png,-1.2287,-10.3639,2.1005,3.0742,3.2176,42.0951,11.0,-5.5,0.0,2355.84863,1058.31934,1777.4071,1074.11707,2346.96558,1060.59863,1773.9353,1076.70422,2187,1004,2437,1142,1623,1024,1848,1159
018_07,HP_018,7,018_07.png,018_07.png,-1.2287,-10.3639,2.1005,3.0742,3.2176,42.0951,11.0,0.0,0.0,2356.30347,1077.07,1777.83655,1091.8916,2347.34448,1076.295,1774.2937,1091.58423,2188,1019,2436,1146,1623,1034,1849,1162
018_08,HP_018,8,018_08.png,018_08.png,-1.2287,-10.3639,2.1005,3.0742,3.2176,42.0951,0.0,0.0,0.0,2317.94238,1077.037,1742.12268,1091.858,2315.22754,1076.266,1744.39941,1091.55591,2188,1016,2436,1147,1623,1032,1845,1162
018_09,HP_018,9,018_09.png,018_09.png,-1.2287,-10.3639,2.1005,3.0742,3.2176,42.0951,-11.0,0.0,0.0,2280.85254,1076.99548,1706.6969,1091.81921,2284.18726,1076.23242,1714.73,1091.524,2188,1016,2436,1145,1623,1031,1845,1162
018_10,HP_018,10,018_10.png,018_10.png,-1.2287,-10.3639,2.1005,3.0742,3.2176,42.0951,-11.0,5.5,0.0,2281.50317,1095.00171,1707.21643,1109.42822,2284.72974,1091.306,1715.16125,1106.27051,2189,1034,2436,1153,1624,1048,1845,1169
018_11,HP_018,11,018_11.png,018_11.png,-1.2287,-10.3639,2.1005,3.0742,3.2176,42.0951,0.0,5.5,0.0,2318.00537,1096.38123,1742.147,1110.50269,2315.28223,1092.45508,1744.41882,1107.16223,2188,1038,2436,1155,1624,1049,1846,1168
018_12,HP_018,12,018_12.png,018_12.png,-1.2287,-10.3639,2.1005,3.0742,3.2176,42.0951,11.0,5.5,0.0,2355.65723,1095.64648,1777.3811,1109.63281,2346.80957,1091.8479,1773.914,1106.437,2188,1039,2436,1153,1624,1050,1850,1168
018_13,HP_018,13,018_13.png,018_13.png,-1.2287,-10.3639,2.1005,3.0742,3.2176,42.0951,11.0,11.0,0.0,2354.06079,1112.5835,1776.13318,1126.0885,2345.4856,1106.037,1772.87317,1120.22021,2188,1062,2435,1161,1625,1070,1850,1174
018_14,HP_018,14,018_14.png,018_14.png,-1.2287,-10.3639,2.1005,3.0742,3.2176,42.0951,0.0,11.0,0.0,2318.05127,1113.9679,1742.18042,1127.62878,2315.325,1107.18311,1744.44348,1121.50574,2188,1062,2435,1164,1625,1072,1846,1174
018_15,HP_018,15,018_15.png,018_15.png,-1.2287,-10.3639,2.1005,3.0742,3.2176,42.0951,-11.0,11.0,0.0,2282.94482,1111.61658,1708.57166,1125.70679,2285.93286,1105.22253,1716.28711,1119.90942,2188,1058,2436,1161,1625,1069,1846,1177
019_01,HP_019,1,019_01.png,019_01.png,9.7467,-2.1584,-0.12337,2.7555,7.8622,41.9014,11.0,-11.0,0.0,2449.11279,1289.42944,1874.40759,1286.51,2440.96533,1294.1189,1871.22827,1291.77075,2300,1236,2534,1375,1723,1237,1960,1375
019_02,HP_019,2,019_02.png,019_02.png,9.7467,-2.1584,-0.12337,2.7555,7.8622,41.9014,0.0,-11.0,0.0,2415.201,1288.32764,1840.88074,1285.5885,2412.56226,1293.20264,1843.153,1291.001,2300,1236,2534,1375,1723,1236,1957,1375
019_03,HP_019,3,019_03.png,019_03.png,9.7467,-2.1584,-0.12337,2.7555,7.8622,41.9014,-11.0,-11.0,0.0,2382.76416,1290.33679,1808.31238,1287.85315,2385.40161,1294.87866,1815.86353,1292.88525,2300,1237,2534,1375,1723,1235,1957,1375
019_04,HP_019,4,019_04.png,019_04.png,9.7467,-2.1584,-0.12337,2.7555,7.8622,41.9014,-11.0,-5.5,0.0,2381.4458,1305.90515,1806.76453,1303.342,2384.30054,1307.9187,1814.57654,1305.86426,2300,1247,2533,1379,1723,1245,1957,1378
019_05,HP_019,5,019_05.png,019_05.png,9.7467,-2.1584,-0.12337,2.7555,7.8622,41.9014,0.0,-5.5,0.0,2415.22,1304.87646,1840.85889,1301.95947,2412.57446,1307.06079,1843.13818,1304.71362,2300,1247,2533,1379,1723,1245,1957,1378
019_06,HP_019,6,019_06.png,019_06.png,9.7467,-2.1584,-0.12337,2.7555,7.8622,41.9014,11.0,-5.5,0.0,2450.75122,1305.63757,1875.97632,1302.41919,2442.327,1307.695,1872.53735,1305.09692,2300,1247,2533,1379,1723,1246,1960,1378
019_07,HP_019,7,019_07.png,019_07.png,9.7467,-2.1584,-0.12337,2.7555,7.8622,41.9014,11.0,0.0,0.0,2451.59351,1323.46338,1876.84,1319.91406,2443.02734,1322.61914,1873.25781,1319.74365,2300,1264,2533,1385,1723,1260,1960,1383
019_08,HP_019,8,019_08.png,019_08.png,9.7467,-2.1584,-0.12337,2.7555,7.8622,41.9014,0.0,0.0,0.0,2415.23071,1323.127,1840.84424,1320.13257,2412.582,1322.3363,1843.12769,1319.92651,2300,1263,2533,1386,1723,1260,1957,1383
019_09,HP_019,9,019_09.png,019_09.png,9.7467,-2.1584,-0.12337,2.7555,7.8622,41.9014,-11.0,0.0,0.0,2380.76855,1322.81055,1805.91846,1320.35254,2383.735,1322.07275,1813.87329,1320.11108,2300,1262,2533,1384,1723,1261,1957,1385
019_10,HP_019,10,019_10.png,019_10.png,9.7467,-2.1584,-0.12337,2.7555,7.8622,41.9014,-11.0,5.5,0.0,2380.86841,1340.011,1805.9502,1337.75452,2383.81836,1336.47351,1813.89941,1334.68457,2300,1284,2533,1391,1723,1282,1957,1393
019_11,HP_019,11,019_11.png,019_11.png,9.7467,-2.1584,-0.12337,2.7555,7.8622,41.9014,0.0,5.5,0.0,2415.2312,1341.75317,1840.83875,1338.791,2412.58276,1337.92554,1843.123,1335.54346,2300,1287,2533,1395,1723,1282,1957,1392
019_12,HP_019,12,019_12.png,019_12.png,9.7467,-2.1584,-0.12337,2.7555,7.8622,41.9014,11.0,5.5,0.0,2451.43823,1341.62183,1876.822,1337.84009,2442.89966,1337.82153,1873.24292,1334.74939,2300,1286,2533,1394,1723,1279,1961,1390
019_13,HP_019,13,019_13.png,019_13.png,9.7467,-2.1584,-0.12337,2.7555,7.8622,41.9014,11.0,11.0,0.0,2450.30542,1358.64844,1875.92285,1354.86548,2441.96,1352.08325,1872.49292,1349.00574,2299,1305,2532,1402,1724,1300,1961,1397
019_14,HP_019,14,019_14.png,019_14.png,9.7467,-2.1584,-0.12337,2.7555,7.8622,41.9014,0.0,11.0,0.0,2415.22119,1359.23486,1840.84265,1356.39368,2412.57764,1352.56384,1843.12415,1350.28223,2299,1306,2532,1403,1724,1303,1958,1400
019_15,HP_019,15,019_15.png,019_15.png,9.7467,-2.1584,-0.12337,2.7555,7.8622,41.9014,-11.0,11.0,0.0,2381.73584,1356.33789,1806.85608,1354.24878,2384.542,1350.148,1814.65161,1348.5022,2299,1303,2532,1399,1724,1302,1958,1402
020_01,HP_020,1,020_01.png,020_01.png,17.5233,-14.2905,-4.6851,5.6407,11.3181,40.5234,11.0,-11.0,0.0,2575.94214,1493.96826,1994.84546,1467.22607,2567.55225,1498.59937,1991.81787,1472.53735,2411,1436,2661,1575,1844,1415,2070,1548
020_02,HP_020,2,020_02.png,020_02.png,17.5233,-14.2905,-4.6851,5.6407,11.3181,40.5234,0.0,-11.0,0.0,2540.914,1493.04053,1962.3136,1466.95459,2538.21851,1497.82715,1964.57019,1472.31,2411,1436,2661,1575,1844,1415,2066,1548
020_03,HP_020,3,020_03.png,020_03.png,17.5233,-14.2905,-4.6851,5.6407,11.3181,40.5234,-11.0,-11.0,0.0,2508.109,1495.18652,1931.374,1469.5249,2510.74951,1499.6167,1938.63831,1474.45093,2411,1438,2661,1576,1844,1415,2066,1549
020_04,HP_020,4,020_04.png,020_04.png,17.5233,-14.2905,-4.6851,5.6407,11.3181,40.5234,-11.0,-5.5,0.0,2506.58325,1510.67383,1929.7218,1484.29053,2509.47559,1512.58911,1937.26416,1486.82764,2411,1450,2661,1580,1844,1427,2065,1553
020_05,HP_020,5,020_05.png,020_05.png,17.5233,-14.2905,-4.6851,5.6407,11.3181,40.5234,0.0,-5.5,0.0,2540.999,1509.625,1962.29761,1482.63086,2538.2854,1511.715,1964.56055,1485.445,2411,1449,2661,1580,1844,1425,2065,1552
020_06,HP_020,6,020_06.png,020_06.png,17.5233,-14.2905,-4.6851,5.6407,11.3181,40.5234,11.0,-5.5,0.0,2578.08374,1510.40735,1996.66309,1482.64209,2569.332,1512.36792,1993.33472,1485.454,2411,1447,2661,1579,1844,1424,2069,1551
020_07,HP_020,7,020_07.png,020_07.png,17.5233,-14.2905,-4.6851,5.6407,11.3181,40.5234,11.0,0.0,0.0,2579.48438,1528.87537,1997.87524,1499.90417,2570.496,1527.82666,1994.34583,1499.90771,2411,1464,2661,1586,1844,1439,2069,1557
020_08,HP_020,8,020_08.png,020_08.png,17.5233,-14.2905,-4.6851,5.6407,11.3181,40.5234,0.0,0.0,0.0,2541.081,1528.27881,1962.288,1500.3103,2538.351,1527.32629,1964.5553,1500.2478,2411,1468,2660,1588,1844,1442,2065,1558
020_09,HP_020,9,020_09.png,020_09.png,17.5233,-14.2905,-4.6851,5.6407,11.3181,40.5234,-11.0,0.0,0.0,2505.6377,1527.74792,1928.64355,1500.70374,2508.686,1526.884,1936.3678,1500.57739,2411,1468,2660,1588,1844,1444,2065,1560
020_10,HP_020,10,020_10.png,020_10.png,17.5233,-14.2905,-4.6851,5.6407,11.3181,40.5234,-11.0,5.5,0.0,2505.45654,1545.4425,1928.345,1517.8064,2508.535,1541.69653,1936.11963,1514.90186,2410,1492,2660,1597,1845,1468,2066,1569
020_11,HP_020,11,020_11.png,020_11.png,17.5233,-14.2905,-4.6851,5.6407,11.3181,40.5234,0.0,5.5,0.0,2541.15381,1547.74951,1962.288,1518.862,2538.41162,1543.61841,1964.55591,1515.77637,2410,1492,2660,1598,1845,1466,2066,1566
020_12,HP_020,12,020_12.png,020_12.png,17.5233,-14.2905,-4.6851,5.6407,11.3181,40.5234,11.0,5.5,0.0,2579.83228,1548.10864,1998.24927,1517.97681,2570.78662,1543.92371,1994.65784,1515.03589,2410,1489,2660,1595,1845,1459,2070,1564
020_13,HP_020,13,020_13.png,020_13.png,17.5233,-14.2905,-4.6851,5.6407,11.3181,40.5234,11.0,11.0,0.0,2579.036,1566.45483,1997.70471,1535.5061,2570.12817,1559.28467,1994.20374,1529.71191,2410,1505,2659,1602,1845,1479,2070,1571
020_14,HP_020,14,020_14.png,020_14.png,17.5233,-14.2905,-4.6851,5.6407,11.3181,40.5234,0.0,11.0,0.0,2541.21362,1566.39038,1962.29785,1536.78149,2538.464,1559.22192,1964.56287,1530.779,2410,1506,2659,1606,1845,1485,2066,1574
020_15,HP_020,15,020_15.png,020_15.png,17.5233,-14.2905,-4.6851,5.6407,11.3181,40.5234,-11.0,11.0,0.0,2506.09448,1562.54736,1928.8927,1534.37012,2509.06714,1556.0188,1936.57471,1528.77759,2410,1505,2659,1605,1845,1485,2066,1577
021_01,HP_021,1,021_01.png,021_01.png,-8.0183,-17.1084,3.5258,12.4474,-1.7833,41.3414,11.0,-11.0,0.0,3126.434,694.01355,2500.74585,724.411,3116.65552,700.032,2496.85,730.2803,2955,650,3216,800,2343,685,2583,829
021_02,HP_021,2,021_02.png,021_02.png,-8.0183,-17.1084,3.5258,12.4474,-1.7833,41.3414,0.0,-11.0,0.0,3084.85742,695.981445,2462.47388,725.5366,3081.87329,701.6738,2464.814,731.2129,2954,649,3216,800,2343,683,2579,829
021_03,HP_021,3,021_03.png,021_03.png,-8.0183,-17.1084,3.5258,12.4474,-1.7833,41.3414,-11.0,-11.0,0.0,3050.203,700.9154,2429.83887,729.8867,3052.866,705.785767,2437.45679,734.8336,2955,652,3216,800,2343,685,2579,829
021_04,HP_021,4,021_04.png,021_04.png,-8.0183,-17.1084,3.5258,12.4474,-1.7833,41.3414,-11.0,-5.5,0.0,3049.763,717.938354,2429.259,745.9137,3052.49829,720.0404,2436.97461,748.2644,2955,659,3216,802,2343,690,2579,831
021_05,HP_021,5,021_05.png,021_05.png,-8.0183,-17.1084,3.5258,12.4474,-1.7833,41.3414,0.0,-5.5,0.0,3084.885,715.3397,2462.46338,743.6489,3081.89478,717.8734,2464.80664,746.37915,2955,657,3216,802,2343,689,2579,831
021_06,HP_021,6,021_06.png,021_06.png,-8.0183,-17.1084,3.5258,12.4474,-1.7833,41.3414,11.0,-5.5,0.0,3127.37354,714.279053,2501.591,743.0973,3117.436,716.988647,2497.555,745.9221,2955,658,3216,802,2343,691,2583,831
021_07,HP_021,7,021_07.png,021_07.png,-8.0183,-17.1084,3.5258,12.4474,-1.7833,41.3414,11.0,0.0,0.0,3126.94556,735.448853,2501.32837,762.637451,3117.08276,734.6986,2497.33643,762.274658,2956,675,3215,807,2343,703,2582,835
021_08,HP_021,8,021_08.png,021_08.png,-8.0183,-17.1084,3.5258,12.4474,-1.7833,41.3414,0.0,0.0,0.0,3084.90015,735.439331,2462.463,762.5735,3081.90869,734.6913,2464.80518,762.2217,2956,672,3215,807,2343,700,2580,834
021_09,HP_021,9,021_09.png,021_09.png,-8.0183,-17.1084,3.5258,12.4474,-1.7833,41.3414,-11.0,0.0,0.0,3050.041,735.421631,2429.42334,762.5123,3052.73,734.6792,2437.11084,762.172,2956,672,3215,806,2343,700,2580,834
021_10,HP_021,10,021_10.png,021_10.png,-8.0183,-17.1084,3.5258,12.4474,-1.7833,41.3414,-11.0,5.5,0.0,3051.00049,752.2958,2430.3042,778.5906,3053.531,748.811646,2437.84277,775.6465,2955,689,3215,811,2343,715,2580,840
021_11,HP_021,11,021_11.png,021_11.png,-8.0183,-17.1084,3.5258,12.4474,-1.7833,41.3414,0.0,5.5,0.0,3084.903,754.635254,2462.471,780.7594,3081.915,750.7588,2464.80957,777.450439,2955,693,3215,815,2343,718,2580,840
021_12,HP_021,12,021_12.png,021_12.png,-8.0183,-17.1084,3.5258,12.4474,-1.7833,41.3414,11.0,5.5,0.0,3125.24731,755.5454,2500.01318,781.383057,3115.67554,751.517944,2496.24,777.967163,2955,698,3215,816,2343,721,2584,840
021_13,HP_021,13,021_13.png,021_13.png,-8.0183,-17.1084,3.5258,12.4474,-1.7833,41.3414,11.0,11.0,0.0,3122.67236,773.0785,2497.92676,798.026367,3113.54,766.2052,2494.49976,791.910645,2955,722,3214,824,2344,741,2584,847
021_14,HP_021,14,021_14.png,021_14.png,-8.0183,-17.1084,3.5258,12.4474,-1.7833,41.3414,0.0,11.0,0.0,3084.89648,771.642944,2462.486,796.9673,3081.91479,765.0062,2464.818,791.032349,2955,717,3214,823,2344,739,2580,847
021_15,HP_021,15,021_15.png,021_15.png,-8.0183,-17.1084,3.5258,12.4474,-1.7833,41.3414,-11.0,11.0,0.0,3052.49487,767.675049,2431.747,793.237549,3054.78,761.6991,2439.04346,787.9276,2955,709,3215,819,2344,733,2580,847
022_01,HP_022,1,022_01.png,022_01.png,-2.3419,-25.6391,-2.6957,11.7813,1.8755,40.0406,11.0,-11.0,0.0,2981.82422,925.8345,2364.72266,901.5836,2971.82227,931.728638,2360.97119,907.6526,2792,878,3067,1028,2206,859,2430,999
022_02,HP_022,2,022_02.png,022_02.png,-2.3419,-25.6391,-2.6957,11.7813,1.8755,40.0406,0.0,-11.0,0.0,2938.51123,926.8894,2327.28076,902.272339,2935.58813,932.609741,2329.627,908.222168,2792,876,3067,1028,2206,859,2427,999
022_03,HP_022,3,022_03.png,022_03.png,-2.3419,-25.6391,-2.6957,11.7813,1.8755,40.0406,-11.0,-11.0,0.0,2901.493,931.6185,2294.40161,906.3279,2904.60718,936.5502,2302.068,911.5968,2792,879,3067,1029,2206,858,2426,999
022_04,HP_022,4,022_04.png,022_04.png,-2.3419,-25.6391,-2.6957,11.7813,1.8755,40.0406,-11.0,-5.5,0.0,2900.72144,949.4088,2293.479,922.5231,2903.963,951.444458,2301.30078,925.168945,2792,888,3067,1032,2206,867,2425,1002
022_05,HP_022,5,022_05.png,022_05.png,-2.3419,-25.6391,-2.6957,11.7813,1.8755,40.0406,0.0,-5.5,0.0,2938.67676,946.8993,2327.274,920.2865,2935.72388,949.3528,2329.62354,923.308,2792,886,3067,1031,2206,866,2427,1001
022_06,HP_022,6,022_06.png,022_06.png,-2.3419,-25.6391,-2.6957,11.7813,1.8755,40.0406,11.0,-5.5,0.0,2983.588,946.400146,2365.99243,919.8889,2973.28735,948.936157,2362.02979,922.97876,2792,886,3067,1031,2206,866,2430,1001
022_07,HP_022,7,022_07.png,022_07.png,-2.3419,-25.6391,-2.6957,11.7813,1.8755,40.0406,11.0,0.0,0.0,2983.91138,968.511841,2366.21387,939.4801,2973.55859,967.4309,2362.21436,939.3745,2791,901,3066,1036,2206,878,2428,1005
022_08,HP_022,8,022_08.png,022_08.png,-2.3419,-25.6391,-2.6957,11.7813,1.8755,40.0406,0.0,0.0,0.0,2938.82715,968.2865,2327.28,939.567139,2935.84985,967.2428,2329.62915,939.447754,2791,903,3066,1038,2206,879,2426,1006
022_09,HP_022,9,022_09.png,022_09.png,-2.3419,-25.6391,-2.6957,11.7813,1.8755,40.0406,-11.0,0.0,0.0,2900.766,968.0963,2293.332,939.641846,2904.00049,967.0873,2301.17871,939.510742,2791,903,3066,1038,2206,880,2425,1007
022_10,HP_022,10,022_10.png,022_10.png,-2.3419,-25.6391,-2.6957,11.7813,1.8755,40.0406,-11.0,5.5,0.0,2901.65356,986.4343,2293.992,956.512451,2904.74121,982.440552,2301.72729,953.646,2791,924,3065,1046,2206,898,2425,1014
022_11,HP_022,11,022_11.png,022_11.png,-2.3419,-25.6391,-2.6957,11.7813,1.8755,40.0406,0.0,5.5,0.0,2938.95557,989.158569,2327.29932,958.509155,2935.96021,984.706543,2329.64355,955.3058,2791,926,3065,1047,2206,898,2427,1012
022_12,HP_022,12,022_12.png,022_12.png,-2.3419,-25.6391,-2.6957,11.7813,1.8755,40.0406,11.0,5.5,0.0,2982.70581,990.011963,2365.3335,958.7273,2972.56226,985.4198,2361.48071,955.484741,2791,924,3065,1044,2206,896,2429,1011
022_13,HP_022,13,022_13.png,022_13.png,-2.3419,-25.6391,-2.6957,11.7813,1.8755,40.0406,11.0,11.0,0.0,2980.30371,1009.00305,2363.55347,976.152832,2970.57275,1001.32385,2359.99658,970.079346,2791,947,3065,1052,2207,918,2430,1018
022_14,HP_022,14,022_14.png,022_14.png,-2.3419,-25.6391,-2.6957,11.7813,1.8755,40.0406,0.0,11.0,0.0,2939.05859,1007.822,2327.329,975.657959,2936.052,1000.33508,2329.66479,969.671753,2791,948,3065,1056,2207,922,2427,1019
022_15,HP_022,15,022_15.png,022_15.png,-2.3419,-25.6391,-2.6957,11.7813,1.8755,40.0406,-11.0,11.0,0.0,2903.249,1003.27783,2295.33423,972.0554,2906.07324,996.5502,2302.84326,966.6747,2791,945,3065,1055,2207,921,2426,1021
023_01,HP_023,1,023_01.png,023_01.png,-3.5092,-19.1174,1.1369,9.2692,4.1332,37.5976,11.0,-11.0,0.0,2925.35425,1172.22217,2239.759,1162.19507,2913.922,1179.2334,2235.16577,1169.1355,2725,1133,3016,1298,2065,1129,2313,1283
023_02,HP_023,2,023_02.png,023_02.png,-3.5092,-19.1174,1.1369,9.2692,4.1332,37.5976,0.0,-11.0,0.0,2875.50562,1173.16431,2195.71167,1161.77881,2872.231,1180.02393,2198.30835,1168.78223,2725,1131,3016,1298,2065,1126,2310,1282
023_03,HP_023,3,023_03.png,023_03.png,-3.5092,-19.1174,1.1369,9.2692,4.1332,37.5976,-11.0,-11.0,0.0,2832.22339,1179.10425,2156.23169,1166.20532,2836.02319,1184.9718,2165.23145,1172.45947,2725,1136,3016,1299,2065,1125,2310,1283
023_04,HP_023,4,023_04.png,023_04.png,-3.5092,-19.1174,1.1369,9.2692,4.1332,37.5976,-11.0,-5.5,0.0,2830.53345,1199.596,2154.35449,1185.164,2834.61353,1202.12207,2163.67188,1188.34253,2725,1142,3016,1301,2065,1132,2309,1285
023_05,HP_023,5,023_05.png,023_05.png,-3.5092,-19.1174,1.1369,9.2692,4.1332,37.5976,0.0,-5.5,0.0,2875.62549,1196.04993,2195.703,1182.74255,2872.32568,1199.168,2198.306,1186.33228,2725,1140,3016,1301,2065,1133,2309,1284
023_06,HP_023,6,023_06.png,023_06.png,-3.5092,-19.1174,1.1369,9.2692,4.1332,37.5976,11.0,-5.5,0.0,2928.50879,1195.33032,2242.18335,1183.16089,2916.53735,1198.56543,2237.18481,1186.68445,2725,1142,3016,1301,2065,1135,2314,1285
023_07,HP_023,7,023_07.png,023_07.png,-3.5092,-19.1174,1.1369,9.2692,4.1332,37.5976,11.0,0.0,0.0,2929.9292,1221.4397,2243.309,1206.55957,2917.716,1220.39233,2238.122,1206.25537,2726,1156,3016,1305,2065,1146,2313,1288
023_08,HP_023,8,023_08.png,023_08.png,-3.5092,-19.1174,1.1369,9.2692,4.1332,37.5976,0.0,0.0,0.0,2875.73071,1221.68921,2195.70874,1206.27112,2872.41113,1220.60083,2198.313,1206.01428,2726,1155,3016,1305,2065,1144,2309,1288
023_09,HP_023,9,023_09.png,023_09.png,-3.5092,-19.1174,1.1369,9.2692,4.1332,37.5976,-11.0,0.0,0.0,2829.89282,1221.85889,2153.51,1206.00391,2834.079,1220.74731,2162.9707,1205.79187,2726,1155,3016,1305,2065,1144,2309,1288
023_10,HP_023,10,023_10.png,023_10.png,-3.5092,-19.1174,1.1369,9.2692,4.1332,37.5976,-11.0,5.5,0.0,2830.47729,1244.22217,2153.908,1227.08252,2834.566,1239.458,2163.30054,1223.44019,2726,1175,3015,1312,2066,1162,2309,1295
023_11,HP_023,11,023_11.png,023_11.png,-3.5092,-19.1174,1.1369,9.2692,4.1332,37.5976,0.0,5.5,0.0,2875.8125,1247.52783,2195.732,1230.12939,2872.48169,1242.20178,2198.3313,1225.9707,2726,1178,3015,1315,2066,1164,2310,1294
023_12,HP_023,12,023_12.png,023_12.png,-3.5092,-19.1174,1.1369,9.2692,4.1332,37.5976,11.0,5.5,0.0,2929.14136,1247.75977,2242.827,1230.25659,2917.067,1242.39734,2237.72144,1226.07471,2726,1180,3015,1312,2066,1165,2314,1294
023_13,HP_023,13,023_13.png,023_13.png,-3.5092,-19.1174,1.1369,9.2692,4.1332,37.5976,11.0,11.0,0.0,2926.391,1271.28687,2240.86816,1251.9408,2914.792,1262.08569,2236.09058,1244.22278,2726,1209,3014,1323,2067,1190,2315,1301
023_14,HP_023,14,023_14.png,023_14.png,-3.5092,-19.1174,1.1369,9.2692,4.1332,37.5976,0.0,11.0,0.0,2875.86768,1270.82739,2195.76953,1251.88159,2872.53442,1261.697,2198.359,1244.17822,2726,1207,3014,1326,2067,1191,2310,1301
023_15,HP_023,15,023_15.png,023_15.png,-3.5092,-19.1174,1.1369,9.2692,4.1332,37.5976,-11.0,11.0,0.0,2832.188,1264.93262,2155.45874,1246.63586,2835.99243,1256.79565,2164.58813,1239.81982,2726,1202,3015,1321,2067,1187,2310,1304
024_01,HP_024,1,024_01.png,024_01.png,5.247,-13.0924,1.8618,8.6753,8.164,42.2772,11.0,-11.0,0.0,2789.78857,1376.00293,2209.42188,1388.76379,2781.39917,1380.8313,2206.347,1393.76782,2630,1330,2877,1473,2061,1347,2289,1486
024_02,HP_024,2,024_02.png,024_02.png,5.247,-13.0924,1.8618,8.6753,8.164,42.2772,0.0,-11.0,0.0,2755.10547,1376.33057,2176.89575,1388.77661,2752.357,1381.10718,2179.10425,1393.77539,2629,1328,2877,1473,2061,1345,2286,1486
024_03,HP_024,3,024_03.png,024_03.png,5.247,-13.0924,1.8618,8.6753,8.164,42.2772,-11.0,-11.0,0.0,2723.801,1379.32434,2147.15,1391.43726,2726.14233,1383.60522,2154.168,1395.99048,2630,1331,2877,1473,2061,1345,2286,1486
024_04,HP_024,4,024_04.png,024_04.png,5.247,-13.0924,1.8618,8.6753,8.164,42.2772,-11.0,-5.5,0.0,2722.56226,1394.239,2145.779,1405.65747,2725.10742,1396.09937,2153.02759,1407.911,2630,1338,2877,1475,2061,1351,2286,1487
024_05,HP_024,5,024_05.png,024_05.png,5.247,-13.0924,1.8618,8.6753,8.164,42.2772,0.0,-5.5,0.0,2755.15234,1392.518,2176.88281,1404.15967,2752.39233,1394.66333,2179.097,1406.66431,2630,1336,2877,1475,2061,1351,2286,1487
024_06,HP_024,6,024_06.png,024_06.png,5.247,-13.0924,1.8618,8.6753,8.164,42.2772,11.0,-5.5,0.0,2791.71069,1392.31152,2211.11035,1404.19629,2782.99585,1394.48987,2207.756,1406.69653,2630,1337,2877,1475,2061,1353,2289,1488
024_07,HP_024,7,024_07.png,024_07.png,5.247,-13.0924,1.8618,8.6753,8.164,42.2772,11.0,0.0,0.0,2792.84717,1410.4812,2212.14844,1421.33032,2783.9397,1409.69873,2208.62231,1421.04211,2632,1351,2877,1479,2062,1364,2289,1491
024_08,HP_024,8,024_08.png,024_08.png,5.247,-13.0924,1.8618,8.6753,8.164,42.2772,0.0,0.0,0.0,2755.19263,1410.45581,2176.87622,1421.28552,2752.424,1409.67725,2179.09326,1421.00488,2632,1350,2877,1480,2061,1361,2287,1491
024_09,HP_024,9,024_09.png,024_09.png,5.247,-13.0924,1.8618,8.6753,8.164,42.2772,-11.0,0.0,0.0,2721.87158,1410.42407,2144.95654,1421.23975,2724.53052,1409.653,2152.343,1420.96753,2632,1349,2877,1479,2061,1361,2286,1491
024_10,HP_024,10,024_10.png,024_10.png,5.247,-13.0924,1.8618,8.6753,8.164,42.2772,-11.0,5.5,0.0,2721.85522,1426.98877,2144.8335,1437.29382,2724.5166,1423.52319,2152.24048,1434.41736,2632,1366,2877,1485,2062,1376,2287,1497
024_11,HP_024,11,024_11.png,024_11.png,5.247,-13.0924,1.8618,8.6753,8.164,42.2772,0.0,5.5,0.0,2755.223,1428.93262,2176.87744,1439.03516,2752.44971,1425.14087,2179.09473,1435.865,2632,1369,2877,1487,2062,1378,2287,1496
024_12,HP_024,12,024_12.png,024_12.png,5.247,-13.0924,1.8618,8.6753,8.164,42.2772,11.0,5.5,0.0,2792.935,1429.21716,2212.326,1439.07361,2784.01416,1425.38025,2208.77026,1435.89526,2632,1371,2877,1487,2062,1380,2291,1496
024_13,HP_024,13,024_13.png,024_13.png,5.247,-13.0924,1.8618,8.6753,8.164,42.2772,11.0,11.0,0.0,2791.945,1446.93921,2211.59937,1456.07935,2783.19385,1440.21924,2208.16455,1450.135,2632,1395,2876,1496,2063,1401,2291,1503
024_14,HP_024,14,024_14.png,024_14.png,5.247,-13.0924,1.8618,8.6753,8.164,42.2772,0.0,11.0,0.0,2755.242,1446.48486,2176.88745,1456.01917,2752.468,1439.83643,2179.10132,1450.08838,2632,1393,2876,1496,2063,1401,2287,1504
024_15,HP_024,15,024_15.png,024_15.png,5.247,-13.0924,1.8618,8.6753,8.164,42.2772,-11.0,11.0,0.0,2722.52759,1442.89758,2145.43921,1452.74976,2725.07813,1436.84814,2152.74365,1447.36938,2632,1388,2876,1492,2062,1397,2287,1505
025_01,HP_025,1,025_01.png,025_01.png,9.8456,-25.6692,-0.28476,10.9147,11.2058,37.4965,11.0,-11.0,0.0,2943.45874,1650.381,2295.324,1636.95825,2933.14771,1656.28723,2291.67285,1642.937,2744,1604,3035,1762,2132,1596,2362,1743
025_02,HP_025,2,025_02.png,025_02.png,9.8456,-25.6692,-0.28476,10.9147,11.2058,37.4965,0.0,-11.0,0.0,2899.86426,1650.9967,2257.77173,1637.16406,2896.66675,1656.80383,2260.228,1643.10425,2744,1601,3035,1762,2132,1595,2359,1743
025_03,HP_025,3,025_03.png,025_03.png,9.8456,-25.6692,-0.28476,10.9147,11.2058,37.4965,-11.0,-11.0,0.0,2861.43042,1655.3219,2223.983,1640.63965,2864.49878,1660.40955,2231.90479,1645.99634,2744,1603,3035,1763,2132,1594,2358,1743
025_04,HP_025,4,025_04.png,025_04.png,9.8456,-25.6692,-0.28476,10.9147,11.2058,37.4965,-11.0,-5.5,0.0,2859.38623,1673.12988,2221.93115,1656.74243,2862.79248,1675.32166,2230.19849,1659.495,2745,1612,3035,1765,2132,1601,2358,1745
025_05,HP_025,5,025_05.png,025_05.png,9.8456,-25.6692,-0.28476,10.9147,11.2058,37.4965,0.0,-5.5,0.0,2900.017,1670.50476,2257.76636,1654.69128,2896.788,1673.1333,2260.22876,1657.78906,2745,1609,3035,1765,2132,1600,2359,1745
025_06,HP_025,6,025_06.png,025_06.png,9.8456,-25.6692,-0.28476,10.9147,11.2058,37.4965,11.0,-5.5,0.0,2947.05859,1670.092,2298.02246,1654.62915,2936.1355,1672.78772,2293.923,1657.73987,2745,1612,3035,1764,2132,1602,2361,1745
025_07,HP_025,7,025_07.png,025_07.png,9.8456,-25.6692,-0.28476,10.9147,11.2058,37.4965,11.0,0.0,0.0,2949.726,1693.173,2300.02832,1675.02979,2938.34814,1692.09155,2295.59521,1674.81348,2746,1626,3035,1770,2132,1614,2362,1749
025_08,HP_025,8,025_08.png,025_08.png,9.8456,-25.6692,-0.28476,10.9147,11.2058,37.4965,0.0,0.0,0.0,2900.16577,1693.12854,2257.77344,1674.97217,2896.90747,1692.05444,2260.23877,1674.76563,2746,1626,3035,1771,2132,1613,2359,1749
025_09,HP_025,9,025_09.png,025_09.png,9.8456,-25.6692,-0.28476,10.9147,11.2058,37.4965,-11.0,0.0,0.0,2858.00586,1693.0752,2220.47217,1674.91772,2861.64087,1692.01367,2228.98584,1674.72083,2746,1625,3035,1771,2132,1612,2358,1749
025_10,HP_025,10,025_10.png,025_10.png,9.8456,-25.6692,-0.28476,10.9147,11.2058,37.4965,-11.0,5.5,0.0,2857.569,1714.019,2219.892,1694.14355,2861.27686,1709.53784,2228.50415,1690.822,2747,1647,3034,1779,2132,1631,2359,1756
025_11,HP_025,11,025_11.png,025_11.png,9.8456,-25.6692,-0.28476,10.9147,11.2058,37.4965,0.0,5.5,0.0,2900.29736,1717.28394,2257.798,1696.71143,2897.016,1712.24976,2260.261,1692.9552,2747,1650,3034,1780,2132,1633,2360,1756
025_12,HP_025,12,025_12.png,025_12.png,9.8456,-25.6692,-0.28476,10.9147,11.2058,37.4965,11.0,5.5,0.0,2950.7832,1717.91064,2300.91235,1696.87512,2939.22632,1712.774,2296.3313,1693.08875,2747,1651,3034,1778,2132,1632,2363,1755
025_13,HP_025,13,025_13.png,025_13.png,9.8456,-25.6692,-0.28476,10.9147,11.2058,37.4965,11.0,11.0,0.0,2949.90967,1741.6355,2300.44922,1718.21667,2938.50586,1732.61768,2295.94629,1710.9458,2747,1679,3034,1788,2133,1658,2364,1763
025_14,HP_025,14,025_14.png,025_14.png,9.8456,-25.6692,-0.28476,10.9147,11.2058,37.4965,0.0,11.0,0.0,2900.402,1740.57776,2257.84082,1717.92383,2897.10571,1731.73169,2260.29565,1710.7074,2747,1679,3034,1792,2134,1661,2361,1764
025_15,HP_025,15,025_15.png,025_15.png,9.8456,-25.6692,-0.28476,10.9147,11.2058,37.4965,-11.0,11.0,0.0,2858.19458,1734.41614,2220.33081,1712.97266,2861.79834,1726.60852,2228.86816,1706.59351,2747,1673,3034,1789,2133,1657,2360,1766
026_01,HP_026,1,026_01.png,026_01.png,-15.6294,16.5485,3.0493,-10.5055,-4.5781,44.2768,11.0,-11.0,0.0,1583.24548,577.3318,1027.471,618.4009,1576.0719,581.471069,1024.74438,622.9209,1447,534,1665,670,878,576,1121,719
026_02,HP_026,2,026_02.png,026_02.png,-15.6294,16.5485,3.0493,-10.5055,-4.5781,44.2768,0.0,-11.0,0.0,1554.1781,574.1741,996.5911,614.650146,1551.70154,578.841553,998.885864,619.7932,1447,532,1665,670,878,573,1121,719
026_03,HP_026,3,026_03.png,026_03.png,-15.6294,16.5485,3.0493,-10.5055,-4.5781,44.2768,-11.0,-11.0,0.0,1521.22534,573.7289,961.0903,613.5005,1524.10669,578.474243,969.168335,618.8323,1447,533,1665,670,878,572,1121,718
026_04,HP_026,4,026_04.png,026_04.png,-15.6294,16.5485,3.0493,-10.5055,-4.5781,44.2768,-11.0,-5.5,0.0,1520.97522,590.117432,960.5942,630.8617,1523.89771,592.197,968.755554,633.366333,1447,539,1665,671,878,579,1121,720
026_05,HP_026,5,026_05.png,026_05.png,-15.6294,16.5485,3.0493,-10.5055,-4.5781,44.2768,0.0,-5.5,0.0,1554.171,590.2711,996.5546,631.5536,1551.69519,592.3231,998.8559,633.9448,1447,538,1665,671,878,579,1121,720
026_06,HP_026,6,026_06.png,026_06.png,-15.6294,16.5485,3.0493,-10.5055,-4.5781,44.2768,11.0,-5.5,0.0,1583.43018,591.818,1027.70007,633.5648,1576.22583,593.611938,1024.93579,635.622437,1448,540,1665,672,878,581,1121,721
026_07,HP_026,7,026_07.png,026_07.png,-15.6294,16.5485,3.0493,-10.5055,-4.5781,44.2768,11.0,0.0,0.0,1583.00793,606.4945,1027.33423,648.989746,1575.87488,605.912354,1024.63074,648.542236,1449,550,1665,675,878,590,1121,724
026_08,HP_026,8,026_08.png,026_08.png,-15.6294,16.5485,3.0493,-10.5055,-4.5781,44.2768,0.0,0.0,0.0,1554.15576,606.6177,996.527466,648.854736,1551.68384,606.0134,998.8321,648.427856,1449,548,1665,674,878,588,1121,723
026_09,HP_026,9,026_09.png,026_09.png,-15.6294,16.5485,3.0493,-10.5055,-4.5781,44.2768,-11.0,0.0,0.0,1521.52722,606.744263,961.079163,648.683838,1524.35815,606.1188,969.1576,648.284668,1448,548,1665,674,878,588,1121,722
026_10,HP_026,10,026_10.png,026_10.png,-15.6294,16.5485,3.0493,-10.5055,-4.5781,44.2768,-11.0,5.5,0.0,1522.77771,622.4453,962.4395,665.5698,1525.402,619.270752,970.2866,662.424561,1450,562,1665,679,879,600,1121,728
026_11,HP_026,11,026_11.png,026_11.png,-15.6294,16.5485,3.0493,-10.5055,-4.5781,44.2768,0.0,5.5,0.0,1554.13379,622.0669,996.5101,665.3071,1551.66821,618.957153,998.814941,662.2052,1450,563,1665,680,879,601,1121,728
026_12,HP_026,12,026_12.png,026_12.png,-15.6294,16.5485,3.0493,-10.5055,-4.5781,44.2768,11.0,5.5,0.0,1582.04517,620.4923,1026.42383,663.8019,1575.07446,617.6472,1023.87018,660.9518,1450,564,1665,681,879,602,1122,727
026_13,HP_026,13,026_13.png,026_13.png,-15.6294,16.5485,3.0493,-10.5055,-4.5781,44.2768,11.0,11.0,0.0,1580.68628,633.15,1025.096,677.3048,1573.944,628.2645,1022.76056,672.27,1450,581,1665,686,879,617,1122,731
026_14,HP_026,14,026_14.png,026_14.png,-15.6294,16.5485,3.0493,-10.5055,-4.5781,44.2768,0.0,11.0,0.0,1554.10742,635.7908,996.501038,679.974243,1551.65039,630.4634,998.8036,674.4961,1450,581,1665,686,879,618,1122,734
026_15,HP_026,15,026_15.png,026_15.png,-15.6294,16.5485,3.0493,-10.5055,-4.5781,44.2768,-11.0,11.0,0.0,1524.51123,636.3812,964.4053,680.4955,1526.84985,630.952637,971.9195,674.932251,1450,579,1665,685,879,617,1122,734
027_01,HP_027,1,027_01.png,027_01.png,-5.9103,29.8599,-5.8839,-16.1819,-0.32639,44.4583,11.0,-11.0,0.0,1328.17041,887.62146,790.7238,844.454834,1321.8739,890.8229,788.5153,848.8823,1209,843,1411,974,642,802,895,939
027_02,HP_027,2,027_02.png,027_02.png,-5.9103,29.8599,-5.8839,-16.1819,-0.32639,44.4583,0.0,-11.0,0.0,1303.19348,884.6704,762.5132,840.846436,1300.9231,888.3611,764.8857,845.8727,1209,842,1411,974,642,800,895,939
027_03,HP_027,3,027_03.png,027_03.png,-5.9103,29.8599,-5.8839,-16.1819,-0.32639,44.4583,-11.0,-11.0,0.0,1273.9668,883.500732,729.1166,839.099731,1276.43726,887.387939,736.926147,844.4149,1209,842,1411,974,642,800,895,939
027_04,HP_027,4,027_04.png,027_04.png,-5.9103,29.8599,-5.8839,-16.1819,-0.32639,44.4583,-11.0,-5.5,0.0,1273.32068,897.984131,728.216431,855.070557,1275.89722,899.520752,736.1783,857.7886,1208,848,1411,976,642,805,895,941
027_05,HP_027,5,027_05.png,027_05.png,-5.9103,29.8599,-5.8839,-16.1819,-0.32639,44.4583,0.0,-5.5,0.0,1303.13867,898.5565,762.4853,856.098267,1300.87622,899.997437,764.863831,858.6465,1208,847,1411,975,642,805,895,941
027_06,HP_027,6,027_06.png,027_06.png,-5.9103,29.8599,-5.8839,-16.1819,-0.32639,44.4583,11.0,-5.5,0.0,1328.50452,900.070435,791.18396,858.0801,1322.15222,901.2617,788.9001,860.2992,1208,848,1411,975,642,807,895,941
027_07,HP_027,7,027_07.png,027_07.png,-5.9103,29.8599,-5.8839,-16.1819,-0.32639,44.4583,11.0,0.0,0.0,1328.39429,912.904053,791.168945,872.1875,1322.06067,912.0221,788.8876,872.118164,1208,856,1411,978,642,815,894,943
027_08,HP_027,8,027_08.png,027_08.png,-5.9103,29.8599,-5.8839,-16.1819,-0.32639,44.4583,0.0,0.0,0.0,1303.07532,912.977539,762.468933,872.06665,1300.82349,912.080566,764.8501,872.016846,1208,856,1411,978,642,815,894,944
027_09,HP_027,9,027_09.png,027_09.png,-5.9103,29.8599,-5.8839,-16.1819,-0.32639,44.4583,-11.0,0.0,0.0,1273.32532,913.0532,728.1815,871.910645,1275.90039,912.142334,736.149353,871.8861,1207,859,1410,979,642,817,894,945
027_10,HP_027,10,027_10.png,027_10.png,-5.9103,29.8599,-5.8839,-16.1819,-0.32639,44.4583,-11.0,5.5,0.0,1273.98071,927.713135,729.019653,888.35144,1276.44751,924.4243,736.845154,885.651367,1207,874,1410,984,642,836,893,951
027_11,HP_027,11,027_11.png,027_11.png,-5.9103,29.8599,-5.8839,-16.1819,-0.32639,44.4583,0.0,5.5,0.0,1303.00549,927.0311,762.4649,887.694336,1300.7666,923.858643,764.845032,885.10376,1208,870,1410,983,642,830,893,949
027_12,HP_027,12,027_12.png,027_12.png,-5.9103,29.8599,-5.8839,-16.1819,-0.32639,44.4583,11.0,5.5,0.0,1327.84241,925.4618,790.6777,886.056763,1321.60144,922.5531,788.4771,883.7388,1208,867,1410,983,642,827,893,947
027_13,HP_027,13,027_13.png,027_13.png,-5.9103,29.8599,-5.8839,-16.1819,-0.32639,44.4583,11.0,11.0,0.0,1326.91589,937.150757,789.777161,899.0333,1320.8302,932.3596,787.72406,894.614868,1208,881,1409,988,642,842,892,952
027_14,HP_027,14,027_14.png,027_14.png,-5.9103,29.8599,-5.8839,-16.1819,-0.32639,44.4583,0.0,11.0,0.0,1302.932,939.922852,762.4713,902.045532,1300.70776,934.668457,764.8478,897.1273,1207,886,1409,989,643,849,892,956
027_15,HP_027,15,027_15.png,027_15.png,-5.9103,29.8599,-5.8839,-16.1819,-0.32639,44.4583,-11.0,11.0,0.0,1275.16943,941.0939,730.5564,903.287231,1277.44031,935.6415,738.12146,898.1633,1206,890,1409,989,643,856,892,958
028_01,HP_028,1,028_01.png,028_01.png,2.4445,18.4992,4.1736,-10.7417,2.816,42.5035,11.0,-11.0,0.0,1560.37988,935.807739,985.4791,954.7748,1553.08728,939.9446,982.738953,959.6201,1423,883,1644,1015,829,902,1081,1042
028_02,HP_028,2,028_02.png,028_02.png,2.4445,18.4992,4.1736,-10.7417,2.816,42.5035,0.0,-11.0,0.0,1530.864,932.1747,953.7085,951.2146,1528.341,936.916748,956.1352,956.652954,1423,880,1644,1014,829,899,1080,1041
028_03,HP_028,3,028_03.png,028_03.png,2.4445,18.4992,4.1736,-10.7417,2.816,42.5035,-11.0,-11.0,0.0,1497.37122,931.2185,917.074463,950.3956,1500.294,936.1221,925.4705,955.9691,1423,881,1644,1014,829,898,1080,1040
028_04,HP_028,4,028_04.png,028_04.png,2.4445,18.4992,4.1736,-10.7417,2.816,42.5035,-11.0,-5.5,0.0,1496.40857,947.5729,915.755554,967.967651,1499.49023,949.8175,924.3751,970.681,1423,890,1644,1017,830,908,1081,1043
028_05,HP_028,5,028_05.png,028_05.png,2.4445,18.4992,4.1736,-10.7417,2.816,42.5035,0.0,-5.5,0.0,1530.86157,948.2372,953.6771,968.313,1528.337,950.371,956.1113,970.9689,1424,891,1644,1018,830,909,1081,1044
028_06,HP_028,6,028_06.png,028_06.png,2.4445,18.4992,4.1736,-10.7417,2.816,42.5035,11.0,-5.5,0.0,1561.05884,950.3318,986.2399,970.158569,1553.65247,952.118164,983.374451,972.5066,1424,893,1644,1019,830,911,1081,1045
028_07,HP_028,7,028_07.png,028_07.png,2.4445,18.4992,4.1736,-10.7417,2.816,42.5035,11.0,0.0,0.0,1561.1106,965.5376,986.3804,986.3257,1553.696,964.86084,983.491638,986.046143,1424,910,1643,1025,830,925,1082,1050
028_08,HP_028,8,028_08.png,028_08.png,2.4445,18.4992,4.1736,-10.7417,2.816,42.5035,0.0,0.0,0.0,1530.8501,965.2362,953.6546,986.545166,1528.32739,964.605835,956.0929,986.2289,1424,908,1643,1024,830,924,1081,1050
028_09,HP_028,9,028_09.png,028_09.png,2.4445,18.4992,4.1736,-10.7417,2.816,42.5035,-11.0,0.0,0.0,1496.282,964.8938,915.4693,986.811646,1499.38428,964.318359,924.1371,986.4519,1424,905,1643,1022,830,924,1081,1050
028_10,HP_028,10,028_10.png,028_10.png,2.4445,18.4992,4.1736,-10.7417,2.816,42.5035,-11.0,5.5,0.0,1497.02637,981.8926,916.289551,1005.36182,1500.00513,978.552,924.816956,1001.97876,1424,926,1643,1029,831,946,1081,1059
028_11,HP_028,11,028_11.png,028_11.png,2.4445,18.4992,4.1736,-10.7417,2.816,42.5035,0.0,5.5,0.0,1530.82959,981.909058,953.642456,1004.52881,1528.31213,978.570068,956.081055,1001.28259,1424,929,1643,1032,831,946,1081,1058
028_12,HP_028,12,028_12.png,028_12.png,2.4445,18.4992,4.1736,-10.7417,2.816,42.5035,11.0,5.5,0.0,1560.51587,980.481934,985.870056,1002.32324,1553.20215,977.386353,983.0658,999.4446,1424,929,1643,1032,831,944,1082,1056
028_13,HP_028,13,028_13.png,028_13.png,2.4445,18.4992,4.1736,-10.7417,2.816,42.5035,11.0,11.0,0.0,1559.37073,994.2971,984.789734,1017.24829,1552.25,988.9707,982.1633,1011.94971,1424,946,1643,1039,831,962,1082,1062
028_14,HP_028,14,028_14.png,028_14.png,2.4445,18.4992,4.1736,-10.7417,2.816,42.5035,0.0,11.0,0.0,1530.80225,997.107544,953.6397,1020.97461,1528.2926,991.307,956.0755,1015.05664,1424,947,1643,1040,832,965,1082,1067
028_15,HP_028,15,028_15.png,028_15.png,2.4445,18.4992,4.1736,-10.7417,2.816,42.5035,-11.0,11.0,0.0,1498.49475,997.3938,918.025269,1022.17126,1501.23083,991.5398,926.2577,1016.0575,1424,946,1643,1036,832,965,1082,1068
029_01,HP_029,1,029_01.png,029_01.png,1.7195,21.6155,-0.60615,-15.1326,8.4028,45.3836,11.0,-11.0,0.0,1315.396,1418.185,776.0462,1427.30115,1309.34766,1421.30835,774.2268,1431.07178,1188,1373,1398,1504,630,1384,871,1521
029_02,HP_029,2,029_02.png,029_02.png,1.7195,21.6155,-0.60615,-15.1326,8.4028,45.3836,0.0,-11.0,0.0,1291.94641,1415.72,750.699,1424.43262,1289.67419,1419.25171,752.987,1428.67676,1188,1373,1398,1503,630,1384,871,1520
029_03,HP_029,3,029_03.png,029_03.png,1.7195,21.6155,-0.60615,-15.1326,8.4028,45.3836,-11.0,-11.0,0.0,1264.828,1414.73511,721.291443,1423.00024,1266.94739,1418.43213,728.3543,1427.48,1188,1374,1398,1503,630,1382,871,1520
029_04,HP_029,4,029_04.png,029_04.png,1.7195,21.6155,-0.60615,-15.1326,8.4028,45.3836,-11.0,-5.5,0.0,1263.61951,1427.70337,719.7656,1436.83508,1265.93738,1429.30029,727.0862,1439.07214,1188,1378,1398,1505,630,1386,871,1521
029_05,HP_029,5,029_05.png,029_05.png,1.7195,21.6155,-0.60615,-15.1326,8.4028,45.3836,0.0,-5.5,0.0,1291.95129,1428.19714,750.6775,1437.74609,1289.6759,1429.7113,752.971558,1439.83325,1188,1377,1398,1505,631,1387,871,1521
029_06,HP_029,6,029_06.png,029_06.png,1.7195,21.6155,-0.60615,-15.1326,8.4028,45.3836,11.0,-5.5,0.0,1316.20935,1429.52148,776.9283,1439.42627,1310.02539,1430.81689,774.9645,1441.23608,1188,1378,1398,1505,631,1389,871,1522
029_07,HP_029,7,029_07.png,029_07.png,1.7195,21.6155,-0.60615,-15.1326,8.4028,45.3836,11.0,0.0,0.0,1316.68384,1441.66846,777.468933,1452.446,1310.4209,1441.00256,775.4165,1452.14661,1188,1387,1398,1508,631,1396,871,1524
029_08,HP_029,8,029_08.png,029_08.png,1.7195,21.6155,-0.60615,-15.1326,8.4028,45.3836,0.0,0.0,0.0,1291.95129,1441.77246,750.660645,1452.32324,1289.67468,1441.0874,752.959,1452.043,1188,1386,1398,1507,631,1395,870,1524
029_09,HP_029,9,029_09.png,029_09.png,1.7195,21.6155,-0.60615,-15.1326,8.4028,45.3836,-11.0,0.0,0.0,1262.87939,1441.884,718.7855,1452.16577,1265.31873,1441.17969,726.2717,1451.91089,1188,1387,1398,1507,631,1395,870,1524
029_10,HP_029,10,029_10.png,029_10.png,1.7195,21.6155,-0.60615,-15.1326,8.4028,45.3836,-11.0,5.5,0.0,1262.74036,1456.49829,718.5348,1468.09521,1265.20251,1453.421,726.0631,1465.24841,1188,1400,1398,1511,631,1409,870,1530
029_11,HP_029,11,029_11.png,029_11.png,1.7195,21.6155,-0.60615,-15.1326,8.4028,45.3836,0.0,5.5,0.0,1291.94519,1455.73535,750.6504,1467.39758,1289.66943,1452.78735,752.950867,1464.66724,1188,1399,1398,1512,631,1407,870,1528
029_12,HP_029,12,029_12.png,029_12.png,1.7195,21.6155,-0.60615,-15.1326,8.4028,45.3836,11.0,5.5,0.0,1316.748,1454.08813,777.595337,1465.80737,1310.47473,1451.4165,775.5224,1463.34253,1188,1399,1398,1512,631,1406,871,1527
029_13,HP_029,13,029_13.png,029_13.png,1.7195,21.6155,-0.60615,-15.1326,8.4028,45.3836,11.0,11.0,0.0,1316.38574,1466.15527,777.2881,1478.865,1310.17358,1461.53662,775.265442,1474.28491,1188,1413,1397,1518,631,1420,871,1532
029_14,HP_029,14,029_14.png,029_14.png,1.7195,21.6155,-0.60615,-15.1326,8.4028,45.3836,0.0,11.0,0.0,1291.93311,1469.231,750.647034,1482.03174,1289.66052,1464.09839,752.9471,1476.92517,1188,1416,1397,1518,631,1424,870,1534
029_15,HP_029,15,029_15.png,029_15.png,1.7195,21.6155,-0.60615,-15.1326,8.4028,45.3836,-11.0,11.0,0.0,1263.23669,1470.6001,719.06604,1483.49316,1265.6167,1465.23621,726.50415,1478.1438,1188,1417,1397,1517,631,1427,870,1536
030_01,HP_030,1,030_01.png,030_01.png,9.7567,16.6627,0.48826,-13.8946,10.8679,45.9118,11.0,-11.0,0.0,1357.35425,1502.13745,831.793457,1499.60791,1351.49219,1505.08521,830.1251,1503.26538,1227,1452,1439,1579,690,1451,922,1582
030_02,HP_030,2,030_02.png,030_02.png,9.7567,16.6627,0.48826,-13.8946,10.8679,45.9118,0.0,-11.0,0.0,1334.686,1499.73389,807.871765,1497.24121,1332.47412,1503.07861,810.07666,1501.28931,1227,1451,1439,1578,690,1450,920,1581
030_03,HP_030,3,030_03.png,030_03.png,9.7567,16.6627,0.48826,-13.8946,10.8679,45.9118,-11.0,-11.0,0.0,1308.76147,1498.70508,780.4723,1496.22046,1310.74536,1502.22119,787.12085,1500.4364,1227,1451,1439,1578,690,1448,920,1581
030_04,HP_030,4,030_04.png,030_04.png,9.7567,16.6627,0.48826,-13.8946,10.8679,45.9118,-11.0,-5.5,0.0,1307.57654,1511.04,779.036743,1509.1731,1309.75488,1512.55994,785.927246,1511.29175,1227,1458,1439,1580,690,1455,920,1583
030_05,HP_030,5,030_05.png,030_05.png,9.7567,16.6627,0.48826,-13.8946,10.8679,45.9118,0.0,-5.5,0.0,1334.712,1511.66284,807.8582,1509.75415,1332.49353,1513.07983,810.0679,1511.777,1227,1458,1439,1580,690,1456,919,1584
030_06,HP_030,6,030_06.png,030_06.png,9.7567,16.6627,0.48826,-13.8946,10.8679,45.9118,11.0,-5.5,0.0,1358.2052,1513.05127,832.6753,1511.081,1352.20142,1514.2395,830.863037,1512.88452,1227,1459,1439,1581,690,1457,921,1584
030_07,HP_030,7,030_07.png,030_07.png,9.7567,16.6627,0.48826,-13.8946,10.8679,45.9118,11.0,0.0,0.0,1358.75061,1524.79028,833.257935,1523.44434,1352.65613,1524.08337,831.3501,1523.24658,1227,1470,1439,1585,690,1466,921,1587
030_08,HP_030,8,030_08.png,030_08.png,9.7567,16.6627,0.48826,-13.8946,10.8679,45.9118,0.0,0.0,0.0,1334.73511,1524.696,807.848633,1523.48938,1332.51135,1524.0022,810.061462,1523.28381,1227,1469,1439,1585,690,1466,918,1587
030_09,HP_030,9,030_09.png,030_09.png,9.7567,16.6627,0.48826,-13.8946,10.8679,45.9118,-11.0,0.0,0.0,1306.799,1524.58459,778.056763,1523.54224,1309.105,1523.90771,785.112549,1523.32788,1227,1468,1439,1584,690,1467,918,1588
030_10,HP_030,10,030_10.png,030_10.png,9.7567,16.6627,0.48826,-13.8946,10.8679,45.9118,-11.0,5.5,0.0,1306.56189,1538.656,777.7019,1538.56787,1308.907,1535.69507,784.8175,1535.91113,1227,1484,1439,1589,691,1482,919,1594
030_11,HP_030,11,030_11.png,030_11.png,9.7567,16.6627,0.48826,-13.8946,10.8679,45.9118,0.0,5.5,0.0,1334.75366,1538.19922,807.8442,1537.78613,1332.52673,1535.31738,810.0582,1535.25879,1227,1484,1439,1591,691,1481,919,1592
030_12,HP_030,12,030_12.png,030_12.png,9.7567,16.6627,0.48826,-13.8946,10.8679,45.9118,11.0,5.5,0.0,1358.91455,1536.8623,833.46814,1536.208,1352.79321,1534.20581,831.5259,1533.94263,1227,1483,1439,1590,691,1479,920,1591
030_13,HP_030,13,030_13.png,030_13.png,9.7567,16.6627,0.48826,-13.8946,10.8679,45.9118,11.0,11.0,0.0,1358.66931,1548.67358,833.2775,1548.78015,1352.58984,1544.11133,831.366455,1544.479,1227,1499,1438,1596,691,1494,921,1596
030_14,HP_030,14,030_14.png,030_14.png,9.7567,16.6627,0.48826,-13.8946,10.8679,45.9118,0.0,11.0,0.0,1334.7666,1551.37439,807.8454,1551.80359,1332.53857,1546.35974,810.0587,1547.001,1227,1502,1438,1598,691,1500,919,1599
030_15,HP_030,15,030_15.png,030_15.png,9.7567,16.6627,0.48826,-13.8946,10.8679,45.9118,-11.0,11.0,0.0,1306.91821,1552.38281,778.0418,1553.253,1309.20447,1547.19617,785.1,1548.21094,1226,1503,1438,1596,691,1503,919,1602
031_01,HP_031,1,031_01.png,031_01.png,-3.9106,9.581,-0.42746,-5.5291,-2.5319,44.8141,11.0,-11.0,0.0,1903.75842,630.307739,1363.724,614.3408,1896.58289,634.3164,1360.94788,619.182,1768,578,1983,710,1217,565,1451,699
031_02,HP_031,2,031_02.png,031_02.png,-3.9106,9.581,-0.42746,-5.5291,-2.5319,44.8141,0.0,-11.0,0.0,1874.095,627.7185,1332.99683,611.864,1871.722,632.1593,1335.21667,617.1173,1768,578,1983,710,1217,563,1449,699
031_03,HP_031,3,031_03.png,031_03.png,-3.9106,9.581,-0.42746,-5.5291,-2.5319,44.8141,-11.0,-11.0,0.0,1842.64478,628.008057,1299.88745,612.3252,1845.38525,632.402344,1307.49,617.499146,1768,577,1983,710,1217,561,1449,699
031_04,HP_031,4,031_04.png,031_04.png,-3.9106,9.581,-0.42746,-5.5291,-2.5319,44.8141,-11.0,-5.5,0.0,1842.37378,643.6544,1299.46,628.5947,1845.15869,645.5049,1307.13428,631.123657,1767,587,1983,714,1217,572,1449,702
031_05,HP_031,5,031_05.png,031_05.png,-3.9106,9.581,-0.42746,-5.5291,-2.5319,44.8141,0.0,-5.5,0.0,1874.09314,643.635,1332.98315,628.266846,1871.72009,645.4884,1335.206,630.8512,1767,587,1983,714,1217,573,1449,702
031_06,HP_031,6,031_06.png,031_06.png,-3.9106,9.581,-0.42746,-5.5291,-2.5319,44.8141,11.0,-5.5,0.0,1903.993,645.0925,1364.01758,629.469,1896.77856,646.704346,1361.193,631.853,1767,588,1983,714,1217,574,1451,702
031_07,HP_031,7,031_07.png,031_07.png,-3.9106,9.581,-0.42746,-5.5291,-2.5319,44.8141,11.0,0.0,0.0,1903.568,660.109131,1363.68188,644.9032,1896.426,659.2864,1360.91284,644.7793,1767,602,1983,720,1217,586,1450,706
031_08,HP_031,8,031_08.png,031_08.png,-3.9106,9.581,-0.42746,-5.5291,-2.5319,44.8141,0.0,0.0,0.0,1874.0835,659.8478,1332.97778,645.0773,1871.71326,659.0653,1335.20056,644.9248,1767,602,1983,720,1217,587,1449,707
031_09,HP_031,9,031_09.png,031_09.png,-3.9106,9.581,-0.42746,-5.5291,-2.5319,44.8141,-11.0,0.0,0.0,1842.82129,659.5708,1299.88623,645.273438,1845.532,658.8334,1307.48816,645.089233,1767,601,1983,719,1217,588,1449,708
031_10,HP_031,10,031_10.png,031_10.png,-3.9106,9.581,-0.42746,-5.5291,-2.5319,44.8141,-11.0,5.5,0.0,1843.9115,674.7047,1301.07788,661.140259,1846.44214,671.511,1308.478,658.3789,1767,621,1982,725,1218,607,1449,716
031_11,HP_031,11,031_11.png,031_11.png,-3.9106,9.581,-0.42746,-5.5291,-2.5319,44.8141,0.0,5.5,0.0,1874.06689,675.212036,1332.98035,661.0825,1871.70227,671.936768,1335.20032,658.328247,1767,621,1982,727,1218,605,1449,714
031_12,HP_031,12,031_12.png,031_12.png,-3.9106,9.581,-0.42746,-5.5291,-2.5319,44.8141,11.0,5.5,0.0,1902.55164,674.4098,1362.77087,659.7189,1895.58142,671.2727,1360.1521,657.190552,1767,619,1982,726,1217,602,1451,712
031_13,HP_031,13,031_13.png,031_13.png,-3.9106,9.581,-0.42746,-5.5291,-2.5319,44.8141,11.0,11.0,0.0,1901.10376,687.27356,1361.42432,673.1869,1894.37732,682.061157,1359.027,668.4783,1766,635,1982,733,1218,621,1451,718
031_14,HP_031,14,031_14.png,031_14.png,-3.9106,9.581,-0.42746,-5.5291,-2.5319,44.8141,0.0,11.0,0.0,1874.04578,688.880249,1332.98853,675.37146,1871.68848,683.3954,1335.20374,670.302,1766,637,1982,734,1218,625,1449,722
031_15,HP_031,15,031_15.png,031_15.png,-3.9106,9.581,-0.42746,-5.5291,-2.5319,44.8141,-11.0,11.0,0.0,1845.46667,688.2605,1302.8114,675.2838,1847.74121,682.8745,1309.91919,670.2328,1766,637,1982,732,1218,626,1449,723
032_01,HP_032,1,032_01.png,032_01.png,-12.8204,7.3884,0.56052,-6.2289,-0.99441,43.3216,11.0,-11.0,0.0,1812.173,853.2621,1237.88489,866.6332,1804.4043,857.755859,1234.89636,871.5697,1662,815,1894,956,1083,831,1323,975
032_02,HP_032,2,032_02.png,032_02.png,-12.8204,7.3884,0.56052,-6.2289,-0.99441,43.3216,0.0,-11.0,0.0,1779.82825,850.50415,1205.08508,863.073,1777.29773,855.4618,1207.43359,868.6007,1662,812,1894,955,1083,827,1321,974
032_03,HP_032,3,032_03.png,032_03.png,-12.8204,7.3884,0.56052,-6.2289,-0.99441,43.3216,-11.0,-11.0,0.0,1744.73059,851.114868,1168.93811,862.6476,1747.914,855.975342,1177.1709,868.241333,1662,813,1894,955,1083,825,1321,973
032_04,HP_032,4,032_04.png,032_04.png,-12.8204,7.3884,0.56052,-6.2289,-0.99441,43.3216,-11.0,-5.5,0.0,1743.937,868.139038,1167.84961,880.1439,1747.25159,870.228638,1176.267,882.891357,1663,820,1894,957,1084,833,1321,976
032_05,HP_032,5,032_05.png,032_05.png,-12.8204,7.3884,0.56052,-6.2289,-0.99441,43.3216,0.0,-5.5,0.0,1779.85938,867.657,1205.07385,880.5525,1777.3219,869.824463,1207.426,883.2346,1663,818,1894,957,1084,834,1321,976
032_06,HP_032,6,032_06.png,032_06.png,-12.8204,7.3884,0.56052,-6.2289,-0.99441,43.3216,11.0,-5.5,0.0,1812.90259,868.9889,1238.60339,882.6201,1805.0116,870.9326,1235.49634,884.9592,1663,820,1894,958,1084,836,1324,976
032_07,HP_032,7,032_07.png,032_07.png,-12.8204,7.3884,0.56052,-6.2289,-0.99441,43.3216,11.0,0.0,0.0,1812.86511,885.4193,1238.62317,899.3302,1804.98132,884.6964,1235.51282,898.95166,1664,829,1894,960,1084,843,1323,978
032_08,HP_032,8,032_08.png,032_08.png,-12.8204,7.3884,0.56052,-6.2289,-0.99441,43.3216,0.0,0.0,0.0,1779.88013,885.7023,1205.07153,899.0515,1777.33984,884.9308,1207.42407,898.717651,1663,828,1894,960,1084,841,1321,978
032_09,HP_032,9,032_09.png,032_09.png,-12.8204,7.3884,0.56052,-6.2289,-0.99441,43.3216,-11.0,0.0,0.0,1744.03589,885.980835,1167.78149,898.720947,1747.33362,885.1637,1176.21,898.4409,1663,829,1894,960,1084,841,1321,978
032_10,HP_032,10,032_10.png,032_10.png,-12.8204,7.3884,0.56052,-6.2289,-0.99441,43.3216,-11.0,5.5,0.0,1745.02454,903.292969,1168.75671,916.8517,1748.1582,899.6593,1177.01917,913.619751,1664,842,1894,964,1084,855,1322,983
032_11,HP_032,11,032_11.png,032_11.png,-12.8204,7.3884,0.56052,-6.2289,-0.99441,43.3216,0.0,5.5,0.0,1779.89038,903.2001,1205.07825,917.107544,1777.35083,899.582764,1207.42773,913.832153,1664,843,1894,965,1084,854,1322,982
032_12,HP_032,12,032_12.png,032_12.png,-12.8204,7.3884,0.56052,-6.2289,-0.99441,43.3216,11.0,5.5,0.0,1812.06,901.4175,1237.93445,915.702,1804.313,898.1013,1234.93823,912.6626,1664,844,1894,965,1084,855,1324,982
032_13,HP_032,13,032_13.png,032_13.png,-12.8204,7.3884,0.56052,-6.2289,-0.99441,43.3216,11.0,11.0,0.0,1810.634,915.994141,1236.65381,930.7816,1803.12817,910.3219,1233.869,925.2977,1664,860,1893,971,1085,870,1325,986
032_14,HP_032,14,032_14.png,032_14.png,-12.8204,7.3884,0.56052,-6.2289,-0.99441,43.3216,0.0,11.0,0.0,1779.89136,918.919556,1205.09216,933.435059,1777.356,912.755249,1207.43591,927.508667,1664,861,1893,972,1085,872,1322,987
032_15,HP_032,15,032_15.png,032_15.png,-12.8204,7.3884,0.56052,-6.2289,-0.99441,43.3216,-11.0,11.0,0.0,1746.71716,918.917,1170.56018,933.1985,1749.57092,912.750366,1178.51672,927.313843,1664,861,1893,969,1085,873,1322,990
033_01,HP_033,1,033_01.png,033_01.png,-0.62819,18.4105,5.6261,-7.8933,4.1145,42.7528,11.0,-11.0,0.0,1788.343,1065.1521,1230.905,1116.61072,1780.97363,1069.52075,1227.95215,1121.37451,1657,1016,1871,1152,1079,1067,1329,1213
033_02,HP_033,2,033_02.png,033_02.png,-0.62819,18.4105,5.6261,-7.8933,4.1145,42.7528,0.0,-11.0,0.0,1758.4032,1062.35388,1198.38342,1113.52441,1755.87671,1067.1908,1200.72034,1118.801,1657,1014,1871,1151,1079,1065,1329,1213
033_03,HP_033,3,033_03.png,033_03.png,-0.62819,18.4105,5.6261,-7.8933,4.1145,42.7528,-11.0,-11.0,0.0,1725.90039,1062.39539,1162.58655,1113.47949,1728.65747,1067.22815,1170.74878,1118.76062,1657,1016,1871,1151,1079,1066,1329,1212
033_04,HP_033,4,033_04.png,033_04.png,-0.62819,18.4105,5.6261,-7.8933,4.1145,42.7528,-11.0,-5.5,0.0,1724.75647,1078.23645,1161.00464,1130.41272,1727.70227,1080.49561,1169.43457,1132.94067,1657,1022,1871,1153,1079,1072,1329,1214
033_05,HP_033,5,033_05.png,033_05.png,-0.62819,18.4105,5.6261,-7.8933,4.1145,42.7528,0.0,-5.5,0.0,1758.3877,1078.244,1198.32251,1130.434,1755.86121,1080.50085,1200.67224,1132.95984,1658,1022,1871,1153,1079,1072,1329,1214
033_06,HP_033,6,033_06.png,033_06.png,-0.62819,18.4105,5.6261,-7.8933,4.1145,42.7528,11.0,-5.5,0.0,1789.26135,1079.81934,1231.91943,1132.14844,1781.7373,1081.81335,1228.79907,1134.389,1659,1024,1871,1154,1079,1074,1329,1215
033_07,HP_033,7,033_07.png,033_07.png,-0.62819,18.4105,5.6261,-7.8933,4.1145,42.7528,11.0,0.0,0.0,1789.52747,1095.426,1232.284,1148.74329,1781.959,1094.88953,1229.10352,1148.28491,1660,1038,1871,1159,1080,1086,1329,1219
033_08,HP_033,8,033_08.png,033_08.png,-0.62819,18.4105,5.6261,-7.8933,4.1145,42.7528,0.0,0.0,0.0,1758.36121,1095.32629,1198.271,1148.79419,1755.83826,1094.80408,1200.62988,1148.32617,1660,1035,1871,1158,1080,1084,1329,1218
033_09,HP_033,9,033_09.png,033_09.png,-0.62819,18.4105,5.6261,-7.8933,4.1145,42.7528,-11.0,0.0,0.0,1724.36646,1095.21265,1160.35718,1148.84741,1727.37646,1094.70874,1168.89612,1148.37109,1658,1033,1871,1157,1079,1082,1329,1217
033_10,HP_033,10,033_10.png,033_10.png,-0.62819,18.4105,5.6261,-7.8933,4.1145,42.7528,-11.0,5.5,0.0,1724.81372,1112.12939,1160.79688,1167.33081,1727.74927,1108.87317,1169.26,1163.84277,1659,1051,1871,1163,1080,1100,1329,1224
033_11,HP_033,11,033_11.png,033_11.png,-0.62819,18.4105,5.6261,-7.8933,4.1145,42.7528,0.0,5.5,0.0,1758.32385,1112.344,1198.23193,1167.21057,1755.80835,1109.05457,1200.59607,1163.74023,1660,1055,1871,1165,1080,1102,1329,1225
033_12,HP_033,12,033_12.png,033_12.png,-0.62819,18.4105,5.6261,-7.8933,4.1145,42.7528,11.0,5.5,0.0,1789.079,1110.97034,1231.92151,1165.37634,1781.58655,1107.91443,1228.8009,1162.21289,1660,1057,1871,1166,1080,1103,1329,1223
033_13,HP_033,13,033_13.png,033_13.png,-0.62819,18.4105,5.6261,-7.8933,4.1145,42.7528,11.0,11.0,0.0,1787.98926,1125.45959,1230.88733,1181.00415,1780.68079,1120.06042,1227.9375,1175.3042,1659,1076,1870,1174,1081,1122,1330,1230
033_14,HP_033,14,033_14.png,033_14.png,-0.62819,18.4105,5.6261,-7.8933,4.1145,42.7528,0.0,11.0,0.0,1758.27832,1128.05042,1198.20581,1184.24731,1755.77319,1122.21387,1200.57153,1178.00708,1660,1076,1870,1172,1081,1123,1330,1233
033_15,HP_033,15,033_15.png,033_15.png,-0.62819,18.4105,5.6261,-7.8933,4.1145,42.7528,-11.0,11.0,0.0,1726.00928,1127.80017,1162.21912,1184.36792,1728.74719,1122.001,1170.44031,1178.11145,1658,1073,1870,1170,1081,1120,1330,1232
034_01,HP_034,1,034_01.png,034_01.png,-0.32625,11.7705,-0.58494,-6.4498,6.6853,46.3052,11.0,-11.0,0.0,1859.45715,1309.02112,1345.95337,1309.89844,1853.09351,1312.449,1343.7334,1313.93335,1733,1266,1940,1397,1207,1270,1434,1403
034_02,HP_034,2,034_02.png,034_02.png,-0.32625,11.7705,-0.58494,-6.4498,6.6853,46.3052,0.0,-11.0,0.0,1833.95728,1307.35376,1319.24719,1307.84631,1831.71265,1311.05981,1321.35767,1312.2196,1733,1265,1940,1396,1207,1268,1434,1403
034_03,HP_034,3,034_03.png,034_03.png,-0.32625,11.7705,-0.58494,-6.4498,6.6853,46.3052,-11.0,-11.0,0.0,1806.89038,1307.68018,1290.75488,1307.8313,1809.034,1311.33447,1297.48462,1312.20422,1733,1266,1940,1396,1207,1267,1434,1403
034_04,HP_034,4,034_04.png,034_04.png,-0.32625,11.7705,-0.58494,-6.4498,6.6853,46.3052,-11.0,-5.5,0.0,1805.85083,1320.71814,1289.46753,1321.3252,1808.16528,1322.25977,1296.41418,1323.51221,1733,1271,1940,1398,1207,1272,1434,1404
034_05,HP_034,5,034_05.png,034_05.png,-0.32625,11.7705,-0.58494,-6.4498,6.6853,46.3052,0.0,-5.5,0.0,1833.957,1320.47107,1319.22437,1321.4231,1831.71021,1322.05225,1321.34106,1323.596,1733,1270,1940,1398,1207,1273,1434,1404
034_06,HP_034,6,034_06.png,034_06.png,-0.32625,11.7705,-0.58494,-6.4498,6.6853,46.3052,11.0,-5.5,0.0,1860.37085,1321.34229,1346.91064,1322.65381,1853.85413,1322.77856,1344.53345,1324.62341,1733,1271,1940,1398,1207,1273,1435,1404
034_07,HP_034,7,034_07.png,034_07.png,-0.32625,11.7705,-0.58494,-6.4498,6.6853,46.3052,11.0,0.0,0.0,1860.8429,1334.57922,1347.4397,1336.38062,1854.24744,1333.8728,1344.97546,1336.12354,1733,1279,1939,1401,1207,1281,1434,1407
034_08,HP_034,8,034_08.png,034_08.png,-0.32625,11.7705,-0.58494,-6.4498,6.6853,46.3052,0.0,0.0,0.0,1833.95081,1334.689,1319.20691,1336.24121,1831.704,1333.96277,1321.32776,1336.00635,1733,1279,1939,1400,1207,1280,1433,1406
034_09,HP_034,9,034_09.png,034_09.png,-0.32625,11.7705,-0.58494,-6.4498,6.6853,46.3052,-11.0,0.0,0.0,1805.29309,1334.79346,1288.73157,1336.07861,1807.69922,1334.05017,1295.80212,1335.87036,1733,1279,1939,1400,1207,1280,1433,1406
034_10,HP_034,10,034_10.png,034_10.png,-0.32625,11.7705,-0.58494,-6.4498,6.6853,46.3052,-11.0,5.5,0.0,1805.31738,1349.123,1288.6842,1351.20947,1807.71924,1346.05322,1295.76257,1348.543,1733,1292,1939,1404,1207,1294,1433,1412
034_11,HP_034,11,034_11.png,034_11.png,-0.32625,11.7705,-0.58494,-6.4498,6.6853,46.3052,0.0,5.5,0.0,1833.938,1349.17969,1319.19617,1351.42944,1831.69348,1346.10156,1321.319,1348.72559,1733,1292,1939,1406,1207,1293,1433,1411
034_12,HP_034,12,034_12.png,034_12.png,-0.32625,11.7705,-0.58494,-6.4498,6.6853,46.3052,11.0,5.5,0.0,1860.78833,1348.03418,1347.45715,1350.39063,1854.20251,1345.14941,1344.99,1347.86,1733,1292,1939,1406,1207,1292,1434,1410
034_13,HP_034,13,034_13.png,034_13.png,-0.32625,11.7705,-0.58494,-6.4498,6.6853,46.3052,11.0,11.0,0.0,1860.20679,1360.92407,1346.957,1363.90479,1853.71924,1355.95557,1344.57227,1359.18347,1732,1307,1938,1411,1207,1307,1434,1414
034_14,HP_034,14,034_14.png,034_14.png,-0.32625,11.7705,-0.58494,-6.4498,6.6853,46.3052,0.0,11.0,0.0,1833.91882,1363.001,1319.193,1365.978,1831.6792,1357.68311,1321.315,1360.91235,1732,1310,1938,1412,1208,1310,1433,1417
034_15,HP_034,15,034_15.png,034_15.png,-0.32625,11.7705,-0.58494,-6.4498,6.6853,46.3052,-11.0,11.0,0.0,1805.926,1362.82178,1289.33582,1365.68945,1808.22742,1357.53149,1296.30383,1360.674,1732,1310,1938,1409,1208,1311,1433,1419
035_01,HP_035,1,035_01.png,035_01.png,12.4341,8.3906,1.6474,-5.1993,12.4946,45.8932,11.0,-11.0,0.0,1898.248,1583.34351,1390.34192,1591.3822,1892.078,1586.60864,1388.3396,1595.19653,1770,1533,1979,1660,1254,1543,1476,1673
035_02,HP_035,2,035_02.png,035_02.png,12.4341,8.3906,1.6474,-5.1993,12.4946,45.8932,0.0,-11.0,0.0,1873.9,1581.71912,1365.2334,1589.89819,1871.66077,1585.25378,1367.29736,1593.9574,1770,1532,1979,1660,1254,1541,1475,1673
035_03,HP_035,3,035_03.png,035_03.png,12.4341,8.3906,1.6474,-5.1993,12.4946,45.8932,-11.0,-11.0,0.0,1848.30872,1581.84082,1338.7771,1590.18762,1850.214,1585.35669,1345.12415,1594.197,1770,1533,1979,1660,1254,1541,1475,1673
035_04,HP_035,4,035_04.png,035_04.png,12.4341,8.3906,1.6474,-5.1993,12.4946,45.8932,-11.0,-5.5,0.0,1847.08582,1594.01978,1337.33911,1602.65527,1849.19177,1595.56445,1343.92773,1604.64832,1770,1540,1979,1662,1254,1548,1474,1675
035_05,HP_035,5,035_05.png,035_05.png,12.4341,8.3906,1.6474,-5.1993,12.4946,45.8932,0.0,-5.5,0.0,1873.917,1594.0,1365.21509,1602.464,1871.67224,1595.54773,1367.28491,1604.4895,1770,1540,1979,1663,1254,1548,1474,1675
035_06,HP_035,6,035_06.png,035_06.png,12.4341,8.3906,1.6474,-5.1993,12.4946,45.8932,11.0,-5.5,0.0,1899.37231,1594.98608,1391.48022,1603.29907,1893.01428,1596.37085,1389.29126,1605.18652,1770,1541,1979,1663,1254,1549,1476,1676
035_07,HP_035,7,035_07.png,035_07.png,12.4341,8.3906,1.6474,-5.1993,12.4946,45.8932,11.0,0.0,0.0,1900.14954,1607.73669,1392.28943,1616.3656,1893.66138,1607.05811,1389.96753,1616.1355,1770,1553,1979,1668,1254,1559,1475,1679
035_08,HP_035,8,035_08.png,035_08.png,12.4341,8.3906,1.6474,-5.1993,12.4946,45.8932,0.0,0.0,0.0,1873.93042,1607.5918,1365.20032,1616.44727,1871.68152,1606.9353,1367.27466,1616.20361,1770,1552,1979,1668,1254,1558,1474,1679
035_09,HP_035,9,035_09.png,035_09.png,12.4341,8.3906,1.6474,-5.1993,12.4946,45.8932,-11.0,0.0,0.0,1846.22864,1607.43811,1336.29773,1616.53589,1848.47546,1606.80652,1343.06152,1616.27808,1770,1551,1979,1666,1254,1559,1474,1680
035_10,HP_035,10,035_10.png,035_10.png,12.4341,8.3906,1.6474,-5.1993,12.4946,45.8932,-11.0,5.5,0.0,1845.872,1621.47388,1335.82312,1631.15674,1848.17737,1618.56323,1342.66687,1628.52478,1770,1566,1978,1671,1255,1574,1474,1686
035_11,HP_035,11,035_11.png,035_11.png,12.4341,8.3906,1.6474,-5.1993,12.4946,45.8932,0.0,5.5,0.0,1873.93848,1621.83545,1365.19055,1631.17773,1871.68774,1618.8667,1367.26733,1628.54053,1770,1568,1978,1674,1255,1574,1474,1685
035_12,HP_035,12,035_12.png,035_12.png,12.4341,8.3906,1.6474,-5.1993,12.4946,45.8932,11.0,5.5,0.0,1900.45972,1621.01929,1392.65735,1630.02783,1893.91992,1618.19,1390.2749,1627.58142,1770,1568,1978,1674,1255,1573,1476,1684
035_13,HP_035,13,035_13.png,035_13.png,12.4341,8.3906,1.6474,-5.1993,12.4946,45.8932,11.0,11.0,0.0,1900.245,1634.08228,1392.52563,1643.56055,1893.742,1629.13916,1390.165,1638.91919,1770,1586,1978,1680,1255,1591,1477,1689
035_14,HP_035,14,035_14.png,035_14.png,12.4341,8.3906,1.6474,-5.1993,12.4946,45.8932,0.0,11.0,0.0,1873.94043,1635.84167,1365.187,1645.73291,1871.69006,1630.60107,1367.26416,1640.73157,1770,1587,1978,1681,1255,1594,1475,1692
035_15,HP_035,15,035_15.png,035_15.png,12.4341,8.3906,1.6474,-5.1993,12.4946,45.8932,-11.0,11.0,0.0,1846.083,1635.30029,1336.00476,1645.58826,1848.35352,1630.14661,1342.8175,1640.61414,1770,1586,1978,1679,1255,1594,1475,1694
036_01,HP_036,1,036_01.png,036_01.png,-7.6181,3.3198,-0.29108,-2.9792,-2.154,44.5287,11.0,-11.0,0.0,2028.013,701.7849,1479.4364,695.6367,2020.48193,706.0759,1476.5282,700.5471,1883,654,2108,791,1331,652,1562,789
036_02,HP_036,2,036_02.png,036_02.png,-7.6181,3.3198,-0.29108,-2.9792,-2.154,44.5287,0.0,-11.0,0.0,1996.53284,699.57666,1447.9165,693.252441,1994.10461,704.2383,1450.1344,698.5587,1883,653,2108,791,1331,650,1559,788
036_03,HP_036,3,036_03.png,036_03.png,-7.6181,3.3198,-0.29108,-2.9792,-2.154,44.5287,-11.0,-11.0,0.0,1963.94507,700.5515,1414.74243,693.969238,1966.81848,705.0531,1422.351,699.1522,1883,654,2108,791,1331,649,1559,788
036_04,HP_036,4,036_04.png,036_04.png,-7.6181,3.3198,-0.29108,-2.9792,-2.154,44.5287,-11.0,-5.5,0.0,1963.54907,716.583862,1414.15991,710.256348,1966.48792,718.4779,1421.86682,712.7926,1883,661,2108,793,1332,656,1559,790
036_05,HP_036,5,036_05.png,036_05.png,-7.6181,3.3198,-0.29108,-2.9792,-2.154,44.5287,0.0,-5.5,0.0,1996.55872,716.1029,1447.9093,709.8887,1994.12549,718.07605,1450.12952,712.488037,1883,661,2108,793,1332,656,1559,791
036_06,HP_036,6,036_06.png,036_06.png,-7.6181,3.3198,-0.29108,-2.9792,-2.154,44.5287,11.0,-5.5,0.0,2028.4458,717.284058,1479.88135,711.14624,2020.84253,719.060059,1476.89978,713.536743,1883,662,2108,793,1332,658,1562,791
036_07,HP_036,7,036_07.png,036_07.png,-7.6181,3.3198,-0.29108,-2.9792,-2.154,44.5287,11.0,0.0,0.0,2028.12878,733.1876,1479.64734,727.1061,2020.58008,732.3822,1476.70435,726.902,1883,675,2108,798,1332,669,1561,794
036_08,HP_036,8,036_08.png,036_08.png,-7.6181,3.3198,-0.29108,-2.9792,-2.154,44.5287,0.0,0.0,0.0,1996.57544,733.1157,1447.91016,727.113159,1994.1405,732.319946,1450.12952,726.9076,1883,674,2108,798,1332,668,1559,794
036_09,HP_036,9,036_09.png,036_09.png,-7.6181,3.3198,-0.29108,-2.9792,-2.154,44.5287,-11.0,0.0,0.0,1963.91211,733.034546,1414.43823,727.118164,1966.79053,732.2522,1422.09778,726.912,1883,674,2108,797,1332,669,1559,795
036_10,HP_036,10,036_10.png,036_10.png,-7.6181,3.3198,-0.29108,-2.9792,-2.154,44.5287,-11.0,5.5,0.0,1964.978,748.7831,1415.52087,743.3036,1967.68018,745.4429,1422.99707,740.468262,1883,691,2107,803,1332,685,1559,802
036_11,HP_036,11,036_11.png,036_11.png,-7.6181,3.3198,-0.29108,-2.9792,-2.154,44.5287,0.0,5.5,0.0,1996.58337,749.339966,1447.91846,743.635254,1994.1499,745.9087,1450.13416,740.7427,1883,691,2107,805,1332,684,1559,800
036_12,HP_036,12,036_12.png,036_12.png,-7.6181,3.3198,-0.29108,-2.9792,-2.154,44.5287,11.0,5.5,0.0,2027.1167,748.4114,1478.77307,742.5084,2019.73962,745.1389,1475.97449,739.803,1883,691,2107,804,1332,683,1562,799
036_13,HP_036,13,036_13.png,036_13.png,-7.6181,3.3198,-0.29108,-2.9792,-2.154,44.5287,11.0,11.0,0.0,2025.58521,762.1012,1477.40173,756.528564,2018.4668,756.617554,1474.82922,751.5525,1883,709,2107,811,1333,700,1562,804
036_14,HP_036,14,036_14.png,036_14.png,-7.6181,3.3198,-0.29108,-2.9792,-2.154,44.5287,0.0,11.0,0.0,1996.58386,763.7914,1447.93237,758.437,1994.15454,758.021362,1450.14246,753.145264,1883,711,2107,812,1333,704,1559,807
036_15,HP_036,15,036_15.png,036_15.png,-7.6181,3.3198,-0.29108,-2.9792,-2.154,44.5287,-11.0,11.0,0.0,1966.56946,762.943237,1417.19946,757.8241,1969.00928,757.311035,1424.39209,752.6377,1883,711,2107,810,1333,705,1559,809
037_01,HP_037,1,037_01.png,037_01.png,-6.9236,-2.2898,-5.359,0.63022,2.119,44.3755,11.0,-11.0,0.0,2264.061,1065.27869,1717.0354,1008.803,2256.47534,1069.43237,1714.12537,1013.84814,2115,1024,2344,1164,1569,971,1797,1108
037_02,HP_037,2,037_02.png,037_02.png,-6.9236,-2.2898,-5.359,0.63022,2.119,44.3755,0.0,-11.0,0.0,2231.933,1064.14709,1685.626,1007.07825,2229.56128,1068.49243,1687.82092,1012.40784,2115,1023,2344,1164,1569,969,1795,1108
037_03,HP_037,3,037_03.png,037_03.png,-6.9236,-2.2898,-5.359,0.63022,2.119,44.3755,-11.0,-11.0,0.0,2200.24561,1066.01306,1654.19373,1008.32849,2203.027,1070.0509,1661.486,1013.44482,2115,1023,2344,1165,1569,969,1795,1109
037_04,HP_037,4,037_04.png,037_04.png,-6.9236,-2.2898,-5.359,0.63022,2.119,44.3755,-11.0,-5.5,0.0,2199.38,1081.29126,1653.12,1023.52722,2202.30371,1082.84668,1660.59351,1026.17957,2115,1029,2343,1166,1570,974,1794,1110
037_05,HP_037,5,037_05.png,037_05.png,-6.9236,-2.2898,-5.359,0.63022,2.119,44.3755,0.0,-5.5,0.0,2231.98218,1080.18689,1685.61536,1022.95544,2229.6,1081.924,1687.81445,1025.7063,2115,1028,2344,1166,1570,975,1794,1110
037_06,HP_037,6,037_06.png,037_06.png,-6.9236,-2.2898,-5.359,0.63022,2.119,44.3755,11.0,-5.5,0.0,2265.1272,1080.72412,1718.009,1024.02063,2257.36279,1082.37048,1714.93811,1026.59546,2115,1028,2344,1165,1570,975,1797,1110
037_07,HP_037,7,037_07.png,037_07.png,-6.9236,-2.2898,-5.359,0.63022,2.119,44.3755,11.0,0.0,0.0,2265.43,1097.18286,1718.30334,1040.21863,2257.61523,1096.154,1715.18372,1040.15942,2114,1036,2343,1168,1570,982,1797,1112
037_08,HP_037,8,037_08.png,037_08.png,-6.9236,-2.2898,-5.359,0.63022,2.119,44.3755,0.0,0.0,0.0,2232.02368,1097.34131,1685.6123,1040.01086,2229.63452,1096.28455,1687.81262,1039.98535,2114,1037,2343,1169,1570,983,1793,1113
037_09,HP_037,9,037_09.png,037_09.png,-6.9236,-2.2898,-5.359,0.63022,2.119,44.3755,-11.0,0.0,0.0,2199.188,1097.47314,1652.78479,1039.79321,2202.14331,1096.39624,1660.315,1039.8031,2114,1039,2343,1169,1570,984,1793,1113
037_10,HP_037,10,037_10.png,037_10.png,-6.9236,-2.2898,-5.359,0.63022,2.119,44.3755,-11.0,5.5,0.0,2199.726,1113.5127,1653.257,1055.9939,2202.59229,1109.82886,1660.70728,1053.37231,2114,1054,2343,1174,1570,1000,1791,1119
037_11,HP_037,11,037_11.png,037_11.png,-6.9236,-2.2898,-5.359,0.63022,2.119,44.3755,0.0,5.5,0.0,2232.05566,1114.3374,1685.61719,1056.98352,2229.663,1110.51526,1687.8158,1054.19568,2114,1052,2343,1175,1570,997,1792,1118
037_12,HP_037,12,037_12.png,037_12.png,-6.9236,-2.2898,-5.359,0.63022,2.119,44.3755,11.0,5.5,0.0,2264.89478,1113.488,1717.86157,1056.33948,2257.172,1109.811,1714.815,1053.65894,2114,1049,2343,1172,1570,994,1796,1115
037_13,HP_037,13,037_13.png,037_13.png,-6.9236,-2.2898,-5.359,0.63022,2.119,44.3755,11.0,11.0,0.0,2263.62256,1128.50159,1716.76636,1071.352,2256.11646,1122.39355,1713.90088,1066.2356,2114,1066,2342,1178,1570,1010,1795,1120
037_14,HP_037,14,037_14.png,037_14.png,-6.9236,-2.2898,-5.359,0.63022,2.119,44.3755,0.0,11.0,0.0,2232.078,1129.93335,1685.62915,1072.64636,2229.685,1123.58179,1687.82312,1067.31567,2114,1069,2342,1181,1570,1016,1791,1124
037_15,HP_037,15,037_15.png,037_15.png,-6.9236,-2.2898,-5.359,0.63022,2.119,44.3755,-11.0,11.0,0.0,2200.91284,1128.38879,1654.44031,1071.02332,2203.583,1122.29346,1661.691,1065.96582,2114,1071,2342,1180,1570,1020,1791,1125
038_01,HP_038,1,038_01.png,038_01.png,-0.33178,-4.5856,3.6703,-0.61733,3.5816,43.4254,11.0,-11.0,0.0,2097.4458,1053.20728,1541.32751,1085.49414,2089.57471,1057.8092,1538.446,1090.26514,1939,1007,2179,1145,1392,1043,1615,1180
038_02,HP_038,2,038_02.png,038_02.png,-0.33178,-4.5856,3.6703,-0.61733,3.5816,43.4254,0.0,-11.0,0.0,2064.66846,1051.14,1509.94751,1083.4071,2062.11255,1056.08984,1512.16687,1088.5238,1939,1004,2179,1145,1392,1039,1613,1180
038_03,HP_038,3,038_03.png,038_03.png,-0.33178,-4.5856,3.6703,-0.61733,3.5816,43.4254,-11.0,-11.0,0.0,2031.15137,1052.367,1477.43152,1084.29919,2034.04956,1057.11487,1484.92969,1089.26392,1939,1005,2179,1144,1392,1039,1613,1180
038_04,HP_038,4,038_04.png,038_04.png,-0.33178,-4.5856,3.6703,-0.61733,3.5816,43.4254,-11.0,-5.5,0.0,2030.11914,1068.3844,1476.20813,1100.055,2033.18774,1070.52832,1483.91309,1102.46265,1940,1012,2179,1147,1392,1045,1613,1181
038_05,HP_038,5,038_05.png,038_05.png,-0.33178,-4.5856,3.6703,-0.61733,3.5816,43.4254,0.0,-5.5,0.0,2064.73877,1067.71094,1509.95178,1099.5802,2062.16846,1069.96582,1512.173,1102.06873,1940,1012,2179,1147,1392,1046,1613,1182
038_06,HP_038,6,038_06.png,038_06.png,-0.33178,-4.5856,3.6703,-0.61733,3.5816,43.4254,11.0,-5.5,0.0,2098.60376,1068.866,1542.36487,1100.75964,2090.53784,1070.92725,1539.31213,1103.05261,1940,1016,2179,1148,1392,1050,1615,1183
038_07,HP_038,7,038_07.png,038_07.png,-0.33178,-4.5856,3.6703,-0.61733,3.5816,43.4254,11.0,0.0,0.0,2098.97974,1085.60168,1542.74878,1117.05933,2090.851,1084.94336,1539.63269,1116.70178,1942,1030,2178,1152,1393,1060,1617,1186
038_08,HP_038,8,038_08.png,038_08.png,-0.33178,-4.5856,3.6703,-0.61733,3.5816,43.4254,0.0,0.0,0.0,2064.79883,1085.54907,1509.96509,1117.05383,2062.21875,1084.89758,1512.18481,1116.69678,1941,1026,2178,1152,1393,1057,1613,1186
038_09,HP_038,9,038_09.png,038_09.png,-0.33178,-4.5856,3.6703,-0.61733,3.5816,43.4254,-11.0,0.0,0.0,2029.84814,1085.48962,1475.774,1117.04285,2032.96167,1084.84814,1483.55212,1116.688,1941,1025,2178,1151,1393,1056,1613,1185
038_10,HP_038,10,038_10.png,038_10.png,-0.33178,-4.5856,3.6703,-0.61733,3.5816,43.4254,-11.0,5.5,0.0,2030.41211,1102.49634,1476.23181,1134.036,2033.432,1099.087,1483.932,1130.91846,1942,1043,2178,1157,1393,1072,1614,1192
038_11,HP_038,11,038_11.png,038_11.png,-0.33178,-4.5856,3.6703,-0.61733,3.5816,43.4254,0.0,5.5,0.0,2064.84644,1103.27246,1509.98767,1134.5365,2062.26,1099.73486,1512.20288,1131.33276,1942,1047,2178,1160,1394,1074,1614,1191
038_12,HP_038,12,038_12.png,038_12.png,-0.33178,-4.5856,3.6703,-0.61733,3.5816,43.4254,11.0,5.5,0.0,2098.49268,1102.223,1542.40613,1133.36145,2090.44751,1098.86511,1539.3468,1130.35352,1942,1049,2178,1159,1394,1075,1618,1191
038_13,HP_038,13,038_13.png,038_13.png,-0.33178,-4.5856,3.6703,-0.61733,3.5816,43.4254,11.0,11.0,0.0,2097.24365,1117.563,1541.39856,1148.62476,2089.411,1111.72021,1538.506,1143.14038,1942,1071,2178,1166,1395,1093,1618,1197
038_14,HP_038,14,038_14.png,038_14.png,-0.33178,-4.5856,3.6703,-0.61733,3.5816,43.4254,0.0,11.0,0.0,2064.88013,1119.52527,1510.018,1150.72021,2062.29175,1113.349,1512.22546,1144.88806,1942,1070,2178,1168,1395,1094,1614,1197
038_15,HP_038,15,038_15.png,038_15.png,-0.33178,-4.5856,3.6703,-0.61733,3.5816,43.4254,-11.0,11.0,0.0,2031.715,1118.23792,1477.492,1149.7937,2034.51941,1112.27344,1484.979,1144.12024,1942,1066,2178,1165,1395,1092,1614,1200
039_01,HP_039,1,039_01.png,039_01.png,8.9349,0.33104,-2.8077,3.1397,8.7122,45.1067,11.0,-11.0,0.0,2479.908,1364.37744,1957.934,1335.17285,2472.962,1368.12451,1955.37415,1339.69446,2349,1314,2562,1445,1819,1289,2045,1418
039_02,HP_039,2,039_02.png,039_02.png,8.9349,0.33104,-2.8077,3.1397,8.7122,45.1067,0.0,-11.0,0.0,2451.653,1363.82275,1929.34045,1334.73071,2449.287,1367.66321,1931.4187,1339.32422,2349,1314,2562,1445,1819,1287,2044,1418
039_03,HP_039,3,039_03.png,039_03.png,8.9349,0.33104,-2.8077,3.1397,8.7122,45.1067,-11.0,-11.0,0.0,2424.74536,1365.388,1901.92688,1336.55725,2426.74487,1368.97021,1908.438,1340.84521,2349,1314,2562,1446,1819,1287,2044,1419
039_04,HP_039,4,039_04.png,039_04.png,8.9349,0.33104,-2.8077,3.1397,8.7122,45.1067,-11.0,-5.5,0.0,2423.72949,1378.40942,1900.74207,1349.57336,2425.89551,1379.88184,1907.45215,1351.75671,2348,1323,2562,1449,1819,1295,2043,1421
039_05,HP_039,5,039_05.png,039_05.png,8.9349,0.33104,-2.8077,3.1397,8.7122,45.1067,0.0,-5.5,0.0,2451.64624,1377.59937,1929.32056,1348.49585,2449.27881,1379.20557,1931.40479,1350.85938,2348,1322,2562,1448,1819,1295,2043,1421
039_06,HP_039,6,039_06.png,039_06.png,8.9349,0.33104,-2.8077,3.1397,8.7122,45.1067,11.0,-5.5,0.0,2481.13672,1377.99048,1959.182,1348.71338,2473.984,1379.53149,1956.4165,1351.04126,2348,1322,2562,1448,1819,1295,2045,1421
039_07,HP_039,7,039_07.png,039_07.png,8.9349,0.33104,-2.8077,3.1397,8.7122,45.1067,11.0,0.0,0.0,2481.81787,1392.84436,1959.91968,1363.51221,2474.55078,1391.97363,1957.03235,1363.43689,2348,1334,2562,1453,1819,1306,2044,1425
039_08,HP_039,8,039_08.png,039_08.png,8.9349,0.33104,-2.8077,3.1397,8.7122,45.1067,0.0,0.0,0.0,2451.632,1392.64038,1929.30652,1363.62891,2449.26538,1391.80188,1931.39441,1363.53455,2348,1334,2562,1454,1819,1308,2042,1426
039_09,HP_039,9,039_09.png,039_09.png,8.9349,0.33104,-2.8077,3.1397,8.7122,45.1067,-11.0,0.0,0.0,2423.15186,1392.44434,1900.04578,1363.74609,2425.4126,1391.63892,1906.8728,1363.633,2348,1335,2562,1453,1819,1308,2042,1427
039_10,HP_039,10,039_10.png,039_10.png,8.9349,0.33104,-2.8077,3.1397,8.7122,45.1067,-11.0,5.5,0.0,2423.1062,1406.7771,1899.9574,1378.29468,2425.37427,1403.645,1906.79907,1375.82251,2348,1353,2561,1458,1819,1327,2042,1434
039_11,HP_039,11,039_11.png,039_11.png,8.9349,0.33104,-2.8077,3.1397,8.7122,45.1067,0.0,5.5,0.0,2451.60938,1408.0575,1929.29993,1379.21973,2449.24683,1404.71265,1931.38916,1376.59106,2348,1353,2561,1461,1819,1325,2042,1432
039_12,HP_039,12,039_12.png,039_12.png,8.9349,0.33104,-2.8077,3.1397,8.7122,45.1067,11.0,5.5,0.0,2481.81055,1408.05469,1960.01819,1378.73462,2474.54541,1404.71362,1957.1145,1376.185,2348,1351,2561,1460,1819,1322,2044,1430
039_13,HP_039,13,039_13.png,039_13.png,8.9349,0.33104,-2.8077,3.1397,8.7122,45.1067,11.0,11.0,0.0,2481.09961,1422.58093,1959.45789,1393.395,2473.95532,1416.885,1956.64673,1388.46545,2347,1368,2560,1467,1820,1342,2044,1436
039_14,HP_039,14,039_14.png,039_14.png,8.9349,0.33104,-2.8077,3.1397,8.7122,45.1067,0.0,11.0,0.0,2451.57959,1422.80322,1929.30176,1394.18237,2449.22388,1417.06531,1931.3894,1389.12439,2347,1370,2560,1468,1820,1347,2043,1440
039_15,HP_039,15,039_15.png,039_15.png,8.9349,0.33104,-2.8077,3.1397,8.7122,45.1067,-11.0,11.0,0.0,2423.60571,1420.58472,1900.49353,1392.30493,2425.79126,1415.21411,1907.24475,1387.56348,2347,1369,2560,1465,1820,1347,2043,1441
040_01,HP_040,1,040_01.png,040_01.png,14.5715,2.4766,4.4268,1.5968,10.6586,44.0915,11.0,-11.0,0.0,2337.15259,1419.99866,1809.583,1454.23718,2330.12378,1424.01135,1807.02185,1458.56323,2203,1367,2420,1495,1670,1403,1895,1536
040_02,HP_040,2,040_02.png,040_02.png,14.5715,2.4766,4.4268,1.5968,10.6586,44.0915,0.0,-11.0,0.0,2308.868,1418.87183,1780.90588,1453.52612,2306.42065,1423.07275,1782.997,1457.96924,2202,1366,2420,1495,1670,1400,1895,1535
040_03,HP_040,3,040_03.png,040_03.png,14.5715,2.4766,4.4268,1.5968,10.6586,44.0915,-11.0,-11.0,0.0,2281.20239,1419.99048,1752.662,1455.14258,2283.24316,1424.00671,1759.32434,1459.31616,2202,1367,2420,1495,1670,1401,1895,1535
040_04,HP_040,4,040_04.png,040_04.png,14.5715,2.4766,4.4268,1.5968,10.6586,44.0915,-11.0,-5.5,0.0,2280.023,1433.25513,1751.27161,1468.53723,2282.25757,1435.12219,1758.16736,1470.54346,2204,1376,2420,1498,1670,1409,1895,1537
040_05,HP_040,5,040_05.png,040_05.png,14.5715,2.4766,4.4268,1.5968,10.6586,44.0915,0.0,-5.5,0.0,2308.88013,1432.75122,1780.87793,1467.50012,2306.42773,1434.70215,1782.97644,1469.67883,2204,1376,2420,1499,1670,1409,1895,1538
040_06,HP_040,6,040_06.png,040_06.png,14.5715,2.4766,4.4268,1.5968,10.6586,44.0915,11.0,-5.5,0.0,2338.50049,1433.54272,1810.9292,1467.81421,2331.245,1435.3623,1808.14624,1469.94067,2204,1378,2420,1500,1670,1411,1896,1538
040_07,HP_040,7,040_07.png,040_07.png,14.5715,2.4766,4.4268,1.5968,10.6586,44.0915,11.0,0.0,0.0,2339.32617,1448.42493,1811.79712,1482.75732,2331.9314,1447.82922,1808.87073,1482.45679,2205,1395,2420,1506,1671,1425,1897,1542
040_08,HP_040,8,040_08.png,040_08.png,14.5715,2.4766,4.4268,1.5968,10.6586,44.0915,0.0,0.0,0.0,2308.886,1448.06079,1780.85425,1483.019,2306.431,1447.52332,1782.9585,1482.67578,2205,1392,2420,1505,1670,1423,1895,1543
040_09,HP_040,9,040_09.png,040_09.png,14.5715,2.4766,4.4268,1.5968,10.6586,44.0915,-11.0,0.0,0.0,2279.295,1447.71375,1750.37317,1483.286,2281.64941,1447.23328,1757.4198,1482.90015,2205,1389,2420,1503,1670,1422,1895,1542
040_10,HP_040,10,040_10.png,040_10.png,14.5715,2.4766,4.4268,1.5968,10.6586,44.0915,-11.0,5.5,0.0,2279.13965,1462.61987,1750.12573,1498.57874,2281.51953,1459.71765,1757.21375,1495.71045,2205,1408,2419,1509,1671,1440,1895,1550
040_11,HP_040,11,040_11.png,040_11.png,14.5715,2.4766,4.4268,1.5968,10.6586,44.0915,0.0,5.5,0.0,2308.88452,1463.90491,1780.83691,1499.18018,2306.4292,1460.79053,1782.94446,1496.20776,2204,1414,2419,1513,1671,1443,1895,1550
040_12,HP_040,12,040_12.png,040_12.png,14.5715,2.4766,4.4268,1.5968,10.6586,44.0915,11.0,5.5,0.0,2339.47119,1463.78931,1812.03638,1498.269,2332.05273,1460.69849,1809.07068,1495.44678,2204,1416,2419,1514,1671,1444,1897,1549
040_13,HP_040,13,040_13.png,040_13.png,14.5715,2.4766,4.4268,1.5968,10.6586,44.0915,11.0,11.0,0.0,2338.89844,1478.58484,1811.59814,1513.35083,2331.57715,1473.0946,1808.70483,1508.0791,2204,1432,2419,1521,1672,1459,1897,1555
040_14,HP_040,14,040_14.png,040_14.png,14.5715,2.4766,4.4268,1.5968,10.6586,44.0915,0.0,11.0,0.0,2308.875,1479.17456,1780.82715,1514.82666,2306.42261,1473.57983,1782.93518,1509.312,2204,1431,2419,1520,1672,1460,1896,1558
040_15,HP_040,15,040_15.png,040_15.png,14.5715,2.4766,4.4268,1.5968,10.6586,44.0915,-11.0,11.0,0.0,2279.58813,1477.07251,1750.57959,1513.39929,2281.89429,1471.82471,1757.59045,1508.12793,2204,1428,2419,1516,1672,1457,1896,1557
041_01,HP_041,1,041_01.png,041_01.png,-13.8307,-9.707,1.4268,9.7498,-3.3393,46.5344,11.0,-11.0,0.0,2847.23853,713.9502,2316.52271,713.973267,2839.81152,718.1881,2313.73071,718.5172,2706,674,2930,810,2178,678,2398,811
041_02,HP_041,2,041_02.png,041_02.png,-13.8307,-9.707,1.4268,9.7498,-3.3393,46.5344,0.0,-11.0,0.0,2816.45874,714.8623,2286.765,714.222168,2814.03516,718.951538,2288.8042,718.721558,2706,674,2930,810,2178,677,2397,811
041_03,HP_041,3,041_03.png,041_03.png,-13.8307,-9.707,1.4268,9.7498,-3.3393,46.5344,-11.0,-11.0,0.0,2789.20752,717.8093,2260.18262,716.7024,2791.20825,721.411865,2266.51563,720.7865,2706,677,2930,811,2178,677,2397,811
041_04,HP_041,4,041_04.png,041_04.png,-13.8307,-9.707,1.4268,9.7498,-3.3393,46.5344,-11.0,-5.5,0.0,2788.97217,731.271851,2259.84058,729.7549,2791.01147,732.6914,2266.23071,731.7284,2706,681,2929,812,2178,681,2397,812
041_05,HP_041,5,041_05.png,041_05.png,-13.8307,-9.707,1.4268,9.7498,-3.3393,46.5344,0.0,-5.5,0.0,2816.46265,729.672241,2286.753,728.567749,2814.0376,731.3551,2288.79468,730.7401,2706,679,2929,812,2178,682,2397,812
041_06,HP_041,6,041_06.png,041_06.png,-13.8307,-9.707,1.4268,9.7498,-3.3393,46.5344,11.0,-5.5,0.0,2847.64282,729.104248,2316.93213,728.5492,2840.14819,730.879639,2314.07275,730.7267,2706,679,2929,812,2178,683,2399,812
041_07,HP_041,7,041_07.png,041_07.png,-13.8307,-9.707,1.4268,9.7498,-3.3393,46.5344,11.0,0.0,0.0,2847.302,744.6587,2316.68066,743.546265,2839.866,743.9055,2313.86279,743.2871,2706,689,2929,814,2178,690,2398,814
041_08,HP_041,8,041_08.png,041_08.png,-13.8307,-9.707,1.4268,9.7498,-3.3393,46.5344,0.0,0.0,0.0,2816.45923,744.831543,2286.747,743.339,2814.036,744.0504,2288.78955,743.113647,2706,688,2929,814,2178,689,2396,814
041_09,HP_041,9,041_09.png,041_09.png,-13.8307,-9.707,1.4268,9.7498,-3.3393,46.5344,-11.0,0.0,0.0,2789.211,744.9696,2260.00854,743.1422,2791.21069,744.1676,2266.37061,742.949341,2706,689,2929,814,2178,689,2396,814
041_10,HP_041,10,041_10.png,041_10.png,-13.8307,-9.707,1.4268,9.7498,-3.3393,46.5344,-11.0,5.5,0.0,2789.89575,758.199,2260.6604,756.1218,2791.7832,755.2545,2266.913,753.8307,2706,700,2929,818,2178,700,2396,818
041_11,HP_041,11,041_11.png,041_11.png,-13.8307,-9.707,1.4268,9.7498,-3.3393,46.5344,0.0,5.5,0.0,2816.44971,759.3706,2286.74756,757.574341,2814.03027,756.23,2288.78833,755.0409,2706,701,2929,819,2178,700,2396,817
041_12,HP_041,12,041_12.png,041_12.png,-13.8307,-9.707,1.4268,9.7498,-3.3393,46.5344,11.0,5.5,0.0,2846.27271,759.536,2315.8103,757.987549,2839.01147,756.3685,2313.13647,755.384766,2706,702,2929,819,2178,701,2398,818
041_13,HP_041,13,041_13.png,041_13.png,-13.8307,-9.707,1.4268,9.7498,-3.3393,46.5344,11.0,11.0,0.0,2844.73242,772.891,2314.467,771.083862,2837.732,767.563232,2312.01416,766.361938,2705,717,2928,825,2178,714,2398,822
041_14,HP_041,14,041_14.png,041_14.png,-13.8307,-9.707,1.4268,9.7498,-3.3393,46.5344,0.0,11.0,0.0,2816.43555,772.5149,2286.75366,770.496,2814.02148,767.2479,2288.79077,765.8733,2706,716,2928,825,2178,714,2396,822
041_15,HP_041,15,041_15.png,041_15.png,-13.8307,-9.707,1.4268,9.7498,-3.3393,46.5344,-11.0,11.0,0.0,2790.93848,770.374634,2261.69873,768.0736,2792.655,765.462769,2267.77734,763.8544,2706,714,2928,822,2178,712,2396,823
042_01,HP_042,1,042_01.png,042_01.png,-0.49514,-11.6296,-0.3938,6.4702,1.3474,46.2145,11.0,-11.0,0.0,2561.93213,895.5521,2043.65576,894.604,2554.71582,899.5974,2041.08557,899.0282,2416,846,2642,977,1907,850,2118,977
042_02,HP_042,2,042_02.png,042_02.png,-0.49514,-11.6296,-0.3938,6.4702,1.3474,46.2145,0.0,-11.0,0.0,2532.09717,895.198,2015.45129,894.377441,2529.72388,899.303833,2017.45789,898.8373,2416,845,2642,977,1907,848,2115,977
042_03,HP_042,3,042_03.png,042_03.png,-0.49514,-11.6296,-0.3938,6.4702,1.3474,46.2145,-11.0,-11.0,0.0,2504.27979,897.1925,1988.86365,896.4104,2506.42358,900.9685,1995.169,900.53064,2416,847,2642,977,1907,848,2115,977
042_04,HP_042,4,042_04.png,042_04.png,-0.49514,-11.6296,-0.3938,6.4702,1.3474,46.2145,-11.0,-5.5,0.0,2503.82739,910.750854,1988.29468,909.475464,2506.04541,912.3275,1994.69556,911.482056,2416,855,2642,980,1907,856,2114,980
042_05,HP_042,5,042_05.png,042_05.png,-0.49514,-11.6296,-0.3938,6.4702,1.3474,46.2145,0.0,-5.5,0.0,2532.15,909.769531,2015.44873,908.3489,2529.767,911.5084,2017.457,910.543335,2416,854,2642,980,1907,855,2114,979
042_06,HP_042,6,042_06.png,042_06.png,-0.49514,-11.6296,-0.3938,6.4702,1.3474,46.2145,11.0,-5.5,0.0,2562.643,910.0465,2044.29456,908.4293,2555.30786,911.739,2041.61914,910.6111,2416,855,2642,980,1907,857,2117,980
042_07,HP_042,7,042_07.png,042_07.png,-0.49514,-11.6296,-0.3938,6.4702,1.3474,46.2145,11.0,0.0,0.0,2562.66064,925.187,2044.34766,922.8976,2555.32324,924.4198,2041.66357,922.73,2416,869,2642,985,1907,867,2117,983
042_08,HP_042,8,042_08.png,042_08.png,-0.49514,-11.6296,-0.3938,6.4702,1.3474,46.2145,0.0,0.0,0.0,2532.1958,924.9877,2015.4519,923.0051,2529.80566,924.2523,2017.46,922.8202,2416,868,2642,986,1907,866,2114,983
042_09,HP_042,9,042_09.png,042_09.png,-0.49514,-11.6296,-0.3938,6.4702,1.3474,46.2145,-11.0,0.0,0.0,2503.89038,924.8052,1988.25549,923.107544,2506.09814,924.1007,1994.66284,922.9064,2416,867,2642,985,1907,867,2114,984
042_10,HP_042,10,042_10.png,042_10.png,-0.49514,-11.6296,-0.3938,6.4702,1.3474,46.2145,-11.0,5.5,0.0,2504.471,938.5753,1988.75513,936.5133,2506.58325,935.6376,1995.07849,934.1422,2416,883,2641,991,1908,882,2115,990
042_11,HP_042,11,042_11.png,042_11.png,-0.49514,-11.6296,-0.3938,6.4702,1.3474,46.2145,0.0,5.5,0.0,2532.23315,939.841064,2015.46118,937.3933,2529.83862,936.693359,2017.46631,934.8738,2415,885,2641,992,1908,882,2115,988
042_12,HP_042,12,042_12.png,042_12.png,-0.49514,-11.6296,-0.3938,6.4702,1.3474,46.2145,11.0,5.5,0.0,2561.97754,939.9452,2043.80383,937.114868,2554.75684,936.7831,2041.20959,934.6399,2415,885,2641,991,1908,881,2118,988
042_13,HP_042,13,042_13.png,042_13.png,-0.49514,-11.6296,-0.3938,6.4702,1.3474,46.2145,11.0,11.0,0.0,2560.72046,953.414551,2042.75549,950.269165,2553.71265,948.073,2040.33423,945.6644,2415,903,2641,998,1908,898,2118,993
042_14,HP_042,14,042_14.png,042_14.png,-0.49514,-11.6296,-0.3938,6.4702,1.3474,46.2145,0.0,11.0,0.0,2532.26147,953.432251,2015.4751,950.651855,2529.86523,948.0835,2017.47571,945.9862,2415,903,2641,999,1908,901,2115,995
042_15,HP_042,15,042_15.png,042_15.png,-0.49514,-11.6296,-0.3938,6.4702,1.3474,46.2145,-11.0,11.0,0.0,2505.491,951.3551,1989.7135,948.9697,2507.43579,946.3496,1995.876,944.5864,2415,901,2641,998,1908,899,2115,996
043_01,HP_043,1,043_01.png,043_01.png,-0.95844,-4.1668,4.3617,3.8714,5.0232,44.7229,11.0,-11.0,0.0,2459.02368,1178.05688,1918.54468,1213.66821,2451.49023,1182.46094,1915.72949,1218.17834,2314,1135,2542,1272,1777,1173,2000,1310
043_02,HP_043,2,043_02.png,043_02.png,-0.95844,-4.1668,4.3617,3.8714,5.0232,44.7229,0.0,-11.0,0.0,2428.08423,1177.542,1888.268,1212.78064,2425.571,1182.03516,1890.36963,1217.43579,2314,1133,2542,1271,1777,1171,1999,1310
043_03,HP_043,3,043_03.png,043_03.png,-0.95844,-4.1668,4.3617,3.8714,5.0232,44.7229,-11.0,-11.0,0.0,2398.53979,1179.61279,1859.067,1214.4939,2400.82617,1183.764,1865.896,1218.861,2314,1135,2542,1271,1777,1172,1999,1310
043_04,HP_043,4,043_04.png,043_04.png,-0.95844,-4.1668,4.3617,3.8714,5.0232,44.7229,-11.0,-5.5,0.0,2397.57764,1193.84424,1857.9281,1228.4939,2400.02271,1195.68677,1864.94836,1230.59424,2315,1140,2542,1273,1777,1176,1999,1311
043_05,HP_043,5,043_05.png,043_05.png,-0.95844,-4.1668,4.3617,3.8714,5.0232,44.7229,0.0,-5.5,0.0,2428.10669,1192.64319,1888.24976,1227.59961,2425.5874,1194.68359,1890.35681,1229.85059,2315,1139,2542,1273,1777,1176,1999,1311
043_06,HP_043,6,043_06.png,043_06.png,-0.95844,-4.1668,4.3617,3.8714,5.0232,44.7229,11.0,-5.5,0.0,2460.25854,1192.8761,1919.71045,1228.16992,2452.517,1194.87622,1916.703,1230.32764,2315,1141,2542,1273,1777,1178,2000,1312
043_07,HP_043,7,043_07.png,043_07.png,-0.95844,-4.1668,4.3617,3.8714,5.0232,44.7229,11.0,0.0,0.0,2460.79932,1208.90552,1920.26868,1243.85083,2452.9668,1208.30029,1917.16882,1243.45923,2316,1153,2542,1277,1777,1188,2001,1315
043_08,HP_043,8,043_08.png,043_08.png,-0.95844,-4.1668,4.3617,3.8714,5.0232,44.7229,0.0,0.0,0.0,2428.122,1208.98755,1888.2373,1243.73584,2425.599,1208.36829,1890.34741,1243.363,2316,1150,2542,1277,1777,1185,1999,1314
043_09,HP_043,9,043_09.png,043_09.png,-0.95844,-4.1668,4.3617,3.8714,5.0232,44.7229,-11.0,0.0,0.0,2397.17261,1209.05347,1857.37769,1243.61511,2399.684,1208.42432,1864.49048,1243.2627,2316,1150,2542,1276,1777,1184,1999,1314
043_10,HP_043,10,043_10.png,043_10.png,-0.95844,-4.1668,4.3617,3.8714,5.0232,44.7229,-11.0,5.5,0.0,2397.40186,1224.358,1857.52246,1258.93079,2399.87524,1221.24219,1864.61035,1256.09351,2317,1165,2541,1281,1777,1197,1999,1319
043_11,HP_043,11,043_11.png,043_11.png,-0.95844,-4.1668,4.3617,3.8714,5.0232,44.7229,0.0,5.5,0.0,2428.12866,1225.46216,1888.232,1260.1062,2425.60571,1222.162,1890.34265,1257.0708,2317,1167,2541,1283,1777,1199,1999,1318
043_12,HP_043,12,043_12.png,043_12.png,-0.95844,-4.1668,4.3617,3.8714,5.0232,44.7229,11.0,5.5,0.0,2460.52686,1225.05664,1920.10938,1259.73694,2452.74121,1221.82666,1917.03613,1256.76245,2317,1171,2541,1283,1777,1201,2002,1319
043_13,HP_043,13,043_13.png,043_13.png,-0.95844,-4.1668,4.3617,3.8714,5.0232,44.7229,11.0,11.0,0.0,2459.49048,1240.173,1919.25732,1274.76855,2451.881,1234.49182,1916.32507,1269.35449,2317,1191,2541,1291,1778,1219,2002,1324
043_14,HP_043,14,043_14.png,043_14.png,-0.95844,-4.1668,4.3617,3.8714,5.0232,44.7229,0.0,11.0,0.0,2428.127,1240.88257,1888.23389,1275.52222,2425.607,1235.0791,1890.34229,1269.98438,2317,1189,2541,1290,1778,1218,1999,1325
043_15,HP_043,15,043_15.png,043_15.png,-0.95844,-4.1668,4.3617,3.8714,5.0232,44.7229,-11.0,11.0,0.0,2398.233,1238.8302,1858.33838,1273.43311,2400.56934,1233.36743,1865.28833,1268.24707,2317,1183,2541,1287,1778,1214,1999,1326
044_01,HP_044,1,044_01.png,044_01.png,8.5279,-3.6056,-3.6001,4.0811,7.8197,46.5979,11.0,-11.0,0.0,2485.07471,1291.1001,1980.96155,1258.76074,2478.478,1294.5835,1978.64941,1262.9939,2353,1240,2566,1368,1847,1212,2063,1337
044_02,HP_044,2,044_02.png,044_02.png,8.5279,-3.6056,-3.6001,4.0811,7.8197,46.5979,0.0,-11.0,0.0,2458.347,1290.60132,1954.4502,1258.49292,2456.08057,1294.16846,1956.43433,1262.76929,2353,1240,2565,1368,1847,1211,2062,1337
044_03,HP_044,3,044_03.png,044_03.png,8.5279,-3.6056,-3.6001,4.0811,7.8197,46.5979,-11.0,-11.0,0.0,2432.94287,1292.01147,1929.10767,1260.192,2434.79517,1295.346,1935.18652,1264.18481,2353,1241,2565,1368,1847,1210,2061,1337
044_04,HP_044,4,044_04.png,044_04.png,8.5279,-3.6056,-3.6001,4.0811,7.8197,46.5979,-11.0,-5.5,0.0,2432.123,1304.3208,1928.16357,1272.34521,2434.10986,1305.66187,1934.40051,1274.37451,2353,1249,2565,1371,1847,1219,2061,1340
044_05,HP_044,5,044_05.png,044_05.png,8.5279,-3.6056,-3.6001,4.0811,7.8197,46.5979,0.0,-5.5,0.0,2458.35864,1303.62866,1954.4375,1271.33936,2456.08838,1305.084,1956.4259,1273.53613,2353,1248,2565,1371,1847,1219,2061,1339
044_06,HP_044,6,044_06.png,044_06.png,8.5279,-3.6056,-3.6001,4.0811,7.8197,46.5979,11.0,-5.5,0.0,2486.10425,1304.00513,1981.97314,1271.436,2479.33472,1305.39807,1979.49438,1273.61719,2353,1248,2565,1370,1847,1219,2063,1339
044_07,HP_044,7,044_07.png,044_07.png,8.5279,-3.6056,-3.6001,4.0811,7.8197,46.5979,11.0,0.0,0.0,2486.62573,1317.92688,1982.52222,1285.13159,2479.76929,1317.061,1979.95313,1285.09082,2353,1260,2565,1375,1847,1229,2062,1343
044_08,HP_044,8,044_08.png,044_08.png,8.5279,-3.6056,-3.6001,4.0811,7.8197,46.5979,0.0,0.0,0.0,2458.365,1317.68738,1954.42981,1285.2793,2456.09277,1316.85986,1956.42041,1285.21436,2353,1261,2565,1376,1847,1231,2060,1344
044_09,HP_044,9,044_09.png,044_09.png,8.5279,-3.6056,-3.6001,4.0811,7.8197,46.5979,-11.0,0.0,0.0,2431.7085,1317.46143,1927.65637,1285.426,2433.763,1316.67163,1933.97852,1285.33765,2353,1261,2565,1375,1847,1232,2060,1345
044_10,HP_044,10,044_10.png,044_10.png,8.5279,-3.6056,-3.6001,4.0811,7.8197,46.5979,-11.0,5.5,0.0,2431.767,1330.78394,1927.66821,1298.74561,2433.812,1327.83374,1933.98828,1296.50024,2352,1278,2565,1381,1847,1249,2060,1352
044_11,HP_044,11,044_11.png,044_11.png,8.5279,-3.6056,-3.6001,4.0811,7.8197,46.5979,0.0,5.5,0.0,2458.36548,1331.97266,1954.42749,1299.51038,2456.09351,1328.8252,1956.41858,1297.13562,2352,1278,2565,1383,1847,1247,2060,1350
044_12,HP_044,12,044_12.png,044_12.png,8.5279,-3.6056,-3.6001,4.0811,7.8197,46.5979,11.0,5.5,0.0,2486.53784,1332.05859,1982.518,1299.103,2479.69678,1328.90015,1979.94946,1296.79443,2352,1276,2565,1382,1847,1244,2062,1348
044_13,HP_044,13,044_13.png,044_13.png,8.5279,-3.6056,-3.6001,4.0811,7.8197,46.5979,11.0,11.0,0.0,2485.84546,1345.49878,1981.96033,1312.51416,2479.122,1340.16357,1979.48364,1308.03125,2352,1291,2564,1388,1848,1262,2062,1354
044_14,HP_044,14,044_14.png,044_14.png,8.5279,-3.6056,-3.6001,4.0811,7.8197,46.5979,0.0,11.0,0.0,2458.36,1345.58228,1954.4314,1313.12683,2456.09082,1340.22876,1956.42065,1308.54468,2352,1293,2564,1390,1848,1267,2060,1357
044_15,HP_044,15,044_15.png,044_15.png,8.5279,-3.6056,-3.6001,4.0811,7.8197,46.5979,-11.0,11.0,0.0,2432.29688,1343.57275,1928.19763,1311.53662,2434.25439,1338.55151,1934.42871,1307.22192,2352,1293,2564,1388,1848,1268,2060,1359
045_01,HP_045,1,045_01.png,045_01.png,12.605,-14.3181,-6.2333,9.7526,11.9145,44.6026,11.0,-11.0,0.0,2842.09619,1567.12378,2307.707,1516.10693,2834.98486,1570.761,2305.33325,1520.54614,2697,1514,2927,1649,2170,1468,2388,1595
045_02,HP_045,2,045_02.png,045_02.png,12.605,-14.3181,-6.2333,9.7526,11.9145,44.6026,0.0,-11.0,0.0,2813.393,1567.435,2280.44873,1516.62073,2810.93921,1571.02173,2282.48975,1520.97314,2697,1514,2927,1649,2170,1468,2386,1596
045_03,HP_045,3,045_03.png,045_03.png,12.605,-14.3181,-6.2333,9.7526,11.9145,44.6026,-11.0,-11.0,0.0,2787.5144,1569.51074,2255.72534,1518.8949,2789.257,1572.75513,2261.75342,1522.869,2697,1515,2927,1650,2170,1468,2386,1596
045_04,HP_045,4,045_04.png,045_04.png,12.605,-14.3181,-6.2333,9.7526,11.9145,44.6026,-11.0,-5.5,0.0,2786.49072,1581.89258,2254.611,1530.704,2788.401,1583.13232,2260.826,1532.77344,2697,1524,2927,1653,2170,1477,2385,1600
045_05,HP_045,5,045_05.png,045_05.png,12.605,-14.3181,-6.2333,9.7526,11.9145,44.6026,0.0,-5.5,0.0,2813.43018,1580.7948,2280.43555,1529.34753,2810.96729,1582.21533,2282.48145,1531.6427,2697,1522,2927,1652,2170,1476,2385,1599
045_06,HP_045,6,045_06.png,045_06.png,12.605,-14.3181,-6.2333,9.7526,11.9145,44.6026,11.0,-5.5,0.0,2843.6626,1580.71143,2309.12451,1529.0,2836.2876,1582.14575,2306.51758,1531.35352,2697,1521,2927,1651,2170,1474,2388,1598
045_07,HP_045,7,045_07.png,045_07.png,12.605,-14.3181,-6.2333,9.7526,11.9145,44.6026,11.0,0.0,0.0,2844.74023,1595.82007,2310.11646,1543.32336,2837.18384,1594.79871,2307.346,1543.35278,2697,1533,2927,1656,2170,1485,2387,1601
045_08,HP_045,8,045_08.png,045_08.png,12.605,-14.3181,-6.2333,9.7526,11.9145,44.6026,0.0,0.0,0.0,2813.464,1595.55835,2280.42651,1543.47437,2810.994,1594.57971,2282.47583,1543.47949,2697,1535,2927,1657,2171,1488,2384,1603
045_09,HP_045,9,045_09.png,045_09.png,12.605,-14.3181,-6.2333,9.7526,11.9145,44.6026,-11.0,0.0,0.0,2785.819,1595.32715,2253.85059,1543.615,2787.83887,1594.38818,2260.193,1543.59717,2697,1537,2927,1656,2171,1490,2384,1605
045_10,HP_045,10,045_10.png,045_10.png,12.605,-14.3181,-6.2333,9.7526,11.9145,44.6026,-11.0,5.5,0.0,2785.59888,1609.23267,2253.555,1557.04688,2787.65479,1606.03735,2259.94678,1554.85547,2697,1555,2926,1663,2171,1508,2384,1611
045_11,HP_045,11,045_11.png,045_11.png,12.605,-14.3181,-6.2333,9.7526,11.9145,44.6026,0.0,5.5,0.0,2813.49243,1610.96472,2280.42261,1558.28442,2811.017,1607.48047,2282.47339,1555.88538,2697,1554,2926,1664,2171,1505,2384,1609
045_12,HP_045,12,045_12.png,045_12.png,12.605,-14.3181,-6.2333,9.7526,11.9145,44.6026,11.0,5.5,0.0,2845.12744,1611.61963,2310.52,1558.35144,2837.50684,1608.02844,2307.68262,1555.93921,2697,1550,2926,1662,2171,1501,2387,1607
045_13,HP_045,13,045_13.png,045_13.png,12.605,-14.3181,-6.2333,9.7526,11.9145,44.6026,11.0,11.0,0.0,2844.73682,1626.99683,2310.26074,1573.1189,2837.183,1620.90771,2307.466,1568.30859,2696,1567,2926,1669,2171,1520,2388,1613
045_14,HP_045,14,045_14.png,045_14.png,12.605,-14.3181,-6.2333,9.7526,11.9145,44.6026,0.0,11.0,0.0,2813.51416,1626.01172,2280.42456,1572.82544,2811.03662,1620.083,2282.47461,1568.06738,2696,1569,2926,1671,2171,1526,2384,1616
045_15,HP_045,15,045_15.png,045_15.png,12.605,-14.3181,-6.2333,9.7526,11.9145,44.6026,-11.0,11.0,0.0,2785.87256,1622.88281,2253.77246,1570.26074,2787.88354,1617.47424,2260.12744,1565.93237,2696,1569,2926,1670,2171,1527,2384,1618
046_01,HP_046,1,046_01.png,046_01.png,-11.3135,-20.3894,-2.389,10.1184,-3.9133,42.7951,11.0,-11.0,0.0,2831.33862,579.3303,2256.42,550.6821,2822.4248,584.5265,2253.01758,556.2361,2658,534,2912,678,2106,510,2325,647
046_02,HP_046,2,046_02.png,046_02.png,-11.3135,-20.3894,-2.389,10.1184,-3.9133,42.7951,0.0,-11.0,0.0,2792.76123,579.9457,2221.90967,550.891968,2790.13916,585.0416,2224.12354,556.4071,2658,532,2912,678,2106,510,2321,647
046_03,HP_046,3,046_03.png,046_03.png,-11.3135,-20.3894,-2.389,10.1184,-3.9133,42.7951,-11.0,-11.0,0.0,2758.95361,583.8446,2190.95581,554.2283,2761.838,588.2921,2198.1792,559.1832,2658,534,2912,679,2106,508,2321,647
046_04,HP_046,4,046_04.png,046_04.png,-11.3135,-20.3894,-2.389,10.1184,-3.9133,42.7951,-11.0,-5.5,0.0,2758.84619,600.418945,2190.666,569.7163,2761.74854,602.170654,2197.93848,572.1615,2658,542,2912,681,2106,515,2320,649
046_05,HP_046,5,046_05.png,046_05.png,-11.3135,-20.3894,-2.389,10.1184,-3.9133,42.7951,0.0,-5.5,0.0,2792.88867,598.4523,2221.90869,568.0104,2790.24561,600.5298,2224.12354,570.742065,2658,541,2912,681,2106,516,2321,649
046_06,HP_046,6,046_06.png,046_06.png,-11.3135,-20.3894,-2.389,10.1184,-3.9133,42.7951,11.0,-5.5,0.0,2831.85156,598.177,2256.77368,567.9155,2822.85278,600.2992,2253.3125,570.6647,2658,541,2912,680,2106,515,2325,649
046_07,HP_046,7,046_07.png,046_07.png,-11.3135,-20.3894,-2.389,10.1184,-3.9133,42.7951,11.0,0.0,0.0,2831.21436,617.3893,2256.24023,585.5001,2822.326,616.3783,2252.868,585.386,2658,553,2912,685,2106,526,2323,652
046_08,HP_046,8,046_08.png,046_08.png,-11.3135,-20.3894,-2.389,10.1184,-3.9133,42.7951,0.0,0.0,0.0,2793.00073,617.2971,2221.91748,585.4961,2790.34131,616.3009,2224.13,585.3827,2658,554,2912,686,2106,527,2320,652
046_09,HP_046,9,046_09.png,046_09.png,-11.3135,-20.3894,-2.389,10.1184,-3.9133,42.7951,-11.0,0.0,0.0,2759.4436,617.209,2191.07666,585.490967,2762.24683,616.23,2198.27979,585.3788,2658,554,2912,686,2106,527,2319,653
046_10,HP_046,10,046_10.png,046_10.png,-11.3135,-20.3894,-2.389,10.1184,-3.9133,42.7951,-11.0,5.5,0.0,2760.66846,633.1852,2192.111,600.547,2763.27,629.612549,2199.14014,597.9967,2657,571,2911,693,2106,543,2319,659
046_11,HP_046,11,046_11.png,046_11.png,-11.3135,-20.3894,-2.389,10.1184,-3.9133,42.7951,0.0,5.5,0.0,2793.09351,635.0067,2221.93481,602.037354,2790.42285,631.12915,2224.1416,599.2368,2657,572,2911,693,2106,542,2320,657
046_12,HP_046,12,046_12.png,046_12.png,-11.3135,-20.3894,-2.389,10.1184,-3.9133,42.7951,11.0,5.5,0.0,2829.581,635.3601,2254.93213,602.1421,2820.97217,631.426,2251.77661,599.3225,2657,571,2911,691,2106,541,2323,657
046_13,HP_046,13,046_13.png,046_13.png,-11.3135,-20.3894,-2.389,10.1184,-3.9133,42.7951,11.0,11.0,0.0,2827.29761,650.984,2253.09058,616.906738,2819.07764,644.520264,2250.23926,611.6958,2657,590,2910,697,2106,558,2324,662
046_14,HP_046,14,046_14.png,046_14.png,-11.3135,-20.3894,-2.389,10.1184,-3.9133,42.7951,0.0,11.0,0.0,2793.1687,650.537231,2221.95752,616.6915,2790.49072,644.1439,2224.15723,611.5194,2657,591,2910,701,2106,561,2321,663
046_15,HP_046,15,046_15.png,046_15.png,-11.3135,-20.3894,-2.389,10.1184,-3.9133,42.7951,-11.0,11.0,0.0,2762.35,647.561646,2193.59839,614.124,2764.675,641.6627,2200.37769,609.3815,2657,590,2910,700,2106,561,2320,665
047_01,HP_047,1,047_01.png,047_01.png,-7.9604,-23.4651,0.93688,16.7029,0.32455,42.7411,11.0,-11.0,0.0,3351.214,900.760254,2743.909,889.823,3342.2832,905.8773,2740.697,895.072754,3182,859,3443,1005,2593,854,2824,990
047_02,HP_047,2,047_02.png,047_02.png,-7.9604,-23.4651,0.93688,16.7029,0.32455,42.7411,0.0,-11.0,0.0,3314.02466,903.368164,2710.32764,891.572144,3311.1626,908.052734,2712.57129,896.5261,3182,860,3443,1005,2593,853,2821,990
047_03,HP_047,3,047_03.png,047_03.png,-7.9604,-23.4651,0.93688,16.7029,0.32455,42.7411,-11.0,-11.0,0.0,3283.75122,907.7833,2682.57275,895.3489,3285.81128,911.7363,2689.29248,899.6725,3182,861,3443,1005,2593,853,2821,990
047_04,HP_047,4,047_04.png,047_04.png,-7.9604,-23.4651,0.93688,16.7029,0.32455,42.7411,-11.0,-5.5,0.0,3283.27368,922.5338,2681.989,908.963,3285.412,924.0935,2688.80664,911.0879,3182,867,3442,1007,2594,857,2821,992
047_05,HP_047,5,047_05.png,047_05.png,-7.9604,-23.4651,0.93688,16.7029,0.32455,42.7411,0.0,-5.5,0.0,3314.07935,920.141,2710.3208,907.011963,3311.20654,922.0957,2712.56738,909.462646,3182,866,3442,1006,2594,858,2821,991
047_06,HP_047,6,047_06.png,047_06.png,-7.9604,-23.4651,0.93688,16.7029,0.32455,42.7411,11.0,-5.5,0.0,3352.35767,918.6676,2744.8645,906.152466,3343.233,920.8661,2741.49438,908.749,3182,865,3442,1006,2594,859,2825,991
047_07,HP_047,7,047_07.png,047_07.png,-7.9604,-23.4651,0.93688,16.7029,0.32455,42.7411,11.0,0.0,0.0,3352.43823,937.650146,2744.96533,923.442749,3343.30151,936.750854,2741.57861,923.2252,3182,878,3442,1010,2594,868,2824,994
047_08,HP_047,8,047_08.png,047_08.png,-7.9604,-23.4651,0.93688,16.7029,0.32455,42.7411,0.0,0.0,0.0,3314.12524,937.7428,2710.32129,923.2892,3311.24487,936.8301,2712.56787,923.097046,3182,877,3442,1010,2594,866,2820,994
047_09,HP_047,9,047_09.png,047_09.png,-7.9604,-23.4651,0.93688,16.7029,0.32455,42.7411,-11.0,0.0,0.0,3283.32129,937.803467,2681.925,923.1576,3285.45215,936.884033,2688.75317,922.987549,3182,877,3442,1010,2594,866,2820,994
047_10,HP_047,10,047_10.png,047_10.png,-7.9604,-23.4651,0.93688,16.7029,0.32455,42.7411,-11.0,5.5,0.0,3283.90039,952.7948,2682.39233,937.153564,3285.93555,949.443359,2689.14233,934.7217,3182,891,3442,1015,2594,879,2820,999
047_11,HP_047,11,047_11.png,047_11.png,-7.9604,-23.4651,0.93688,16.7029,0.32455,42.7411,0.0,5.5,0.0,3314.15967,954.938965,2710.32861,939.274048,3311.27661,951.2278,2712.57251,936.488037,3182,893,3442,1017,2594,880,2820,998
047_12,HP_047,12,047_12.png,047_12.png,-7.9604,-23.4651,0.93688,16.7029,0.32455,42.7411,11.0,5.5,0.0,3351.42529,956.123047,2744.186,940.3862,3342.4624,952.213257,2740.92871,937.412964,3182,894,3442,1016,2594,881,2823,998
047_13,HP_047,13,047_13.png,047_13.png,-7.9604,-23.4651,0.93688,16.7029,0.32455,42.7411,11.0,11.0,0.0,3349.54248,972.6958,2742.68652,955.8119,3340.90112,966.0956,2739.67725,950.3374,3181,915,3441,1023,2594,898,2824,1004
047_14,HP_047,14,047_14.png,047_14.png,-7.9604,-23.4651,0.93688,16.7029,0.32455,42.7411,0.0,11.0,0.0,3314.18433,970.623535,2710.3418,953.9437,3311.30078,964.368042,2712.581,948.783447,3181,912,3441,1024,2594,897,2820,1003
047_15,HP_047,15,047_15.png,047_15.png,-7.9604,-23.4651,0.93688,16.7029,0.32455,42.7411,-11.0,11.0,0.0,3284.93823,966.7755,2683.31958,950.231934,3286.80347,961.161133,2689.914,945.6903,3181,908,3441,1021,2594,894,2820,1005
048_01,HP_048,1,048_01.png,048_01.png,-2.7642,-26.978,2.899,14.833,3.629,46.8828,11.0,-11.0,0.0,2970.85278,1112.91333,2464.68115,1118.884,2963.80225,1116.74792,2462.487,1122.77917,2816,1072,3053,1203,2334,1082,2530,1206
048_02,HP_048,2,048_02.png,048_02.png,-2.7642,-26.978,2.899,14.833,3.629,46.8828,0.0,-11.0,0.0,2942.3562,1113.91528,2439.318,1119.54248,2939.93262,1117.58582,2441.23,1123.32629,2816,1070,3053,1203,2334,1080,2528,1206
048_03,HP_048,3,048_03.png,048_03.png,-2.7642,-26.978,2.899,14.833,3.629,46.8828,-11.0,-11.0,0.0,2917.379,1116.48193,2416.946,1121.66614,2919.00562,1119.72937,2422.4624,1125.097,2816,1071,3053,1203,2334,1080,2528,1206
048_04,HP_048,4,048_04.png,048_04.png,-2.7642,-26.978,2.899,14.833,3.629,46.8828,-11.0,-5.5,0.0,2916.89624,1128.44873,2416.38525,1132.69067,2918.60181,1129.75879,2421.995,1134.34375,2816,1076,3052,1204,2334,1084,2528,1207
048_05,HP_048,5,048_05.png,048_05.png,-2.7642,-26.978,2.899,14.833,3.629,46.8828,0.0,-5.5,0.0,2942.45313,1127.02307,2439.32568,1131.597,2940.01245,1128.5675,2441.23779,1133.432,2816,1076,3052,1204,2334,1084,2528,1207
048_06,HP_048,6,048_06.png,048_06.png,-2.7642,-26.978,2.899,14.833,3.629,46.8828,11.0,-5.5,0.0,2971.863,1126.42334,2465.47949,1131.30359,2964.64282,1128.06592,2463.1543,1133.18848,2816,1077,3052,1204,2334,1086,2530,1208
048_07,HP_048,7,048_07.png,048_07.png,-2.7642,-26.978,2.899,14.833,3.629,46.8828,11.0,0.0,0.0,2972.27271,1140.82434,2465.80957,1144.5144,2964.98438,1140.12708,2463.42969,1144.25757,2817,1087,3052,1207,2334,1093,2530,1210
048_08,HP_048,8,048_08.png,048_08.png,-2.7642,-26.978,2.899,14.833,3.629,46.8828,0.0,0.0,0.0,2942.54248,1140.9115,2439.33984,1144.39465,2940.08643,1140.20044,2441.25,1144.15747,2817,1085,3052,1207,2334,1091,2528,1210
048_09,HP_048,9,048_09.png,048_09.png,-2.7642,-26.978,2.899,14.833,3.629,46.8828,-11.0,0.0,0.0,2916.78638,1140.975,2416.17383,1144.28674,2918.51,1140.25525,2421.819,1144.06787,2817,1085,3052,1207,2334,1091,2528,1209
048_10,HP_048,10,048_10.png,048_10.png,-2.7642,-26.978,2.899,14.833,3.629,46.8828,-11.0,5.5,0.0,2917.07739,1153.48267,2416.34424,1155.91846,2918.75342,1150.73682,2421.961,1153.82153,2818,1096,3052,1212,2334,1100,2528,1213
048_11,HP_048,11,048_11.png,048_11.png,-2.7642,-26.978,2.899,14.833,3.629,46.8828,0.0,5.5,0.0,2942.62061,1154.78271,2439.35938,1157.239,2940.15283,1151.81982,2441.26636,1154.92236,2818,1099,3052,1213,2334,1102,2529,1213
048_12,HP_048,12,048_12.png,048_12.png,-2.7642,-26.978,2.899,14.833,3.629,46.8828,11.0,5.5,0.0,2972.00854,1155.20435,2465.61572,1157.77222,2964.76587,1152.17163,2463.268,1155.36621,2818,1101,3052,1211,2334,1104,2531,1213
048_13,HP_048,13,048_13.png,048_13.png,-2.7642,-26.978,2.899,14.833,3.629,46.8828,11.0,11.0,0.0,2971.12573,1168.64087,2464.93115,1170.31213,2964.03345,1163.43054,2462.69629,1165.87646,2818,1117,3052,1217,2335,1117,2532,1217
048_14,HP_048,14,048_14.png,048_14.png,-2.7642,-26.978,2.899,14.833,3.629,46.8828,0.0,11.0,0.0,2942.68579,1167.83008,2439.38452,1169.41479,2940.20972,1162.75317,2441.28564,1165.12976,2818,1114,3052,1218,2335,1115,2529,1217
048_15,HP_048,15,048_15.png,048_15.png,-2.7642,-26.978,2.899,14.833,3.629,46.8828,-11.0,11.0,0.0,2917.74268,1165.38928,2416.87622,1167.03662,2919.30981,1160.71753,2422.40381,1163.147,2818,1110,3052,1217,2335,1113,2528,1217
049_01,HP_049,1,049_01.png,049_01.png,5.8352,-21.7347,-4.311,11.8568,6.219,44.3589,11.0,-11.0,0.0,2907.989,1191.68811,2367.41333,1164.26636,2900.34131,1195.82275,2364.825,1168.89746,2750,1140,2992,1273,2228,1118,2439,1244
049_02,HP_049,2,049_02.png,049_02.png,5.8352,-21.7347,-4.311,11.8568,6.219,44.3589,0.0,-11.0,0.0,2876.446,1192.2439,2338.79346,1164.998,2873.92651,1196.28723,2340.84619,1169.50586,2750,1140,2992,1274,2228,1118,2436,1245
049_03,HP_049,3,049_03.png,049_03.png,5.8352,-21.7347,-4.311,11.8568,6.219,44.3589,-11.0,-11.0,0.0,2848.63354,1194.87183,2313.26587,1167.6687,2850.63037,1198.48022,2319.4375,1171.73193,2750,1141,2992,1274,2228,1118,2435,1245
049_04,HP_049,4,049_04.png,049_04.png,5.8352,-21.7347,-4.311,11.8568,6.219,44.3589,-11.0,-5.5,0.0,2847.913,1208.24536,2312.453,1180.128,2850.028,1209.68579,2318.76074,1182.17957,2750,1150,2991,1278,2229,1126,2434,1248
049_05,HP_049,5,049_05.png,049_05.png,5.8352,-21.7347,-4.311,11.8568,6.219,44.3589,0.0,-5.5,0.0,2876.53369,1206.90259,2338.78662,1178.59131,2873.9978,1208.565,2340.84229,1180.89856,2750,1150,2991,1277,2229,1126,2435,1247
049_06,HP_049,6,049_06.png,049_06.png,5.8352,-21.7347,-4.311,11.8568,6.219,44.3589,11.0,-5.5,0.0,2909.317,1206.715,2368.501,1178.11914,2901.4458,1208.40833,2365.7334,1180.50562,2750,1148,2991,1277,2228,1125,2439,1247
049_07,HP_049,7,049_07.png,049_07.png,5.8352,-21.7347,-4.311,11.8568,6.219,44.3589,11.0,0.0,0.0,2909.92456,1222.95361,2369.01074,1193.075,2901.95166,1222.00439,2366.159,1193.03247,2750,1161,2991,1282,2229,1136,2437,1251
049_08,HP_049,8,049_08.png,049_08.png,5.8352,-21.7347,-4.311,11.8568,6.219,44.3589,0.0,0.0,0.0,2876.616,1222.65735,2338.786,1193.24585,2874.06567,1221.75647,2340.84253,1193.17578,2750,1163,2991,1283,2229,1137,2434,1252
049_09,HP_049,9,049_09.png,049_09.png,5.8352,-21.7347,-4.311,11.8568,6.219,44.3589,-11.0,0.0,0.0,2847.6543,1222.40625,2312.08618,1193.39917,2849.81177,1221.54834,2318.45557,1193.30444,2750,1163,2991,1283,2229,1139,2434,1253
049_10,HP_049,10,049_10.png,049_10.png,5.8352,-21.7347,-4.311,11.8568,6.219,44.3589,-11.0,5.5,0.0,2847.91113,1236.63062,2312.225,1206.78748,2850.02637,1233.4646,2318.57129,1204.52734,2749,1181,2990,1290,2229,1154,2435,1259
049_11,HP_049,11,049_11.png,049_11.png,5.8352,-21.7347,-4.311,11.8568,6.219,44.3589,0.0,5.5,0.0,2876.68945,1238.502,2338.7915,1208.063,2874.12817,1235.02393,2340.847,1205.5885,2749,1182,2990,1291,2229,1154,2435,1257
049_12,HP_049,12,049_12.png,049_12.png,5.8352,-21.7347,-4.311,11.8568,6.219,44.3589,11.0,5.5,0.0,2909.68359,1239.27393,2368.848,1208.20654,2901.75342,1235.66943,2366.023,1205.70581,2749,1180,2991,1288,2229,1151,2438,1256
049_13,HP_049,13,049_13.png,049_13.png,5.8352,-21.7347,-4.311,11.8568,6.219,44.3589,11.0,11.0,0.0,2908.647,1254.47974,2368.04272,1222.52173,2900.8938,1248.40771,2365.35083,1217.69946,2749,1197,2990,1295,2229,1170,2439,1262
049_14,HP_049,14,049_14.png,049_14.png,5.8352,-21.7347,-4.311,11.8568,6.219,44.3589,0.0,11.0,0.0,2876.75171,1253.37329,2338.80347,1222.08337,2874.18262,1247.48193,2340.85522,1217.3374,2749,1198,2990,1298,2230,1174,2435,1263
049_15,HP_049,15,049_15.png,049_15.png,5.8352,-21.7347,-4.311,11.8568,6.219,44.3589,-11.0,11.0,0.0,2848.65918,1250.16187,2312.84937,1219.55981,2850.65161,1244.80383,2319.09058,1215.23633,2749,1197,2990,1297,2230,1173,2435,1266
050_01,HP_050,1,050_01.png,050_01.png,6.6543,-18.2592,3.3927,11.4633,10.9458,47.0452,11.0,-11.0,0.0,2803.658,1536.558,2302.60718,1553.88379,2797.03735,1540.09106,2300.58057,1557.52979,2659,1493,2887,1623,2173,1514,2375,1640
050_02,HP_050,2,050_02.png,050_02.png,6.6543,-18.2592,3.3927,11.4633,10.9458,47.0452,0.0,-11.0,0.0,2777.543,1537.02173,2278.38037,1554.15552,2775.15356,1540.48,2280.27246,1557.75464,2659,1491,2887,1623,2173,1512,2373,1640
050_03,HP_050,3,050_03.png,050_03.png,6.6543,-18.2592,3.3927,11.4633,10.9458,47.0452,-11.0,-11.0,0.0,2753.77051,1538.96191,2256.28857,1555.83862,2755.2312,1542.1012,2261.74023,1559.1582,2659,1492,2887,1623,2173,1512,2373,1640
050_04,HP_050,4,050_04.png,050_04.png,6.6543,-18.2592,3.3927,11.4633,10.9458,47.0452,-11.0,-5.5,0.0,2752.90649,1550.2428,2255.37451,1566.48218,2754.50854,1551.55786,2260.979,1568.08618,2659,1497,2887,1625,2174,1516,2373,1641
050_05,HP_050,5,050_05.png,050_05.png,6.6543,-18.2592,3.3927,11.4633,10.9458,47.0452,0.0,-5.5,0.0,2777.5957,1549.112,2278.37939,1565.574,2775.195,1550.61279,2280.27344,1567.32886,2659,1497,2887,1625,2174,1516,2373,1641
050_06,HP_050,6,050_06.png,050_06.png,6.6543,-18.2592,3.3927,11.4633,10.9458,47.0452,11.0,-5.5,0.0,2804.9978,1548.80383,2303.769,1565.4729,2798.15186,1550.35449,2301.55176,1567.24561,2659,1499,2887,1625,2174,1518,2375,1642
050_07,HP_050,7,050_07.png,050_07.png,6.6543,-18.2592,3.3927,11.4633,10.9458,47.0452,11.0,0.0,0.0,2805.92871,1562.31909,2304.59277,1578.22754,2798.92651,1561.67664,2302.24023,1577.93384,2660,1509,2887,1628,2174,1526,2376,1644
050_08,HP_050,8,050_08.png,050_08.png,6.6543,-18.2592,3.3927,11.4633,10.9458,47.0452,0.0,0.0,0.0,2777.645,1562.37939,2278.38184,1578.13269,2775.23486,1561.72729,2280.27734,1577.85461,2660,1506,2887,1628,2174,1524,2373,1644
050_09,HP_050,9,050_09.png,050_09.png,6.6543,-18.2592,3.3927,11.4633,10.9458,47.0452,-11.0,0.0,0.0,2752.34277,1562.42419,2254.746,1578.043,2754.037,1561.76611,2260.45532,1577.78,2660,1506,2887,1627,2174,1523,2373,1644
050_10,HP_050,10,050_10.png,050_10.png,6.6543,-18.2592,3.3927,11.4633,10.9458,47.0452,-11.0,5.5,0.0,2752.15771,1575.01392,2254.48755,1590.05481,2753.88232,1572.31531,2260.24,1587.85083,2661,1518,2887,1632,2174,1533,2374,1648
050_11,HP_050,11,050_11.png,050_11.png,6.6543,-18.2592,3.3927,11.4633,10.9458,47.0452,0.0,5.5,0.0,2777.68872,1576.19385,2278.38965,1591.2666,2775.27075,1573.29846,2280.28442,1588.86,2662,1521,2887,1633,2174,1535,2374,1647
050_12,HP_050,12,050_12.png,050_12.png,6.6543,-18.2592,3.3927,11.4633,10.9458,47.0452,11.0,5.5,0.0,2806.299,1576.42542,2304.95654,1591.57129,2799.235,1573.49219,2302.54419,1589.11328,2662,1523,2887,1633,2174,1537,2377,1648
050_13,HP_050,13,050_13.png,050_13.png,6.6543,-18.2592,3.3927,11.4633,10.9458,47.0452,11.0,11.0,0.0,2806.041,1590.23193,2304.79858,1604.74292,2799.02148,1585.05859,2302.4126,1600.14941,2662,1541,2886,1639,2175,1551,2377,1652
050_14,HP_050,14,050_14.png,050_14.png,6.6543,-18.2592,3.3927,11.4633,10.9458,47.0452,0.0,11.0,0.0,2777.72461,1589.74316,2278.402,1604.22876,2775.30176,1584.649,2280.29468,1599.72266,2662,1538,2886,1640,2175,1550,2374,1652
050_15,HP_050,15,050_15.png,050_15.png,6.6543,-18.2592,3.3927,11.4633,10.9458,47.0452,-11.0,11.0,0.0,2752.38428,1587.40674,2254.64063,1601.9259,2754.07178,1582.70081,2260.36719,1597.80408,2662,1533,2886,1637,2175,1547,2374,1653
051_01,HP_051,1,051_01.png,051_01.png,-11.1646,14.4856,-6.5764,-12.6382,-4.813,48.4112,11.0,-11.0,0.0,1455.14514,637.921143,951.3912,584.2151,1449.27576,640.7816,949.546,588.1344,1325,593,1533,720,814,542,1036,670
051_02,HP_051,2,051_02.png,051_02.png,-11.1646,14.4856,-6.5764,-12.6382,-4.813,48.4112,0.0,-11.0,0.0,1431.73682,635.498535,927.030945,581.5547,1429.64087,638.7599,929.1343,585.914063,1325,591,1533,720,814,540,1034,670
051_03,HP_051,3,051_03.png,051_03.png,-11.1646,14.4856,-6.5764,-12.6382,-4.813,48.4112,-11.0,-11.0,0.0,1405.04163,634.727051,899.082153,580.436035,1407.27222,638.1179,905.723633,584.9794,1325,590,1533,720,814,539,1034,670
051_04,HP_051,4,051_04.png,051_04.png,-11.1646,14.4856,-6.5764,-12.6382,-4.813,48.4112,-11.0,-5.5,0.0,1404.96033,647.951538,898.8723,594.2804,1407.20422,649.1975,905.549,596.57666,1325,596,1533,721,814,544,1034,672
051_05,HP_051,5,051_05.png,051_05.png,-11.1646,14.4856,-6.5764,-12.6382,-4.813,48.4112,0.0,-5.5,0.0,1431.765,648.323853,927.0282,594.9055,1429.66455,649.508057,929.1323,597.0991,1325,596,1533,721,814,545,1034,672
051_06,HP_051,6,051_06.png,051_06.png,-11.1646,14.4856,-6.5764,-12.6382,-4.813,48.4112,11.0,-5.5,0.0,1455.24536,649.533569,951.507446,596.303467,1449.35986,650.5189,949.6433,598.265869,1325,597,1533,721,814,545,1036,672
051_07,HP_051,7,051_07.png,051_07.png,-11.1646,14.4856,-6.5764,-12.6382,-4.813,48.4112,11.0,0.0,0.0,1454.95935,661.219238,951.249146,608.510132,1449.12256,660.3181,949.427246,608.4961,1325,603,1533,723,814,552,1035,674
051_08,HP_051,8,051_08.png,051_08.png,-11.1646,14.4856,-6.5764,-12.6382,-4.813,48.4112,0.0,0.0,0.0,1431.7876,661.25415,927.0304,608.4293,1429.68457,660.3446,929.133362,608.428345,1325,604,1533,724,814,553,1033,675
051_09,HP_051,9,051_09.png,051_09.png,-11.1646,14.4856,-6.5764,-12.6382,-4.813,48.4112,-11.0,0.0,0.0,1405.405,661.284546,899.2693,608.3331,1407.57568,660.3688,905.87915,608.3478,1325,606,1533,724,814,554,1033,675
051_10,HP_051,10,051_10.png,051_10.png,-11.1646,14.4856,-6.5764,-12.6382,-4.813,48.4112,-11.0,5.5,0.0,1406.31458,673.96106,900.203247,621.7278,1408.33569,670.993652,906.6555,619.570435,1325,619,1532,729,814,568,1033,680
051_11,HP_051,11,051_11.png,051_11.png,-11.1646,14.4856,-6.5764,-12.6382,-4.813,48.4112,0.0,5.5,0.0,1431.80444,673.5687,927.037231,621.37,1429.70081,670.668457,929.1373,619.2715,1325,616,1532,729,814,565,1033,679
051_12,HP_051,12,051_12.png,051_12.png,-11.1646,14.4856,-6.5764,-12.6382,-4.813,48.4112,11.0,5.5,0.0,1454.324,672.4259,950.6488,620.2844,1448.594,669.7178,948.9254,618.365967,1325,613,1532,727,814,562,1035,677
051_13,HP_051,13,051_13.png,051_13.png,-11.1646,14.4856,-6.5764,-12.6382,-4.813,48.4112,11.0,11.0,0.0,1453.41748,682.7152,949.778137,631.1815,1447.83923,678.3522,948.1969,627.5033,1325,625,1532,732,814,574,1034,681
051_14,HP_051,14,051_14.png,051_14.png,-11.1646,14.4856,-6.5764,-12.6382,-4.813,48.4112,0.0,11.0,0.0,1431.81616,684.7179,927.0473,633.145264,1429.71338,680.0206,929.1433,629.143066,1325,629,1532,734,814,579,1033,684
051_15,HP_051,15,051_15.png,051_15.png,-11.1646,14.4856,-6.5764,-12.6382,-4.813,48.4112,-11.0,11.0,0.0,1407.56421,685.401855,901.5247,633.814453,1409.38049,680.5886,907.754761,629.7024,1324,632,1532,734,814,585,1033,686
052_01,HP_052,1,052_01.png,052_01.png,0.11739,19.5685,-2.9038,-16.6003,1.6139,48.9322,11.0,-11.0,0.0,1249.66077,956.259644,752.530151,922.2522,1244.25281,958.8257,751.0454,925.7567,1127,908,1329,1028,617,875,841,999
052_02,HP_052,2,052_02.png,052_02.png,0.11739,19.5685,-2.9038,-16.6003,1.6139,48.9322,0.0,-11.0,0.0,1228.904,953.8606,730.4306,919.8779,1226.83582,956.8218,732.5227,923.774536,1127,906,1329,1028,617,874,840,999
052_03,HP_052,3,052_03.png,052_03.png,0.11739,19.5685,-2.9038,-16.6003,1.6139,48.9322,-11.0,-11.0,0.0,1204.68042,952.5991,704.585632,918.6134,1206.53064,955.769531,710.870361,922.71875,1127,905,1329,1028,617,872,840,999
052_04,HP_052,4,052_04.png,052_04.png,0.11739,19.5685,-2.9038,-16.6003,1.6139,48.9322,-11.0,-5.5,0.0,1204.237,964.4807,703.992554,931.1853,1206.15991,965.7279,710.377136,933.2533,1127,912,1329,1030,617,879,839,1001
052_05,HP_052,5,052_05.png,052_05.png,0.11739,19.5685,-2.9038,-16.6003,1.6139,48.9322,0.0,-5.5,0.0,1228.919,965.196533,730.422852,931.8396,1226.84741,966.3258,732.517334,933.799438,1127,913,1329,1030,617,880,839,1001
052_06,HP_052,6,052_06.png,052_06.png,0.11739,19.5685,-2.9038,-16.6003,1.6139,48.9322,11.0,-5.5,0.0,1249.96558,966.4995,752.869263,933.073853,1244.5072,967.4153,751.3291,934.8297,1127,914,1329,1030,617,881,841,1001
052_07,HP_052,7,052_07.png,052_07.png,0.11739,19.5685,-2.9038,-16.6003,1.6139,48.9322,11.0,0.0,0.0,1249.96973,977.0292,752.907959,944.2401,1244.51135,976.247559,751.3615,944.1903,1126,922,1329,1034,618,889,840,1004
052_08,HP_052,8,052_08.png,052_08.png,0.11739,19.5685,-2.9038,-16.6003,1.6139,48.9322,0.0,0.0,0.0,1228.92993,976.93396,730.4196,944.2849,1226.85681,976.1653,732.514465,944.227661,1126,922,1329,1034,618,891,838,1004
052_09,HP_052,9,052_09.png,052_09.png,0.11739,19.5685,-2.9038,-16.6003,1.6139,48.9322,-11.0,0.0,0.0,1204.2373,976.8203,703.9155,944.339355,1206.16,976.068848,710.3129,944.2732,1126,923,1328,1034,618,891,838,1006
052_10,HP_052,10,052_10.png,052_10.png,0.11739,19.5685,-2.9038,-16.6003,1.6139,48.9322,-11.0,5.5,0.0,1204.68945,988.942,704.368164,957.3042,1206.53784,986.22876,710.6892,955.1356,1126,937,1328,1039,618,907,839,1011
052_11,HP_052,11,052_11.png,052_11.png,0.11739,19.5685,-2.9038,-16.6003,1.6139,48.9322,0.0,5.5,0.0,1228.93652,988.4723,730.420654,956.573242,1226.8634,985.8395,732.5147,954.525146,1126,935,1328,1039,618,903,838,1009
052_12,HP_052,12,052_12.png,052_12.png,0.11739,19.5685,-2.9038,-16.6003,1.6139,48.9322,11.0,5.5,0.0,1249.66968,987.400146,752.6409,955.294067,1244.26172,984.947754,751.138245,953.457031,1126,932,1328,1038,618,900,839,1007
052_13,HP_052,13,052_13.png,052_13.png,0.11739,19.5685,-2.9038,-16.6003,1.6139,48.9322,11.0,11.0,0.0,1249.09863,997.194336,752.098938,965.8037,1243.78638,993.1666,750.6846,962.2698,1126,945,1328,1043,618,913,840,1011
052_14,HP_052,14,052_14.png,052_14.png,0.11739,19.5685,-2.9038,-16.6003,1.6139,48.9322,0.0,11.0,0.0,1228.93921,999.2565,730.425537,968.1085,1226.86755,994.884766,732.517334,964.194458,1126,949,1328,1045,618,919,839,1014
052_15,HP_052,15,052_15.png,052_15.png,0.11739,19.5685,-2.9038,-16.6003,1.6139,48.9322,-11.0,11.0,0.0,1205.53174,1000.223,705.2757,969.3689,1207.24207,995.6881,711.444031,965.247559,1126,951,1328,1045,618,925,839,1017
053_01,HP_053,1,053_01.png,053_01.png,-0.60352,23.5161,-3.8474,-13.2422,4.8246,50.528,11.0,-11.0,0.0,1541.01941,1189.70288,1087.69678,1167.13269,1535.95337,1192.15527,1086.18665,1170.39868,1435,1146,1619,1265,962,1125,1180,1248
053_02,HP_053,2,053_02.png,053_02.png,-0.60352,23.5161,-3.8474,-13.2422,4.8246,50.528,0.0,-11.0,0.0,1521.60083,1188.14124,1066.43262,1165.33032,1519.66028,1190.85132,1068.36182,1168.893,1435,1145,1619,1265,962,1123,1180,1248
053_03,HP_053,3,053_03.png,053_03.png,-0.60352,23.5161,-3.8474,-13.2422,4.8246,50.528,-11.0,-11.0,0.0,1500.097,1187.705,1042.90051,1164.733,1501.63135,1190.48816,1048.63916,1168.39282,1435,1146,1619,1265,962,1123,1180,1248
053_04,HP_053,4,053_04.png,053_04.png,-0.60352,23.5161,-3.8474,-13.2422,4.8246,50.528,-11.0,-5.5,0.0,1499.49109,1198.26782,1042.1394,1175.93567,1501.12439,1199.34375,1048.00549,1177.78345,1435,1150,1618,1267,962,1128,1180,1250
053_05,HP_053,5,053_05.png,053_05.png,-0.60352,23.5161,-3.8474,-13.2422,4.8246,50.528,0.0,-5.5,0.0,1521.57056,1198.47449,1066.41406,1176.31836,1519.63379,1199.51611,1068.34766,1178.10376,1435,1150,1618,1267,962,1128,1180,1250
053_06,HP_053,6,053_06.png,053_06.png,-0.60352,23.5161,-3.8474,-13.2422,4.8246,50.528,11.0,-5.5,0.0,1541.42981,1199.288,1088.19763,1177.33984,1536.29541,1200.19592,1086.60583,1178.95715,1435,1151,1618,1267,962,1129,1180,1250
053_07,HP_053,7,053_07.png,053_07.png,-0.60352,23.5161,-3.8474,-13.2422,4.8246,50.528,11.0,0.0,0.0,1541.57166,1209.31421,1088.42078,1188.05957,1536.41382,1208.60547,1086.79236,1187.94373,1434,1157,1618,1269,962,1136,1179,1252
053_08,HP_053,8,053_08.png,053_08.png,-0.60352,23.5161,-3.8474,-13.2422,4.8246,50.528,0.0,0.0,0.0,1521.53491,1209.36084,1066.40161,1187.97583,1519.60364,1208.64282,1068.33752,1187.87329,1434,1157,1618,1269,962,1136,1179,1252
053_09,HP_053,9,053_09.png,053_09.png,-0.60352,23.5161,-3.8474,-13.2422,4.8246,50.528,-11.0,0.0,0.0,1499.21765,1209.40649,1041.78333,1187.875,1500.89551,1208.68042,1047.70935,1187.78857,1434,1158,1618,1269,962,1137,1179,1252
053_10,HP_053,10,053_10.png,053_10.png,-0.60352,23.5161,-3.8474,-13.2422,4.8246,50.528,-11.0,5.5,0.0,1499.31616,1220.592,1041.888,1199.93115,1500.97754,1218.05664,1047.79639,1197.8916,1434,1169,1618,1273,963,1149,1178,1257
053_11,HP_053,11,053_11.png,053_11.png,-0.60352,23.5161,-3.8474,-13.2422,4.8246,50.528,0.0,5.5,0.0,1521.49451,1220.29224,1066.39575,1199.73779,1519.57007,1217.80774,1068.3324,1197.73,1434,1167,1618,1273,963,1147,1178,1256
053_12,HP_053,12,053_12.png,053_12.png,-0.60352,23.5161,-3.8474,-13.2422,4.8246,50.528,11.0,5.5,0.0,1541.41992,1219.37109,1088.33765,1198.85742,1536.2876,1217.041,1086.7229,1196.99536,1434,1166,1618,1273,963,1145,1178,1254
053_13,HP_053,13,053_13.png,053_13.png,-0.60352,23.5161,-3.8474,-13.2422,4.8246,50.528,11.0,11.0,0.0,1540.98547,1229.03186,1087.95776,1209.27856,1535.9259,1225.14624,1086.405,1205.73267,1434,1177,1617,1277,963,1156,1178,1258
053_14,HP_053,14,053_14.png,053_14.png,-0.60352,23.5161,-3.8474,-13.2422,4.8246,50.528,0.0,11.0,0.0,1521.45032,1230.73755,1066.39636,1211.0083,1519.5343,1226.56763,1068.33228,1207.17664,1434,1180,1617,1277,963,1160,1178,1261
053_15,HP_053,15,053_15.png,053_15.png,-0.60352,23.5161,-3.8474,-13.2422,4.8246,50.528,-11.0,11.0,0.0,1499.773,1231.271,1042.43616,1211.44763,1501.35962,1227.01086,1048.2522,1207.54419,1433,1183,1617,1277,963,1164,1178,1262
054_01,HP_054,1,054_01.png,054_01.png,7.2682,27.3848,6.2526,-19.3888,6.4734,50.3508,11.0,-11.0,0.0,1135.40149,1151.70386,665.2653,1171.925,1130.53308,1154.08716,664.1026,1174.78857,1026,1102,1215,1213,539,1121,758,1240
054_02,HP_054,2,054_02.png,054_02.png,7.2682,27.3848,6.2526,-19.3888,6.4734,50.3508,0.0,-11.0,0.0,1117.679,1149.59766,645.8101,1170.08008,1115.65613,1152.32666,647.7912,1173.24731,1026,1101,1215,1212,539,1119,758,1239
054_03,HP_054,3,054_03.png,054_03.png,7.2682,27.3848,6.2526,-19.3888,6.4734,50.3508,-11.0,-11.0,0.0,1096.93359,1148.22559,623.089233,1169.04651,1098.25854,1151.18066,628.749756,1172.38428,1025,1100,1215,1212,539,1118,758,1238
054_04,HP_054,4,054_04.png,054_04.png,7.2682,27.3848,6.2526,-19.3888,6.4734,50.3508,-11.0,-5.5,0.0,1096.397,1158.397,622.3961,1179.97473,1097.80957,1159.70984,628.1726,1181.54468,1026,1107,1215,1214,539,1126,758,1241
054_05,HP_054,5,054_05.png,054_05.png,7.2682,27.3848,6.2526,-19.3888,6.4734,50.3508,0.0,-5.5,0.0,1117.67578,1159.2478,645.786865,1180.44446,1115.65247,1160.42114,647.772766,1181.93665,1026,1109,1215,1215,539,1126,758,1241
054_06,HP_054,6,054_06.png,054_06.png,7.2682,27.3848,6.2526,-19.3888,6.4734,50.3508,11.0,-5.5,0.0,1135.73474,1160.469,665.647,1181.35693,1130.81079,1161.44263,664.422363,1182.699,1026,1110,1215,1216,539,1128,758,1242
054_07,HP_054,7,054_07.png,054_07.png,7.2682,27.3848,6.2526,-19.3888,6.4734,50.3508,11.0,0.0,0.0,1135.85376,1169.572,665.807434,1191.18677,1130.9104,1169.08081,664.5566,1190.94141,1026,1121,1214,1220,539,1137,758,1245
054_08,HP_054,8,054_08.png,054_08.png,7.2682,27.3848,6.2526,-19.3888,6.4734,50.3508,0.0,0.0,0.0,1117.669,1169.35742,645.7671,1191.35449,1115.64648,1168.89941,647.7568,1191.08154,1026,1119,1214,1220,539,1137,758,1245
054_09,HP_054,9,054_09.png,054_09.png,7.2682,27.3848,6.2526,-19.3888,6.4734,50.3508,-11.0,0.0,0.0,1096.1759,1169.10669,622.077148,1191.5603,1097.62427,1168.68848,627.9071,1191.25391,1026,1117,1214,1218,539,1136,758,1245
054_10,HP_054,10,054_10.png,054_10.png,7.2682,27.3848,6.2526,-19.3888,6.4734,50.3508,-11.0,5.5,0.0,1096.30261,1179.85791,622.180054,1203.22729,1097.73035,1177.7019,627.992249,1201.03088,1026,1131,1214,1223,540,1150,758,1251
054_11,HP_054,11,054_11.png,054_11.png,7.2682,27.3848,6.2526,-19.3888,6.4734,50.3508,0.0,5.5,0.0,1117.65881,1179.49463,645.7518,1202.33594,1115.63831,1177.40112,647.7436,1200.28613,1026,1133,1214,1225,540,1150,758,1251
054_12,HP_054,12,054_12.png,054_12.png,7.2682,27.3848,6.2526,-19.3888,6.4734,50.3508,11.0,5.5,0.0,1135.74341,1178.68677,665.7274,1201.06958,1130.8186,1176.729,664.4895,1199.22864,1026,1133,1214,1225,540,1149,758,1249
054_13,HP_054,13,054_13.png,054_13.png,7.2682,27.3848,6.2526,-19.3888,6.4734,50.3508,11.0,11.0,0.0,1135.41248,1187.48059,665.413757,1210.64844,1130.54285,1184.10925,664.227,1207.26184,1026,1145,1214,1229,540,1162,759,1254
054_14,HP_054,14,054_14.png,054_14.png,7.2682,27.3848,6.2526,-19.3888,6.4734,50.3508,0.0,11.0,0.0,1117.64539,1189.21533,645.7411,1212.893,1115.62817,1185.55542,647.733643,1209.13672,1026,1146,1214,1230,540,1163,759,1256
054_15,HP_054,15,054_15.png,054_15.png,7.2682,27.3848,6.2526,-19.3888,6.4734,50.3508,-11.0,11.0,0.0,1096.76184,1190.13672,622.6885,1214.37012,1098.11462,1186.32178,628.4151,1210.371,1026,1145,1214,1228,540,1164,759,1257
055_01,HP_055,1,055_01.png,055_01.png,13.6868,21.9119,5.48,-14.1191,13.0902,49.5807,11.0,-11.0,0.0,1418.4856,1542.35034,954.2243,1567.18311,1413.51257,1544.83984,952.9422,1570.094,1308,1493,1497,1607,829,1516,1043,1638
055_02,HP_055,2,055_02.png,055_02.png,13.6868,21.9119,5.48,-14.1191,13.0902,49.5807,0.0,-11.0,0.0,1400.05273,1540.59888,934.312,1565.68481,1398.043,1543.37622,936.246765,1568.842,1308,1491,1497,1606,829,1515,1043,1638
055_03,HP_055,3,055_03.png,055_03.png,13.6868,21.9119,5.48,-14.1191,13.0902,49.5807,-11.0,-11.0,0.0,1379.40857,1539.76477,912.0898,1565.17932,1380.73083,1542.68018,917.6188,1568.41943,1308,1491,1497,1606,829,1514,1044,1637
055_04,HP_055,4,055_04.png,055_04.png,13.6868,21.9119,5.48,-14.1191,13.0902,49.5807,-11.0,-5.5,0.0,1378.55383,1549.71191,911.050049,1575.68933,1380.01563,1551.02185,916.752869,1577.23145,1308,1498,1497,1608,829,1521,1043,1639
055_05,HP_055,5,055_05.png,055_05.png,13.6868,21.9119,5.48,-14.1191,13.0902,49.5807,0.0,-5.5,0.0,1400.05322,1550.26733,934.2911,1575.91223,1398.04187,1551.48608,936.230957,1577.41772,1308,1499,1497,1609,829,1521,1043,1640
055_06,HP_055,6,055_06.png,055_06.png,13.6868,21.9119,5.48,-14.1191,13.0902,49.5807,11.0,-5.5,0.0,1419.1073,1551.32251,954.9067,1576.69421,1414.03088,1552.36829,953.513245,1578.0708,1308,1500,1497,1610,829,1523,1043,1640
055_07,HP_055,7,055_07.png,055_07.png,13.6868,21.9119,5.48,-14.1191,13.0902,49.5807,11.0,0.0,0.0,1419.523,1560.91968,955.3817,1586.89917,1414.37756,1560.41919,953.91095,1586.62708,1308,1511,1497,1614,829,1532,1044,1643
055_08,HP_055,8,055_08.png,055_08.png,13.6868,21.9119,5.48,-14.1191,13.0902,49.5807,0.0,0.0,0.0,1400.05078,1560.73132,934.273132,1587.03992,1398.03857,1560.26,936.2172,1586.74463,1308,1510,1497,1613,829,1531,1044,1643
055_09,HP_055,9,055_09.png,055_09.png,13.6868,21.9119,5.48,-14.1191,13.0902,49.5807,-11.0,0.0,0.0,1377.95569,1560.5199,910.3019,1587.20544,1379.515,1560.0824,916.130249,1586.8833,1308,1507,1497,1612,829,1531,1044,1643
055_10,HP_055,10,055_10.png,055_10.png,13.6868,21.9119,5.48,-14.1191,13.0902,49.5807,-11.0,5.5,0.0,1377.69312,1571.758,909.9485,1599.245,1379.29529,1569.50208,915.8359,1596.97168,1308,1521,1497,1616,829,1544,1044,1649
055_11,HP_055,11,055_11.png,055_11.png,13.6868,21.9119,5.48,-14.1191,13.0902,49.5807,0.0,5.5,0.0,1400.04431,1571.58533,934.2588,1598.635,1398.03271,1569.36011,936.2058,1596.46167,1308,1523,1497,1618,829,1545,1044,1649
055_12,HP_055,12,055_12.png,055_12.png,13.6868,21.9119,5.48,-14.1191,13.0902,49.5807,11.0,5.5,0.0,1419.68372,1570.81128,955.598145,1597.45886,1414.51172,1568.71655,954.0921,1595.47974,1308,1524,1497,1619,829,1544,1044,1647
055_13,HP_055,13,055_13.png,055_13.png,13.6868,21.9119,5.48,-14.1191,13.0902,49.5807,11.0,11.0,0.0,1419.56628,1580.595,955.529846,1607.95569,1414.41406,1576.924,954.0348,1604.28027,1307,1538,1496,1624,830,1558,1044,1652
055_14,HP_055,14,055_14.png,055_14.png,13.6868,21.9119,5.48,-14.1191,13.0902,49.5807,0.0,11.0,0.0,1400.03381,1582.31689,934.2491,1610.1394,1398.02429,1578.35815,936.1976,1606.10339,1307,1538,1496,1624,830,1559,1044,1655
055_15,HP_055,15,055_15.png,055_15.png,13.6868,21.9119,5.48,-14.1191,13.0902,49.5807,-11.0,11.0,0.0,1377.80554,1582.876,910.0446,1611.17065,1379.3894,1578.82178,915.9158,1606.96558,1308,1537,1496,1622,830,1559,1044,1655
056_01,HP_056,1,056_01.png,056_01.png,-3.8143,16.14,-2.1671,-7.8605,-3.3786,50.3949,11.0,-11.0,0.0,1818.88574,652.2606,1361.01611,620.870239,1813.39172,655.0475,1359.15894,624.5331,1707,603,1895,722,1235,574,1448,695
056_02,HP_056,2,056_02.png,056_02.png,-3.8143,16.14,-2.1671,-7.8605,-3.3786,50.3949,0.0,-11.0,0.0,1797.18909,650.616333,1337.79333,619.3701,1795.19519,653.675049,1339.69763,623.2809,1707,602,1895,722,1235,572,1448,695
056_03,HP_056,3,056_03.png,056_03.png,-3.8143,16.14,-2.1671,-7.8605,-3.3786,50.3949,-11.0,-11.0,0.0,1774.08093,650.496338,1312.96729,619.5287,1775.82751,653.5757,1318.89221,623.412,1707,602,1895,722,1235,571,1448,695
056_04,HP_056,4,056_04.png,056_04.png,-3.8143,16.14,-2.1671,-7.8605,-3.3786,50.3949,-11.0,-5.5,0.0,1773.97241,662.1222,1312.79224,631.704956,1775.73657,663.3192,1318.74658,633.615845,1707,610,1895,725,1235,580,1447,698
056_05,HP_056,5,056_05.png,056_05.png,-3.8143,16.14,-2.1671,-7.8605,-3.3786,50.3949,0.0,-5.5,0.0,1797.16223,662.2728,1337.77844,631.5647,1795.17261,663.4452,1339.68518,633.499268,1707,610,1895,725,1235,580,1447,697
056_06,HP_056,6,056_06.png,056_06.png,-3.8143,16.14,-2.1671,-7.8605,-3.3786,50.3949,11.0,-5.5,0.0,1818.929,663.1907,1361.12292,632.275757,1813.4281,664.2124,1359.24841,634.0928,1707,611,1895,725,1235,581,1447,697
056_07,HP_056,7,056_07.png,056_07.png,-3.8143,16.14,-2.1671,-7.8605,-3.3786,50.3949,11.0,0.0,0.0,1818.61792,674.188,1360.87024,643.802,1813.16943,673.433838,1359.037,643.753052,1707,620,1895,729,1235,590,1447,700
056_08,HP_056,8,056_08.png,056_08.png,-3.8143,16.14,-2.1671,-7.8605,-3.3786,50.3949,0.0,0.0,0.0,1797.13074,674.015869,1337.76953,643.9127,1795.14709,673.2881,1339.67749,643.8458,1707,620,1895,729,1235,591,1447,702
056_09,HP_056,9,056_09.png,056_09.png,-3.8143,16.14,-2.1671,-7.8605,-3.3786,50.3949,-11.0,0.0,0.0,1774.25818,673.8302,1313.093,644.037842,1775.97546,673.1322,1318.99658,643.950562,1707,621,1895,729,1235,592,1447,703
056_10,HP_056,10,056_10.png,056_10.png,-3.8143,16.14,-2.1671,-7.8605,-3.3786,50.3949,-11.0,5.5,0.0,1774.89941,685.0394,1313.82068,655.853149,1776.51147,682.5294,1319.602,653.85376,1707,635,1894,733,1235,608,1447,708
056_11,HP_056,11,056_11.png,056_11.png,-3.8143,16.14,-2.1671,-7.8605,-3.3786,50.3949,0.0,5.5,0.0,1797.096,685.243164,1337.76709,655.7543,1795.11975,682.7013,1339.67383,653.77,1707,634,1894,734,1235,605,1447,707
056_12,HP_056,12,056_12.png,056_12.png,-3.8143,16.14,-2.1671,-7.8605,-3.3786,50.3949,11.0,5.5,0.0,1817.9873,684.740967,1360.289,654.920532,1812.64453,682.2848,1358.5509,653.073364,1707,632,1894,734,1235,602,1447,704
056_13,HP_056,13,056_13.png,056_13.png,-3.8143,16.14,-2.1671,-7.8605,-3.3786,50.3949,11.0,11.0,0.0,1817.1095,694.4436,1359.44824,665.203247,1811.91357,690.4264,1357.84766,661.696167,1706,644,1893,739,1235,616,1447,709
056_14,HP_056,14,056_14.png,056_14.png,-3.8143,16.14,-2.1671,-7.8605,-3.3786,50.3949,0.0,11.0,0.0,1797.05957,695.4866,1337.76965,666.574341,1795.09155,691.2938,1339.674,662.842163,1706,647,1893,740,1235,622,1447,713
056_15,HP_056,15,056_15.png,056_15.png,-3.8143,16.14,-2.1671,-7.8605,-3.3786,50.3949,-11.0,11.0,0.0,1775.81323,695.2937,1314.87036,666.6282,1777.27588,691.1304,1320.47559,662.8889,1706,648,1893,738,1236,624,1447,714
057_01,HP_057,1,057_01.png,057_01.png,-7.4627,10.957,3.6315,-5.7407,-0.14959,51.9836,11.0,-11.0,0.0,1891.52612,881.017456,1445.84753,911.5863,1886.185,883.88855,1444.13672,914.724,1778,837,1967,956,1325,869,1529,992
057_02,HP_057,2,057_02.png,057_02.png,-7.4627,10.957,3.6315,-5.7407,-0.14959,51.9836,0.0,-11.0,0.0,1870.81128,879.8401,1424.20691,910.2826,1868.81067,882.906738,1425.99719,913.6344,1778,836,1967,956,1325,868,1529,992
057_03,HP_057,3,057_03.png,057_03.png,-7.4627,10.957,3.6315,-5.7407,-0.14959,51.9836,-11.0,-11.0,0.0,1849.03979,880.0386,1401.47937,910.3928,1850.56042,883.074,1406.94556,913.724854,1778,837,1967,956,1325,868,1529,991
057_04,HP_057,4,057_04.png,057_04.png,-7.4627,10.957,3.6315,-5.7407,-0.14959,51.9836,-11.0,-5.5,0.0,1848.73254,890.8015,1401.05579,921.443848,1850.30347,892.0962,1406.59265,922.988647,1779,842,1967,957,1325,872,1529,993
057_05,HP_057,5,057_05.png,057_05.png,-7.4627,10.957,3.6315,-5.7407,-0.14959,51.9836,0.0,-5.5,0.0,1870.80676,890.6771,1424.18176,921.4215,1868.80627,891.9917,1425.97681,922.9708,1779,841,1967,958,1325,872,1529,993
057_06,HP_057,6,057_06.png,057_06.png,-7.4627,10.957,3.6315,-5.7407,-0.14959,51.9836,11.0,-5.5,0.0,1891.79932,891.2709,1446.14709,922.1376,1886.41284,892.4872,1444.38708,923.569336,1779,842,1967,958,1325,873,1529,993
057_07,HP_057,7,057_07.png,057_07.png,-7.4627,10.957,3.6315,-5.7407,-0.14959,51.9836,11.0,0.0,0.0,1891.745,901.802246,1446.12573,933.009644,1886.36792,901.3179,1444.36938,932.682861,1780,850,1967,961,1325,880,1529,995
057_08,HP_057,8,057_08.png,057_08.png,-7.4627,10.957,3.6315,-5.7407,-0.14959,51.9836,0.0,0.0,0.0,1870.79834,901.8357,1424.16089,932.9551,1868.79932,901.3451,1425.95923,932.6366,1780,849,1967,960,1325,878,1529,995
057_09,HP_057,9,057_09.png,057_09.png,-7.4627,10.957,3.6315,-5.7407,-0.14959,51.9836,-11.0,0.0,0.0,1848.77637,901.8661,1401.03174,932.8916,1850.33984,901.370361,1406.57227,932.58374,1780,849,1967,960,1325,878,1529,995
057_10,HP_057,10,057_10.png,057_10.png,-7.4627,10.957,3.6315,-5.7407,-0.14959,51.9836,-11.0,5.5,0.0,1849.16748,912.7012,1401.41125,944.145,1850.667,910.453735,1406.88782,942.016968,1780,859,1967,963,1325,888,1529,999
057_11,HP_057,11,057_11.png,057_11.png,-7.4627,10.957,3.6315,-5.7407,-0.14959,51.9836,0.0,5.5,0.0,1870.786,912.7561,1424.1449,944.2936,1868.79016,910.500366,1425.94507,942.140137,1780,860,1967,964,1325,888,1529,999
057_12,HP_057,12,057_12.png,057_12.png,-7.4627,10.957,3.6315,-5.7407,-0.14959,51.9836,11.0,5.5,0.0,1891.36646,912.1255,1445.78223,943.7178,1886.05286,909.9756,1444.082,941.659668,1780,861,1967,965,1325,889,1529,998
057_13,HP_057,13,057_13.png,057_13.png,-7.4627,10.957,3.6315,-5.7407,-0.14959,51.9836,11.0,11.0,0.0,1890.709,921.8037,1445.15564,953.8137,1885.50562,918.0947,1443.558,950.125732,1780,874,1967,969,1326,901,1529,1002
057_14,HP_057,14,057_14.png,057_14.png,-7.4627,10.957,3.6315,-5.7407,-0.14959,51.9836,0.0,11.0,0.0,1870.771,922.9386,1424.13391,954.898438,1868.77917,919.040161,1425.93433,951.031738,1780,873,1967,969,1326,901,1529,1003
057_15,HP_057,15,057_15.png,057_15.png,-7.4627,10.957,3.6315,-5.7407,-0.14959,51.9836,-11.0,11.0,0.0,1849.85632,922.830444,1402.13879,954.6642,1851.24316,918.948242,1407.49329,950.837646,1780,871,1967,967,1326,899,1529,1003
058_01,HP_058,1,058_01.png,058_01.png,-3.4788,11.2037,-4.4522,-11.7816,4.9783,51.5246,11.0,-11.0,0.0,1514.13245,1228.3479,1053.30225,1200.80981,1509.02954,1230.76563,1051.9209,1203.95483,1393,1187,1590,1308,927,1163,1133,1284
058_02,HP_058,2,058_02.png,058_02.png,-3.4788,11.2037,-4.4522,-11.7816,4.9783,51.5246,0.0,-11.0,0.0,1494.41235,1226.809,1033.02283,1199.01025,1492.48364,1229.48083,1034.91943,1202.45093,1393,1187,1590,1308,927,1161,1132,1284
058_03,HP_058,3,058_03.png,058_03.png,-3.4788,11.2037,-4.4522,-11.7816,4.9783,51.5246,-11.0,-11.0,0.0,1472.49,1226.40942,1010.53711,1198.28284,1474.10449,1229.14856,1016.07172,1201.84192,1393,1186,1590,1308,927,1160,1132,1284
058_04,HP_058,4,058_04.png,058_04.png,-3.4788,11.2037,-4.4522,-11.7816,4.9783,51.5246,-11.0,-5.5,0.0,1471.905,1236.97229,1009.8056,1209.14819,1473.61523,1238.00391,1015.46289,1210.95093,1393,1190,1590,1309,927,1163,1132,1285
058_05,HP_058,5,058_05.png,058_05.png,-3.4788,11.2037,-4.4522,-11.7816,4.9783,51.5246,0.0,-5.5,0.0,1494.44666,1237.12341,1033.01636,1209.63452,1492.51123,1238.12939,1034.91528,1211.358,1393,1190,1590,1309,927,1164,1132,1285
058_06,HP_058,6,058_06.png,058_06.png,-3.4788,11.2037,-4.4522,-11.7816,4.9783,51.5246,11.0,-5.5,0.0,1514.63013,1237.89282,1053.79712,1210.68384,1509.44482,1238.77246,1052.33508,1212.23511,1393,1191,1590,1309,927,1165,1134,1285
058_07,HP_058,7,058_07.png,058_07.png,-3.4788,11.2037,-4.4522,-11.7816,4.9783,51.5246,11.0,0.0,0.0,1514.86255,1247.90137,1054.036,1221.05664,1509.63892,1247.16675,1052.535,1220.93164,1393,1196,1590,1310,928,1170,1133,1286
058_08,HP_058,8,058_08.png,058_08.png,-3.4788,11.2037,-4.4522,-11.7816,4.9783,51.5246,0.0,0.0,0.0,1494.47827,1248.02441,1033.01306,1220.91016,1492.53735,1247.26819,1034.91321,1220.80884,1393,1196,1590,1311,928,1170,1131,1286
058_09,HP_058,9,058_09.png,058_09.png,-3.4788,11.2037,-4.4522,-11.7816,4.9783,51.5246,-11.0,0.0,0.0,1471.65771,1248.15039,1009.4433,1220.73926,1473.40833,1247.37292,1015.16132,1220.66553,1393,1196,1590,1311,928,1170,1131,1287
058_10,HP_058,10,058_10.png,058_10.png,-3.4788,11.2037,-4.4522,-11.7816,4.9783,51.5246,-11.0,5.5,0.0,1471.79211,1259.41211,1009.50531,1232.48035,1473.52063,1256.81262,1015.21295,1230.50513,1393,1206,1590,1314,928,1180,1130,1290
058_11,HP_058,11,058_11.png,058_11.png,-3.4788,11.2037,-4.4522,-11.7816,4.9783,51.5246,0.0,5.5,0.0,1494.506,1259.00452,1033.01331,1232.31714,1492.56116,1256.47363,1034.91321,1230.3689,1393,1205,1590,1314,928,1179,1130,1289
058_12,HP_058,12,058_12.png,058_12.png,-3.4788,11.2037,-4.4522,-11.7816,4.9783,51.5246,11.0,5.5,0.0,1514.79956,1257.96582,1053.991,1231.52649,1509.58716,1255.60864,1052.49731,1229.70923,1393,1204,1590,1313,928,1178,1133,1289
058_13,HP_058,13,058_13.png,058_13.png,-3.4788,11.2037,-4.4522,-11.7816,4.9783,51.5246,11.0,11.0,0.0,1514.44763,1267.65674,1053.66711,1241.66846,1509.29443,1263.739,1052.2262,1238.21338,1392,1213,1590,1317,928,1188,1132,1291
058_14,HP_058,14,058_14.png,058_14.png,-3.4788,11.2037,-4.4522,-11.7816,4.9783,51.5246,0.0,11.0,0.0,1494.52942,1269.52319,1033.017,1243.298,1492.58179,1265.29468,1034.91541,1239.57373,1392,1216,1590,1319,928,1190,1130,1293
058_15,HP_058,15,058_15.png,058_15.png,-3.4788,11.2037,-4.4522,-11.7816,4.9783,51.5246,-11.0,11.0,0.0,1472.29846,1270.19092,1009.98267,1243.75,1473.944,1265.84985,1015.61017,1239.95142,1392,1218,1590,1318,928,1193,1130,1295
059_01,HP_059,1,059_01.png,059_01.png,11.0545,16.9699,2.0557,-10.7599,10.0459,48.2359,11.0,-11.0,0.0,1602.26733,1396.62793,1121.80042,1398.43665,1596.8053,1399.40515,1120.17346,1401.84033,1486,1346,1681,1465,991,1349,1210,1472
059_02,HP_059,2,059_02.png,059_02.png,11.0545,16.9699,2.0557,-10.7599,10.0459,48.2359,0.0,-11.0,0.0,1581.2666,1394.759,1099.42285,1396.79077,1579.18713,1397.84448,1101.4165,1400.46606,1486,1346,1681,1465,991,1348,1210,1472
059_03,HP_059,3,059_03.png,059_03.png,11.0545,16.9699,2.0557,-10.7599,10.0459,48.2359,-11.0,-11.0,0.0,1558.19568,1394.18188,1074.83044,1396.50854,1559.84717,1397.3634,1080.80579,1400.22961,1486,1345,1681,1465,991,1346,1210,1472
059_04,HP_059,4,059_04.png,059_04.png,11.0545,16.9699,2.0557,-10.7599,10.0459,48.2359,-11.0,-5.5,0.0,1557.31067,1405.32739,1073.752,1408.18262,1559.10681,1406.707,1079.90833,1410.01538,1486,1352,1681,1467,991,1354,1209,1474
059_05,HP_059,5,059_05.png,059_05.png,11.0545,16.9699,2.0557,-10.7599,10.0459,48.2359,0.0,-5.5,0.0,1581.26746,1405.73584,1099.40491,1408.28357,1579.18628,1407.0481,1101.40344,1410.09985,1486,1354,1681,1468,991,1355,1209,1474
059_06,HP_059,6,059_06.png,059_06.png,11.0545,16.9699,2.0557,-10.7599,10.0459,48.2359,11.0,-5.5,0.0,1602.95386,1406.85413,1122.54639,1409.14917,1597.37756,1407.98267,1120.79749,1410.82227,1485,1354,1681,1469,991,1356,1209,1475
059_07,HP_059,7,059_07.png,059_07.png,11.0545,16.9699,2.0557,-10.7599,10.0459,48.2359,11.0,0.0,0.0,1603.35144,1417.76892,1123.006,1420.61731,1597.709,1417.13562,1121.18176,1420.435,1485,1366,1681,1473,992,1365,1209,1478
059_08,HP_059,8,059_08.png,059_08.png,11.0545,16.9699,2.0557,-10.7599,10.0459,48.2359,0.0,0.0,0.0,1581.26428,1417.57642,1099.39087,1420.751,1579.1825,1416.97253,1101.3927,1420.54663,1485,1364,1681,1473,992,1365,1209,1479
059_09,HP_059,9,059_09.png,059_09.png,11.0545,16.9699,2.0557,-10.7599,10.0459,48.2359,-11.0,0.0,0.0,1556.772,1417.36353,1073.07092,1420.90613,1558.65649,1416.79382,1079.3418,1420.67664,1485,1363,1681,1471,992,1366,1209,1479
059_10,HP_059,10,059_10.png,059_10.png,11.0545,16.9699,2.0557,-10.7599,10.0459,48.2359,-11.0,5.5,0.0,1556.66235,1429.72168,1072.896,1434.03735,1558.56458,1427.14966,1079.19592,1431.67786,1485,1378,1680,1476,992,1381,1209,1485
059_11,HP_059,11,059_11.png,059_11.png,11.0545,16.9699,2.0557,-10.7599,10.0459,48.2359,0.0,5.5,0.0,1581.25623,1429.72192,1099.38171,1433.60022,1579.17578,1427.15222,1101.38538,1431.31189,1485,1379,1680,1478,992,1380,1209,1484
059_12,HP_059,12,059_12.png,059_12.png,11.0545,16.9699,2.0557,-10.7599,10.0459,48.2359,11.0,5.5,0.0,1603.40308,1428.91431,1123.12061,1432.379,1597.75208,1426.48157,1121.27783,1430.29272,1485,1379,1680,1478,992,1378,1209,1483
059_13,HP_059,13,059_13.png,059_13.png,11.0545,16.9699,2.0557,-10.7599,10.0459,48.2359,11.0,11.0,0.0,1603.09558,1439.76208,1122.87463,1443.897,1597.49658,1435.57959,1121.0719,1439.94714,1485,1393,1680,1484,992,1394,1210,1488
059_14,HP_059,14,059_14.png,059_14.png,11.0545,16.9699,2.0557,-10.7599,10.0459,48.2359,0.0,11.0,0.0,1581.24365,1441.51331,1099.37817,1446.11963,1579.16614,1437.03687,1101.38171,1441.80249,1485,1395,1680,1484,992,1397,1209,1491
059_15,HP_059,15,059_15.png,059_15.png,11.0545,16.9699,2.0557,-10.7599,10.0459,48.2359,-11.0,11.0,0.0,1557.0033,1441.728,1073.25732,1446.79834,1558.84937,1437.21265,1079.49622,1442.37085,1485,1395,1680,1482,992,1398,1209,1492
060_01,HP_060,1,060_01.png,060_01.png,10.6813,18.1982,-1.217,-8.8122,11.8633,49.9505,11.0,-11.0,0.0,1775.6283,1532.39246,1327.1084,1515.94629,1770.53723,1534.88208,1325.5918,1519.165,1669,1485,1853,1603,1204,1470,1417,1591
060_02,HP_060,2,060_02.png,060_02.png,10.6813,18.1982,-1.217,-8.8122,11.8633,49.9505,0.0,-11.0,0.0,1756.16931,1531.11914,1306.107,1514.7345,1754.212,1533.8186,1307.985,1518.15234,1669,1484,1853,1603,1204,1468,1417,1591
060_03,HP_060,3,060_03.png,060_03.png,10.6813,18.1982,-1.217,-8.8122,11.8633,49.9505,-11.0,-11.0,0.0,1735.4585,1530.97168,1283.81738,1514.76123,1736.8468,1533.69629,1289.29761,1518.17358,1669,1484,1853,1603,1204,1468,1417,1591
060_04,HP_060,4,060_04.png,060_04.png,10.6813,18.1982,-1.217,-8.8122,11.8633,49.9505,-11.0,-5.5,0.0,1734.617,1541.02246,1282.806,1525.24658,1736.14246,1542.124,1288.45557,1526.9657,1669,1490,1853,1605,1204,1474,1417,1593
060_05,HP_060,5,060_05.png,060_05.png,10.6813,18.1982,-1.217,-8.8122,11.8633,49.9505,0.0,-5.5,0.0,1756.14771,1541.13831,1306.089,1525.22314,1754.19226,1542.2207,1307.97168,1526.94678,1669,1490,1853,1605,1204,1474,1417,1593
060_06,HP_060,6,060_06.png,060_06.png,10.6813,18.1982,-1.217,-8.8122,11.8633,49.9505,11.0,-5.5,0.0,1776.30994,1541.88269,1327.88562,1525.89734,1771.1051,1542.843,1326.24207,1527.50989,1669,1491,1853,1605,1204,1475,1417,1593
060_07,HP_060,7,060_07.png,060_07.png,10.6813,18.1982,-1.217,-8.8122,11.8633,49.9505,11.0,0.0,0.0,1776.75159,1552.08228,1328.42151,1536.63184,1771.47314,1551.39673,1326.69019,1536.50879,1669,1499,1853,1609,1204,1483,1416,1596
060_08,HP_060,8,060_08.png,060_08.png,10.6813,18.1982,-1.217,-8.8122,11.8633,49.9505,0.0,0.0,0.0,1756.12061,1551.99609,1306.07556,1536.66919,1754.16846,1551.323,1307.96155,1536.54,1669,1499,1853,1608,1204,1484,1416,1597
060_09,HP_060,9,060_09.png,060_09.png,10.6813,18.1982,-1.217,-8.8122,11.8633,49.9505,-11.0,0.0,0.0,1734.03357,1551.90039,1282.09766,1536.71094,1735.65442,1551.24243,1287.86572,1536.575,1669,1499,1853,1608,1204,1484,1416,1597
060_10,HP_060,10,060_10.png,060_10.png,10.6813,18.1982,-1.217,-8.8122,11.8633,49.9505,-11.0,5.5,0.0,1733.78357,1563.16992,1281.79077,1548.66235,1735.44519,1560.68811,1287.61023,1546.59058,1668,1512,1852,1612,1204,1498,1415,1602
060_11,HP_060,11,060_11.png,060_11.png,10.6813,18.1982,-1.217,-8.8122,11.8633,49.9505,0.0,5.5,0.0,1756.08765,1563.249,1306.06775,1548.593,1754.1405,1560.75562,1307.95569,1546.53174,1669,1511,1852,1613,1204,1496,1415,1602
060_12,HP_060,12,060_12.png,060_12.png,10.6813,18.1982,-1.217,-8.8122,11.8633,49.9505,11.0,5.5,0.0,1776.89258,1562.6062,1328.65271,1547.75269,1771.5907,1560.22168,1326.88367,1545.8302,1669,1510,1853,1613,1204,1494,1415,1600
060_13,HP_060,13,060_13.png,060_13.png,10.6813,18.1982,-1.217,-8.8122,11.8633,49.9505,11.0,11.0,0.0,1776.70544,1572.98047,1328.54944,1558.76855,1771.43518,1568.92224,1326.79736,1555.06384,1668,1524,1852,1618,1205,1508,1415,1604
060_14,HP_060,14,060_14.png,060_14.png,10.6813,18.1982,-1.217,-8.8122,11.8633,49.9505,0.0,11.0,0.0,1756.04919,1574.3374,1306.06677,1560.37976,1754.10889,1570.05151,1307.95459,1556.4093,1668,1526,1852,1619,1205,1512,1415,1607
060_15,HP_060,15,060_15.png,060_15.png,10.6813,18.1982,-1.217,-8.8122,11.8633,49.9505,-11.0,11.0,0.0,1733.90283,1574.28418,1281.93311,1560.46582,1735.54456,1570.00476,1287.72852,1556.48291,1668,1527,1852,1617,1205,1515,1415,1608
061_01,HP_061,1,061_01.png,061_01.png,-14.9126,-1.1002,-3.6739,-2.2416,-5.0922,48.0099,11.0,-11.0,0.0,2018.659,629.0659,1520.51855,593.3661,2012.12354,632.536133,1518.22913,597.553833,1879,588,2095,719,1385,556,1595,685
061_02,HP_061,2,061_02.png,061_02.png,-14.9126,-1.1002,-3.6739,-2.2416,-5.0922,48.0099,0.0,-11.0,0.0,1991.58276,627.583862,1494.04077,591.553955,1989.429,631.3021,1496.04724,596.0405,1879,587,2095,719,1385,554,1593,684
061_03,HP_061,3,061_03.png,061_03.png,-14.9126,-1.1002,-3.6739,-2.2416,-5.0922,48.0099,-11.0,-11.0,0.0,1963.651,628.4402,1466.48938,591.9359,1966.03113,632.018555,1472.96155,596.355957,1879,586,2095,719,1385,553,1593,684
061_04,HP_061,4,061_04.png,061_04.png,-14.9126,-1.1002,-3.6739,-2.2416,-5.0922,48.0099,-11.0,-5.5,0.0,1963.5835,642.1771,1466.27332,605.65686,1965.97461,643.526,1472.78186,607.8523,1879,591,2095,720,1385,557,1592,686
061_05,HP_061,5,061_05.png,061_05.png,-14.9126,-1.1002,-3.6739,-2.2416,-5.0922,48.0099,0.0,-5.5,0.0,1991.64526,641.6842,1494.04224,605.550537,1989.4812,643.1135,1496.04883,607.7655,1879,591,2095,720,1385,558,1592,686
061_06,HP_061,6,061_06.png,061_06.png,-14.9126,-1.1002,-3.6739,-2.2416,-5.0922,48.0099,11.0,-5.5,0.0,2018.85,642.3794,1520.68469,606.5581,2012.28357,643.6929,1518.36816,608.607056,1879,592,2095,720,1385,559,1595,686
061_07,HP_061,7,061_07.png,061_07.png,-14.9126,-1.1002,-3.6739,-2.2416,-5.0922,48.0099,11.0,0.0,0.0,2018.49512,655.824341,1520.36682,619.9116,2011.9895,654.9602,1518.10254,619.795044,1879,599,2095,722,1385,565,1595,688
061_08,HP_061,8,061_08.png,061_08.png,-14.9126,-1.1002,-3.6739,-2.2416,-5.0922,48.0099,0.0,0.0,0.0,1991.69934,655.9392,1494.04932,619.7594,1989.52771,655.0547,1496.054,619.667236,1879,599,2095,723,1385,566,1591,688
061_09,HP_061,9,061_09.png,061_09.png,-14.9126,-1.1002,-3.6739,-2.2416,-5.0922,48.0099,-11.0,0.0,0.0,1964.06274,656.0414,1466.64734,619.5952,1966.37488,655.1405,1473.0929,619.5298,1879,600,2095,723,1385,566,1591,688
061_10,HP_061,10,061_10.png,061_10.png,-14.9126,-1.1002,-3.6739,-2.2416,-5.0922,48.0099,-11.0,5.5,0.0,1965.02673,669.2366,1467.54663,632.9042,1967.1803,666.1981,1473.84058,630.682739,1879,612,2094,727,1386,578,1591,692
061_11,HP_061,11,061_11.png,061_11.png,-14.9126,-1.1002,-3.6739,-2.2416,-5.0922,48.0099,0.0,5.5,0.0,1991.74365,669.4608,1494.06116,633.310059,1989.56726,666.385742,1496.062,631.0209,1879,611,2094,727,1386,577,1591,691
061_12,HP_061,12,061_12.png,061_12.png,-14.9126,-1.1002,-3.6739,-2.2416,-5.0922,48.0099,11.0,5.5,0.0,2017.65283,668.6278,1519.61255,632.716553,2011.28955,665.6935,1517.47229,630.525757,1879,609,2094,725,1386,575,1594,691
061_13,HP_061,13,061_13.png,061_13.png,-14.9126,-1.1002,-3.6739,-2.2416,-5.0922,48.0099,11.0,11.0,0.0,2016.45,680.2025,1518.52637,644.417847,2010.28906,675.402,1516.56433,640.3362,1879,622,2094,730,1386,587,1594,694
061_14,HP_061,14,061_14.png,061_14.png,-14.9126,-1.1002,-3.6739,-2.2416,-5.0922,48.0099,0.0,11.0,0.0,1991.77917,681.5879,1494.07654,645.545654,1989.60022,676.5547,1496.07214,641.2781,1879,624,2094,732,1386,590,1591,696
061_15,HP_061,15,061_15.png,061_15.png,-14.9126,-1.1002,-3.6739,-2.2416,-5.0922,48.0099,-11.0,11.0,0.0,1966.34656,681.1559,1468.82959,644.9415,1968.28357,676.192749,1474.90833,640.7754,1878,626,2094,732,1386,593,1591,697
062_01,HP_062,1,062_01.png,062_01.png,-9.7901,-8.2423,-3.3432,2.4769,0.75401,49.1773,11.0,-11.0,0.0,2272.72461,998.3585,1794.19287,958.7219,2266.47583,1001.60059,1792.115,962.6063,2135,959,2349,1087,1665,922,1865,1048
062_02,HP_062,2,062_02.png,062_02.png,-9.7901,-8.2423,-3.3432,2.4769,0.75401,49.1773,0.0,-11.0,0.0,2247.04419,997.761963,1769.67188,957.757568,2244.95215,1001.105,1771.56628,961.799438,2135,958,2349,1087,1665,921,1863,1047
062_03,HP_062,3,062_03.png,062_03.png,-9.7901,-8.2423,-3.3432,2.4769,0.75401,49.1773,-11.0,-11.0,0.0,2221.80151,999.0797,1745.45728,958.6135,2223.802,1002.20691,1751.26575,962.5106,2135,958,2349,1088,1665,920,1863,1048
062_04,HP_062,4,062_04.png,062_04.png,-9.7901,-8.2423,-3.3432,2.4769,0.75401,49.1773,-11.0,-5.5,0.0,2221.37842,1011.27527,1744.89429,970.509766,2223.448,1012.42639,1750.79736,972.4835,2135,962,2349,1089,1665,924,1863,1049
062_05,HP_062,5,062_05.png,062_05.png,-9.7901,-8.2423,-3.3432,2.4769,0.75401,49.1773,0.0,-5.5,0.0,2247.11963,1010.49634,1769.66858,970.154663,2245.01465,1011.77466,1771.5647,972.1891,2135,962,2349,1088,1665,926,1863,1048
062_06,HP_062,6,062_06.png,062_06.png,-9.7901,-8.2423,-3.3432,2.4769,0.75401,49.1773,11.0,-5.5,0.0,2273.35474,1010.73169,1794.72986,970.7726,2267.00146,1011.97021,1792.56384,972.7063,2135,962,2349,1088,1665,926,1865,1049
062_07,HP_062,7,062_07.png,062_07.png,-9.7901,-8.2423,-3.3432,2.4769,0.75401,49.1773,11.0,0.0,0.0,2273.487,1023.65527,1794.83459,983.36084,2267.11255,1022.7998,1792.65137,983.25415,2135,968,2348,1090,1665,931,1865,1050
062_08,HP_062,8,062_08.png,062_08.png,-9.7901,-8.2423,-3.3432,2.4769,0.75401,49.1773,0.0,0.0,0.0,2247.18945,1023.8186,1769.67,983.1659,2245.073,1022.93542,1771.56616,983.090942,2135,969,2348,1090,1665,931,1862,1050
062_09,HP_062,9,062_09.png,062_09.png,-9.7901,-8.2423,-3.3432,2.4769,0.75401,49.1773,-11.0,0.0,0.0,2221.39087,1023.95959,1744.7804,982.9674,2223.45874,1023.05432,1750.70264,982.9247,2135,969,2348,1091,1665,931,1862,1051
062_10,HP_062,10,062_10.png,062_10.png,-9.7901,-8.2423,-3.3432,2.4769,0.75401,49.1773,-11.0,5.5,0.0,2221.854,1036.4679,1745.1344,995.3082,2223.84546,1033.53638,1750.99707,993.2687,2134,979,2348,1095,1665,942,1861,1054
062_11,HP_062,11,062_11.png,062_11.png,-9.7901,-8.2423,-3.3432,2.4769,0.75401,49.1773,0.0,5.5,0.0,2247.25122,1036.94116,1769.67664,996.0409,2245.126,1033.93066,1771.5708,993.87915,2134,979,2348,1095,1665,941,1861,1054
062_12,HP_062,12,062_12.png,062_12.png,-9.7901,-8.2423,-3.3432,2.4769,0.75401,49.1773,11.0,5.5,0.0,2273.099,1036.38745,1794.491,995.8213,2266.79077,1033.47046,1792.36426,993.696167,2134,978,2348,1093,1665,940,1864,1053
062_13,HP_062,13,062_13.png,062_13.png,-9.7901,-8.2423,-3.3432,2.4769,0.75401,49.1773,11.0,11.0,0.0,2272.25537,1048.23022,1793.75,1007.52588,2266.0896,1043.40039,1791.745,1003.50769,2134,990,2348,1097,1665,951,1864,1056
062_14,HP_062,14,062_14.png,062_14.png,-9.7901,-8.2423,-3.3432,2.4769,0.75401,49.1773,0.0,11.0,0.0,2247.30347,1049.12451,1769.68738,1008.07227,2245.17188,1044.14355,1771.57813,1003.96436,2134,992,2348,1100,1665,954,1861,1058
062_15,HP_062,15,062_15.png,062_15.png,-9.7901,-8.2423,-3.3432,2.4769,0.75401,49.1773,-11.0,11.0,0.0,2222.713,1048.17236,1745.90125,1006.88977,2224.564,1043.34875,1751.6355,1002.97913,2134,993,2348,1099,1665,955,1861,1059
063_01,HP_063,1,063_01.png,063_01.png,7.1473,-2.2336,5.874,-0.44635,4.4145,49.2563,11.0,-11.0,0.0,2086.857,1022.1051,1619.09106,1069.14209,2080.894,1025.41943,1617.1864,1072.59143,1956,973,2164,1090,1493,1021,1693,1143
063_02,HP_063,2,063_02.png,063_02.png,7.1473,-2.2336,5.874,-0.44635,4.4145,49.2563,0.0,-11.0,0.0,2063.30054,1020.75195,1595.93848,1068.28516,2061.1438,1024.29077,1597.782,1071.87573,1956,970,2164,1090,1493,1018,1691,1143
063_03,HP_063,3,063_03.png,063_03.png,7.1473,-2.2336,5.874,-0.44635,4.4145,49.2563,-11.0,-11.0,0.0,2039.317,1021.12793,1572.32617,1069.06934,2041.0448,1024.60522,1577.98792,1072.52942,1956,970,2164,1089,1493,1017,1691,1143
063_04,HP_063,4,063_04.png,063_04.png,7.1473,-2.2336,5.874,-0.44635,4.4145,49.2563,-11.0,-5.5,0.0,2038.80383,1032.74817,1571.71558,1080.62952,2040.61572,1034.34436,1577.47949,1082.22034,1957,979,2164,1093,1493,1024,1692,1145
063_05,HP_063,5,063_05.png,063_05.png,7.1473,-2.2336,5.874,-0.44635,4.4145,49.2563,0.0,-5.5,0.0,2063.3335,1032.67493,1595.93884,1080.11145,2061.17017,1034.28345,1597.78333,1081.78784,1957,980,2164,1093,1493,1026,1692,1145
063_06,HP_063,6,063_06.png,063_06.png,7.1473,-2.2336,5.874,-0.44635,4.4145,49.2563,11.0,-5.5,0.0,2087.42432,1033.53442,1619.64465,1080.48254,2081.3667,1035.0011,1617.64917,1082.09753,1957,983,2164,1094,1494,1029,1694,1146
063_07,HP_063,7,063_07.png,063_07.png,7.1473,-2.2336,5.874,-0.44635,4.4145,49.2563,11.0,0.0,0.0,2087.574,1045.489,1619.8269,1092.37915,2081.4917,1045.02136,1617.80164,1092.06775,1958,997,2164,1099,1494,1040,1695,1149
063_08,HP_063,8,063_08.png,063_08.png,7.1473,-2.2336,5.874,-0.44635,4.4145,49.2563,0.0,0.0,0.0,2063.36157,1045.19507,1595.94312,1092.58679,2061.19336,1044.77429,1597.78748,1092.24133,1958,994,2164,1099,1494,1037,1692,1149
063_09,HP_063,9,063_09.png,063_09.png,7.1473,-2.2336,5.874,-0.44635,4.4145,49.2563,-11.0,0.0,0.0,2038.69531,1044.90833,1571.52808,1092.80127,2040.525,1044.53418,1577.32336,1092.42151,1958,991,2164,1097,1494,1035,1692,1148
063_10,HP_063,10,063_10.png,063_10.png,7.1473,-2.2336,5.874,-0.44635,4.4145,49.2563,-11.0,5.5,0.0,2039.0144,1056.98511,1571.79822,1104.93689,2040.7915,1054.65479,1577.54785,1102.593,1958,1007,2164,1102,1495,1050,1692,1153
063_11,HP_063,11,063_11.png,063_11.png,7.1473,-2.2336,5.874,-0.44635,4.4145,49.2563,0.0,5.5,0.0,2063.383,1057.61438,1595.95215,1105.03259,2061.2124,1055.18164,1597.79431,1102.67078,1958,1012,2164,1105,1495,1053,1692,1153
063_12,HP_063,12,063_12.png,063_12.png,7.1473,-2.2336,5.874,-0.44635,4.4145,49.2563,11.0,5.5,0.0,2087.28223,1057.34009,1619.61,1104.25415,2081.24951,1054.95581,1617.62036,1102.02,1958,1015,2164,1105,1495,1053,1695,1153
063_13,HP_063,13,063_13.png,063_13.png,7.1473,-2.2336,5.874,-0.44635,4.4145,49.2563,11.0,11.0,0.0,2086.59375,1068.48145,1619.02319,1115.53149,2080.67676,1064.29834,1617.12976,1111.47424,1958,1024,2163,1110,1496,1064,1695,1157
063_14,HP_063,14,063_14.png,063_14.png,7.1473,-2.2336,5.874,-0.44635,4.4145,49.2563,0.0,11.0,0.0,2063.39844,1069.25867,1595.96484,1116.77368,2061.227,1064.94287,1597.80359,1112.5127,1958,1024,2163,1111,1496,1065,1693,1159
063_15,HP_063,15,063_15.png,063_15.png,7.1473,-2.2336,5.874,-0.44635,4.4145,49.2563,-11.0,11.0,0.0,2039.71875,1068.37354,1572.48694,1116.393,2041.38062,1064.20154,1578.12109,1112.198,1958,1023,2163,1108,1495,1063,1693,1159
064_01,HP_064,1,064_01.png,064_01.png,13.9726,5.8962,-0.15466,-1.3982,10.4555,48.248,11.0,-11.0,0.0,2151.19482,1401.74829,1679.08984,1390.71338,2145.419,1404.741,1677.201,1394.35938,2032,1351,2229,1470,1552,1342,1763,1462
064_02,HP_064,2,064_02.png,064_02.png,13.9726,5.8962,-0.15466,-1.3982,10.4555,48.248,0.0,-11.0,0.0,2128.49585,1400.6521,1655.68335,1390.0249,2126.386,1403.82593,1657.5824,1393.784,2032,1351,2229,1470,1552,1341,1762,1462
064_03,HP_064,3,064_03.png,064_03.png,13.9726,5.8962,-0.15466,-1.3982,10.4555,48.248,-11.0,-11.0,0.0,2105.65234,1401.08057,1632.10742,1390.94385,2107.2395,1404.18433,1637.81628,1394.55,2032,1350,2229,1470,1552,1340,1762,1462
064_04,HP_064,4,064_04.png,064_04.png,13.9726,5.8962,-0.15466,-1.3982,10.4555,48.248,-11.0,-5.5,0.0,2104.82153,1412.14282,1631.1333,1402.17236,2106.54443,1413.45764,1637.00525,1403.96484,2032,1358,2229,1473,1552,1349,1762,1465
064_05,HP_064,5,064_05.png,064_05.png,13.9726,5.8962,-0.15466,-1.3982,10.4555,48.248,0.0,-5.5,0.0,2128.49634,1412.0238,1655.66626,1401.5647,2126.38452,1413.35852,1657.57019,1403.45789,2032,1359,2229,1473,1552,1349,1762,1465
064_06,HP_064,6,064_06.png,064_06.png,13.9726,5.8962,-0.15466,-1.3982,10.4555,48.248,11.0,-5.5,0.0,2152.04224,1412.76062,1679.97571,1401.86816,2146.12476,1413.97437,1677.94165,1403.71094,2032,1360,2229,1473,1552,1349,1763,1465
064_07,HP_064,7,064_07.png,064_07.png,13.9726,5.8962,-0.15466,-1.3982,10.4555,48.248,11.0,0.0,0.0,2152.54077,1424.62341,1680.52893,1413.918,2146.54,1423.91772,1678.40417,1413.80933,2032,1371,2229,1478,1552,1360,1762,1469
064_08,HP_064,8,064_08.png,064_08.png,13.9726,5.8962,-0.15466,-1.3982,10.4555,48.248,0.0,0.0,0.0,2128.49268,1424.332,1655.65332,1414.127,2126.38037,1423.67261,1657.56042,1413.98438,2032,1371,2229,1478,1552,1360,1762,1470
064_09,HP_064,9,064_09.png,064_09.png,13.9726,5.8962,-0.15466,-1.3982,10.4555,48.248,-11.0,0.0,0.0,2104.318,1424.0415,1630.52283,1414.34863,2106.12329,1423.42932,1636.497,1414.17017,2032,1370,2229,1477,1552,1362,1762,1470
064_10,HP_064,10,064_10.png,064_10.png,13.9726,5.8962,-0.15466,-1.3982,10.4555,48.248,-11.0,5.5,0.0,2104.2146,1436.242,1630.36829,1426.888,2106.03687,1433.65308,1636.36829,1424.679,2032,1386,2229,1483,1552,1377,1762,1477
064_11,HP_064,11,064_11.png,064_11.png,13.9726,5.8962,-0.15466,-1.3982,10.4555,48.248,0.0,5.5,0.0,2128.48364,1436.9751,1655.64514,1427.09131,2126.37256,1434.26624,1657.554,1424.84619,2032,1388,2229,1485,1552,1377,1762,1476
064_12,HP_064,12,064_12.png,064_12.png,13.9726,5.8962,-0.15466,-1.3982,10.4555,48.248,11.0,5.5,0.0,2152.60986,1436.7771,1680.67151,1426.32092,2146.598,1434.10449,1678.52319,1424.20239,2032,1387,2229,1484,1552,1374,1763,1474
064_13,HP_064,13,064_13.png,064_13.png,13.9726,5.8962,-0.15466,-1.3982,10.4555,48.248,11.0,11.0,0.0,2152.23071,1448.56323,1680.38135,1438.43457,2146.28271,1443.98535,1678.28064,1434.35425,2031,1400,2228,1490,1553,1390,1763,1479
064_14,HP_064,14,064_14.png,064_14.png,13.9726,5.8962,-0.15466,-1.3982,10.4555,48.248,0.0,11.0,0.0,2128.46948,1449.2356,1655.64258,1439.708,2126.36182,1444.54175,1657.55115,1435.41846,2031,1401,2228,1491,1553,1393,1762,1482
064_15,HP_064,15,064_15.png,064_15.png,13.9726,5.8962,-0.15466,-1.3982,10.4555,48.248,-11.0,11.0,0.0,2104.53076,1448.11609,1630.69482,1439.0918,2106.30078,1443.60535,1636.63965,1434.908,2031,1400,2228,1488,1553,1393,1762,1483
065_01,HP_065,1,065_01.png,065_01.png,12.1988,-4.0836,-0.52431,0.81641,13.8884,51.0,11.0,-11.0,0.0,2175.82227,1628.86182,1730.46252,1622.39575,2170.57544,1631.42407,1729.00708,1625.45825,2053,1581,2253,1700,1611,1578,1805,1696
065_02,HP_065,2,065_02.png,065_02.png,12.1988,-4.0836,-0.52431,0.81641,13.8884,51.0,0.0,-11.0,0.0,2155.61621,1628.17651,1710.59619,1621.88574,2153.629,1630.85229,1712.34839,1625.03149,2053,1580,2253,1700,1611,1577,1803,1696
065_03,HP_065,3,065_03.png,065_03.png,12.1988,-4.0836,-0.52431,0.81641,13.8884,51.0,-11.0,-11.0,0.0,2135.37329,1628.6521,1690.77161,1622.49744,2136.65625,1631.25061,1695.72,1625.54126,2053,1581,2253,1700,1611,1576,1803,1696
065_04,HP_065,4,065_04.png,065_04.png,12.1988,-4.0836,-0.52431,0.81641,13.8884,51.0,-11.0,-5.5,0.0,2134.58643,1638.28735,1689.89648,1631.99316,2135.9978,1639.3302,1694.99084,1633.50659,2053,1587,2253,1702,1611,1582,1802,1698
065_05,HP_065,5,065_05.png,065_05.png,12.1988,-4.0836,-0.52431,0.81641,13.8884,51.0,0.0,-5.5,0.0,2155.654,1638.05078,1710.58862,1631.6366,2153.659,1639.1322,1712.34387,1633.20947,2053,1587,2253,1702,1611,1582,1802,1698
065_06,HP_065,6,065_06.png,065_06.png,12.1988,-4.0836,-0.52431,0.81641,13.8884,51.0,11.0,-5.5,0.0,2176.70923,1638.47363,1731.29541,1631.91833,2171.315,1639.48535,1729.704,1633.44507,2053,1587,2253,1702,1611,1583,1805,1698
065_07,HP_065,7,065_07.png,065_07.png,12.1988,-4.0836,-0.52431,0.81641,13.8884,51.0,11.0,0.0,0.0,2177.36035,1648.92712,1731.91406,1642.28162,2171.85742,1648.25,1730.22144,1642.13379,2053,1596,2252,1706,1611,1590,1804,1700
065_08,HP_065,8,065_08.png,065_08.png,12.1988,-4.0836,-0.52431,0.81641,13.8884,51.0,0.0,0.0,0.0,2155.69067,1648.833,1710.58325,1642.31958,2153.68823,1648.17029,1712.3407,1642.16528,2053,1596,2252,1706,1611,1589,1802,1700
065_09,HP_065,9,065_09.png,065_09.png,12.1988,-4.0836,-0.52431,0.81641,13.8884,51.0,-11.0,0.0,0.0,2134.02441,1648.73877,1689.247,1642.35742,2135.52759,1648.09155,1694.44971,1642.19739,2053,1595,2252,1706,1611,1590,1802,1701
065_10,HP_065,10,065_10.png,065_10.png,12.1988,-4.0836,-0.52431,0.81641,13.8884,51.0,-11.0,5.5,0.0,2133.758,1659.63269,1688.90247,1653.216,2135.30469,1657.22241,1694.16284,1651.30054,2053,1607,2252,1710,1612,1601,1802,1705
065_11,HP_065,11,065_11.png,065_11.png,12.1988,-4.0836,-0.52431,0.81641,13.8884,51.0,0.0,5.5,0.0,2155.72461,1660.11011,1710.58093,1653.53809,2153.716,1657.62146,1712.33936,1651.56848,2053,1608,2252,1711,1612,1601,1802,1704
065_12,HP_065,12,065_12.png,065_12.png,12.1988,-4.0836,-0.52431,0.81641,13.8884,51.0,11.0,5.5,0.0,2177.6936,1659.83057,1732.24707,1653.125,2172.13574,1657.39038,1730.5,1651.223,2053,1607,2252,1710,1612,1600,1805,1704
065_13,HP_065,13,065_13.png,065_13.png,12.1988,-4.0836,-0.52431,0.81641,13.8884,51.0,11.0,11.0,0.0,2177.6626,1670.66663,1732.251,1663.97192,2172.1106,1666.47522,1730.50317,1660.31519,2053,1622,2252,1715,1612,1613,1805,1708
065_14,HP_065,14,065_14.png,065_14.png,12.1988,-4.0836,-0.52431,0.81641,13.8884,51.0,0.0,11.0,0.0,2155.755,1671.3291,1710.58191,1664.75549,2153.7417,1667.02478,1712.34009,1660.97046,2053,1623,2252,1717,1612,1615,1803,1709
065_15,HP_065,15,065_15.png,065_15.png,12.1988,-4.0836,-0.52431,0.81641,13.8884,51.0,-11.0,11.0,0.0,2133.82837,1670.48132,1688.91125,1664.06641,2135.36328,1666.316,1694.17,1660.39722,2053,1622,2252,1716,1612,1616,1803,1711
066_01,HP_066,1,066_01.png,066_01.png,-6.0418,-12.5875,-3.0878,11.895,-5.1911,50.3626,11.0,-11.0,0.0,2877.6582,527.0381,2399.99951,508.7915,2871.45215,530.330933,2397.92578,512.612549,2747,477,2957,599,2274,463,2478,581
066_02,HP_066,2,066_02.png,066_02.png,-6.0418,-12.5875,-3.0878,11.895,-5.1911,50.3626,0.0,-11.0,0.0,2852.60742,527.566162,2375.86426,509.5714,2850.463,530.772339,2377.69775,513.261963,2747,478,2957,599,2274,463,2476,582
066_03,HP_066,3,066_03.png,066_03.png,-6.0418,-12.5875,-3.0878,11.895,-5.1911,50.3626,-11.0,-11.0,0.0,2830.415,529.4601,2354.40479,511.747681,2831.864,532.354,2359.69629,515.077637,2747,478,2956,600,2274,462,2476,582
066_04,HP_066,4,066_04.png,066_04.png,-6.0418,-12.5875,-3.0878,11.895,-5.1911,50.3626,-11.0,-5.5,0.0,2830.46436,540.5764,2354.392,522.4419,2831.905,541.6721,2359.68555,524.046,2747,486,2956,603,2274,470,2475,585
066_05,HP_066,5,066_05.png,066_05.png,-6.0418,-12.5875,-3.0878,11.895,-5.1911,50.3626,0.0,-5.5,0.0,2852.62183,539.7368,2375.86279,521.28186,2850.475,540.9706,2377.69653,523.078,2747,486,2956,603,2274,470,2475,584
066_06,HP_066,6,066_06.png,066_06.png,-6.0418,-12.5875,-3.0878,11.895,-5.1911,50.3626,11.0,-5.5,0.0,2877.63159,539.5957,2400.00928,520.8157,2871.43066,540.8528,2397.93433,522.689331,2747,486,2956,602,2274,470,2477,584
066_07,HP_066,7,066_07.png,066_07.png,-6.0418,-12.5875,-3.0878,11.895,-5.1911,50.3626,11.0,0.0,0.0,2877.12866,552.1061,2399.59375,532.8528,2871.013,551.33606,2397.587,532.776855,2747,497,2956,607,2274,479,2476,588
066_08,HP_066,8,066_08.png,066_08.png,-6.0418,-12.5875,-3.0878,11.895,-5.1911,50.3626,0.0,0.0,0.0,2852.63159,551.8667,2375.86523,533.0055,2850.48486,551.1355,2377.69775,532.9048,2747,497,2956,608,2274,480,2474,588
066_09,HP_066,9,066_09.png,066_09.png,-6.0418,-12.5875,-3.0878,11.895,-5.1911,50.3626,-11.0,0.0,0.0,2830.82324,551.6564,2354.70264,533.14624,2832.20532,550.9606,2359.94458,533.0232,2747,497,2956,607,2274,481,2474,589
066_10,HP_066,10,066_10.png,066_10.png,-6.0418,-12.5875,-3.0878,11.895,-5.1911,50.3626,-11.0,5.5,0.0,2831.45459,562.248657,2355.29761,543.400757,2832.734,559.842041,2360.44,541.624634,2746,510,2955,612,2274,493,2474,594
066_11,HP_066,11,066_11.png,066_11.png,-6.0418,-12.5875,-3.0878,11.895,-5.1911,50.3626,0.0,5.5,0.0,2852.63745,563.358032,2375.87134,544.159058,2850.49146,560.768555,2377.70142,542.2562,2746,511,2955,613,2274,493,2474,593
066_12,HP_066,12,066_12.png,066_12.png,-6.0418,-12.5875,-3.0878,11.895,-5.1911,50.3626,11.0,5.5,0.0,2876.224,563.9,2398.81348,544.2892,2870.26123,561.222534,2396.93457,542.3635,2746,511,2955,612,2274,492,2476,592
066_13,HP_066,13,066_13.png,066_13.png,-6.0418,-12.5875,-3.0878,11.895,-5.1911,50.3626,11.0,11.0,0.0,2875.03882,574.5027,2397.76978,554.676147,2869.27515,570.115234,2396.06177,551.074463,2746,524,2955,618,2275,506,2476,596
066_14,HP_066,14,066_14.png,066_14.png,-6.0418,-12.5875,-3.0878,11.895,-5.1911,50.3626,0.0,11.0,0.0,2852.6394,573.7733,2375.87964,554.312744,2850.49585,569.504,2377.70654,550.7732,2746,524,2955,618,2275,508,2474,598
066_15,HP_066,15,066_15.png,066_15.png,-6.0418,-12.5875,-3.0878,11.895,-5.1911,50.3626,-11.0,11.0,0.0,2832.29517,572.0034,2356.109,552.8512,2833.43726,568.0249,2361.11621,549.554443,2746,523,2955,617,2275,508,2474,599
067_01,HP_067,1,067_01.png,067_01.png,-5.808,-9.1673,2.9227,10.5769,0.63638,49.7375,11.0,-11.0,0.0,2822.09253,924.1715,2337.68774,941.4231,2815.75586,927.6604,2335.54565,945.1129,2694,881,2903,1007,2211,901,2418,1026
067_02,HP_067,2,067_02.png,067_02.png,-5.808,-9.1673,2.9227,10.5769,0.63638,49.7375,0.0,-11.0,0.0,2796.85913,924.794434,2313.03564,941.8197,2794.6123,928.182,2314.88477,945.4419,2694,880,2903,1007,2211,900,2417,1026
067_03,HP_067,3,067_03.png,067_03.png,-5.808,-9.1673,2.9227,10.5769,0.63638,49.7375,-11.0,-11.0,0.0,2774.19019,926.8235,2290.85449,943.7167,2775.61523,929.8773,2296.2793,947.02356,2694,882,2903,1007,2211,901,2417,1026
067_04,HP_067,4,067_04.png,067_04.png,-5.808,-9.1673,2.9227,10.5769,0.63638,49.7375,-11.0,-5.5,0.0,2773.8623,937.9822,2290.44336,954.5359,2775.34058,939.230835,2295.93677,956.097046,2695,887,2903,1009,2211,905,2417,1027
067_05,HP_067,5,067_05.png,067_05.png,-5.808,-9.1673,2.9227,10.5769,0.63638,49.7375,0.0,-5.5,0.0,2796.862,936.894165,2313.01929,953.5731,2794.61426,938.3214,2314.872,955.2942,2695,886,2903,1009,2211,904,2417,1027
067_06,HP_067,6,067_06.png,067_06.png,-5.808,-9.1673,2.9227,10.5769,0.63638,49.7375,11.0,-5.5,0.0,2822.592,936.537,2338.18726,953.407349,2816.17163,938.022461,2335.963,955.157,2695,886,2903,1009,2211,905,2418,1027
067_07,HP_067,7,067_07.png,067_07.png,-5.808,-9.1673,2.9227,10.5769,0.63638,49.7375,11.0,0.0,0.0,2822.5918,949.3982,2338.23535,965.906,2816.172,948.7981,2336.00317,965.6301,2695,896,2903,1012,2212,913,2418,1030
067_08,HP_067,8,067_08.png,067_08.png,-5.808,-9.1673,2.9227,10.5769,0.63638,49.7375,0.0,0.0,0.0,2796.8606,949.439331,2313.00732,965.827,2794.613,948.832764,2314.86182,965.5642,2695,895,2903,1012,2212,912,2417,1029
067_09,HP_067,9,067_09.png,067_09.png,-5.808,-9.1673,2.9227,10.5769,0.63638,49.7375,-11.0,0.0,0.0,2773.86816,949.469849,2290.38574,965.750854,2775.3457,948.8594,2295.88843,965.501,2695,895,2903,1011,2212,912,2417,1029
067_10,HP_067,10,067_10.png,067_10.png,-5.808,-9.1673,2.9227,10.5769,0.63638,49.7375,-11.0,5.5,0.0,2774.21118,960.7783,2290.69,976.8351,2775.63232,958.338867,2296.1416,974.7959,2695,905,2902,1014,2212,921,2417,1033
067_11,HP_067,11,067_11.png,067_11.png,-5.808,-9.1673,2.9227,10.5769,0.63638,49.7375,0.0,5.5,0.0,2796.854,961.756,2313.0,977.915649,2794.609,959.1542,2314.855,975.696533,2695,907,2902,1016,2212,922,2417,1033
067_12,HP_067,12,067_12.png,067_12.png,-5.808,-9.1673,2.9227,10.5769,0.63638,49.7375,11.0,5.5,0.0,2822.08521,962.009155,2337.81958,978.2311,2815.751,959.365967,2335.656,975.95874,2695,909,2902,1017,2212,923,2418,1033
067_13,HP_067,13,067_13.png,067_13.png,-5.808,-9.1673,2.9227,10.5769,0.63638,49.7375,11.0,11.0,0.0,2821.148,973.6936,2337.00171,989.743164,2814.97217,969.161743,2334.97217,985.609741,2695,924,2902,1022,2212,937,2419,1037
067_14,HP_067,14,067_14.png,067_14.png,-5.808,-9.1673,2.9227,10.5769,0.63638,49.7375,0.0,11.0,0.0,2796.84351,973.2289,2312.99731,989.2189,2794.602,968.772339,2314.851,985.17395,2695,922,2902,1021,2212,935,2417,1038
067_15,HP_067,15,067_15.png,067_15.png,-5.808,-9.1673,2.9227,10.5769,0.63638,49.7375,-11.0,11.0,0.0,2774.852,971.4364,2291.31519,987.293457,2776.1687,967.2761,2296.66235,983.5687,2695,918,2902,1019,2212,933,2417,1038
068_01,HP_068,1,068_01.png,068_01.png,-3.6994,-6.4065,-2.7828,4.5858,4.8005,51.3759,11.0,-11.0,0.0,2419.611,1205.66064,1964.37927,1175.84375,2413.97168,1208.48975,1962.613,1179.2782,2294,1164,2496,1287,1842,1138,2039,1258
068_02,HP_068,2,068_02.png,068_02.png,-3.6994,-6.4065,-2.7828,4.5858,4.8005,51.3759,0.0,-11.0,0.0,2397.14648,1205.49683,1942.44971,1175.44482,2395.139,1208.35449,1944.22949,1178.94336,2294,1164,2496,1287,1842,1137,2038,1258
068_03,HP_068,3,068_03.png,068_03.png,-3.6994,-6.4065,-2.7828,4.5858,4.8005,51.3759,-11.0,-11.0,0.0,2375.557,1206.70618,1921.379,1176.42334,2377.04224,1209.36584,1926.557,1179.7583,2294,1164,2496,1288,1842,1136,2038,1258
068_04,HP_068,4,068_04.png,068_04.png,-3.6994,-6.4065,-2.7828,4.5858,4.8005,51.3759,-11.0,-5.5,0.0,2375.05347,1217.15613,1920.778,1186.65039,2376.621,1218.12646,1926.0564,1188.33545,2294,1168,2496,1289,1842,1140,2038,1259
068_05,HP_068,5,068_05.png,068_05.png,-3.6994,-6.4065,-2.7828,4.5858,4.8005,51.3759,0.0,-5.5,0.0,2397.179,1216.45532,1942.443,1186.18774,2395.16479,1217.54,1944.2251,1187.95068,2294,1168,2496,1288,1842,1141,2038,1259
068_06,HP_068,6,068_06.png,068_06.png,-3.6994,-6.4065,-2.7828,4.5858,4.8005,51.3759,11.0,-5.5,0.0,2420.28076,1216.49292,1965.00842,1186.47681,2414.52954,1217.57068,1963.13892,1188.193,2294,1168,2496,1288,1842,1141,2040,1259
068_07,HP_068,7,068_07.png,068_07.png,-3.6994,-6.4065,-2.7828,4.5858,4.8005,51.3759,11.0,0.0,0.0,2420.58154,1227.9585,1965.303,1197.7439,2414.78052,1227.18066,1963.3855,1197.63672,2294,1174,2496,1290,1842,1147,2040,1261
068_08,HP_068,8,068_08.png,068_08.png,-3.6994,-6.4065,-2.7828,4.5858,4.8005,51.3759,0.0,0.0,0.0,2397.208,1228.05432,1942.43958,1197.60852,2395.189,1227.2605,1944.22278,1197.52332,2294,1175,2496,1291,1842,1147,2037,1261
068_09,HP_068,9,068_09.png,068_09.png,-3.6994,-6.4065,-2.7828,4.5858,4.8005,51.3759,-11.0,0.0,0.0,2374.85645,1228.13538,1920.49487,1197.47314,2376.456,1227.3291,1925.82068,1197.41,2294,1175,2496,1291,1842,1147,2037,1261
068_10,HP_068,10,068_10.png,068_10.png,-3.6994,-6.4065,-2.7828,4.5858,4.8005,51.3759,-11.0,5.5,0.0,2374.99829,1239.16528,1920.569,1208.4,2376.575,1236.57471,1925.88245,1206.57153,2294,1185,2496,1294,1842,1157,2037,1265
068_11,HP_068,11,068_11.png,068_11.png,-3.6994,-6.4065,-2.7828,4.5858,4.8005,51.3759,0.0,5.5,0.0,2397.23315,1239.72021,1942.43982,1209.14648,2395.21021,1237.03735,1944.22278,1207.19385,2294,1184,2496,1295,1842,1156,2037,1264
068_12,HP_068,12,068_12.png,068_12.png,-3.6994,-6.4065,-2.7828,4.5858,4.8005,51.3759,11.0,5.5,0.0,2420.46484,1239.487,1965.2218,1209.11792,2414.684,1236.84387,1963.3175,1207.16992,2294,1184,2496,1294,1842,1155,2039,1264
068_13,HP_068,13,068_13.png,068_13.png,-3.6994,-6.4065,-2.7828,4.5858,4.8005,51.3759,11.0,11.0,0.0,2419.9458,1250.47681,1964.775,1220.041,2414.253,1246.05835,1962.944,1216.3269,2294,1196,2495,1299,1843,1167,2039,1267
068_14,HP_068,14,068_14.png,068_14.png,-3.6994,-6.4065,-2.7828,4.5858,4.8005,51.3759,0.0,11.0,0.0,2397.25317,1250.84692,1942.44373,1220.20544,2395.22852,1246.365,1944.2251,1216.46509,2294,1197,2495,1300,1843,1168,2037,1268
068_15,HP_068,15,068_15.png,068_15.png,-3.6994,-6.4065,-2.7828,4.5858,4.8005,51.3759,-11.0,11.0,0.0,2375.46826,1249.74438,1920.9906,1218.91,2376.96777,1245.44458,1926.2334,1215.385,2294,1197,2495,1299,1843,1169,2037,1270
069_01,HP_069,1,069_01.png,069_01.png,13.7744,-16.5971,3.9189,11.0742,9.4991,51.6199,11.0,-11.0,0.0,2678.46631,1306.0293,2241.50757,1349.92383,2673.01563,1308.91064,2239.99634,1352.83923,2551,1259,2756,1371,2126,1304,2311,1418
069_02,HP_069,2,069_02.png,069_02.png,13.7744,-16.5971,3.9189,11.0742,9.4991,51.6199,0.0,-11.0,0.0,2657.65771,1306.00879,2221.85962,1350.32861,2655.56982,1308.8938,2223.52,1353.177,2550,1257,2756,1371,2126,1302,2309,1418
069_03,HP_069,3,069_03.png,069_03.png,13.7744,-16.5971,3.9189,11.0742,9.4991,51.6199,-11.0,-11.0,0.0,2638.34644,1307.05737,2203.68237,1351.71155,2639.379,1309.77,2208.268,1354.332,2550,1257,2756,1370,2126,1301,2309,1418
069_04,HP_069,4,069_04.png,069_04.png,13.7744,-16.5971,3.9189,11.0742,9.4991,51.6199,-11.0,-5.5,0.0,2637.85913,1316.331,2203.15942,1360.60693,2638.971,1317.54688,2207.83179,1361.795,2551,1264,2756,1373,2126,1307,2309,1420
069_05,HP_069,5,069_05.png,069_05.png,13.7744,-16.5971,3.9189,11.0742,9.4991,51.6199,0.0,-5.5,0.0,2657.69336,1315.85693,2221.86279,1359.77966,2655.59863,1317.15088,2223.52368,1361.10376,2551,1265,2756,1374,2126,1308,2309,1420
069_06,HP_069,6,069_06.png,069_06.png,13.7744,-16.5971,3.9189,11.0742,9.4991,51.6199,11.0,-5.5,0.0,2679.1814,1315.97815,2242.15967,1359.48291,2673.61133,1317.25244,2240.54175,1360.85583,2552,1267,2756,1374,2126,1311,2311,1421
069_07,HP_069,7,069_07.png,069_07.png,13.7744,-16.5971,3.9189,11.0742,9.4991,51.6199,11.0,0.0,0.0,2679.592,1326.591,2242.553,1369.6958,2673.95337,1326.14844,2240.87085,1369.41821,2553,1280,2756,1378,2127,1320,2312,1423
069_08,HP_069,8,069_08.png,069_08.png,13.7744,-16.5971,3.9189,11.0742,9.4991,51.6199,0.0,0.0,0.0,2657.726,1326.33862,2221.86914,1369.87036,2655.625,1325.937,2223.52954,1369.5647,2552,1277,2756,1378,2127,1318,2310,1423
069_09,HP_069,9,069_09.png,069_09.png,13.7744,-16.5971,3.9189,11.0742,9.4991,51.6199,-11.0,0.0,0.0,2637.59961,1326.117,2202.859,1370.03162,2638.754,1325.75159,2207.581,1369.70068,2552,1275,2756,1377,2127,1316,2309,1423
069_10,HP_069,10,069_10.png,069_10.png,13.7744,-16.5971,3.9189,11.0742,9.4991,51.6199,-11.0,5.5,0.0,2637.60059,1336.054,2202.81787,1379.63623,2638.75464,1334.08276,2207.54688,1377.75659,2553,1288,2756,1382,2127,1327,2310,1427
069_11,HP_069,11,069_11.png,069_11.png,13.7744,-16.5971,3.9189,11.0742,9.4991,51.6199,0.0,5.5,0.0,2657.754,1337.00562,2221.87866,1380.18628,2655.64844,1334.87793,2223.5376,1378.21411,2553,1293,2755,1384,2128,1330,2310,1427
069_12,HP_069,12,069_12.png,069_12.png,13.7744,-16.5971,3.9189,11.0742,9.4991,51.6199,11.0,5.5,0.0,2679.6416,1337.39063,2242.637,1380.14331,2673.99536,1335.201,2240.94116,1378.17676,2553,1296,2755,1384,2128,1331,2313,1427
069_13,HP_069,13,069_13.png,069_13.png,13.7744,-16.5971,3.9189,11.0742,9.4991,51.6199,11.0,11.0,0.0,2679.32471,1347.842,2242.39941,1390.34277,2673.73218,1343.96313,2240.74268,1386.72839,2553,1305,2755,1389,2129,1342,2313,1431
069_14,HP_069,14,069_14.png,069_14.png,13.7744,-16.5971,3.9189,11.0742,9.4991,51.6199,0.0,11.0,0.0,2657.77637,1347.356,2221.89136,1390.25183,2655.668,1343.55493,2223.54785,1386.65454,2553,1304,2755,1389,2129,1341,2310,1431
069_15,HP_069,15,069_15.png,069_15.png,13.7744,-16.5971,3.9189,11.0742,9.4991,51.6199,-11.0,11.0,0.0,2637.865,1345.74487,2203.04443,1389.02588,2638.976,1342.20874,2207.7356,1385.63318,2553,1303,2755,1387,2128,1339,2310,1432
070_01,HP_070,1,070_01.png,070_01.png,18.574,-11.8077,1.6732,7.3073,14.7862,48.0135,11.0,-11.0,0.0,2543.79224,1647.9364,2071.70044,1669.66357,2537.87329,1651.00659,2069.96973,1673.00562,2411,1597,2624,1718,1948,1621,2145,1742
070_02,HP_070,2,070_02.png,070_02.png,18.574,-11.8077,1.6732,7.3073,14.7862,48.0135,0.0,-11.0,0.0,2520.869,1647.60693,2049.7605,1669.76538,2518.65576,1650.732,2051.575,1673.09,2411,1596,2624,1717,1948,1620,2143,1741
070_03,HP_070,3,070_03.png,070_03.png,18.574,-11.8077,1.6732,7.3073,14.7862,48.0135,-11.0,-11.0,0.0,2499.106,1648.61316,2028.95984,1671.12207,2500.41284,1651.57288,2034.12646,1674.22241,2411,1597,2624,1717,1948,1620,2143,1741
070_04,HP_070,4,070_04.png,070_04.png,18.574,-11.8077,1.6732,7.3073,14.7862,48.0135,-11.0,-5.5,0.0,2498.22876,1658.93469,2028.02417,1681.1123,2499.67871,1660.227,2033.34692,1682.60266,2411,1605,2624,1720,1948,1627,2143,1744
070_05,HP_070,5,070_05.png,070_05.png,18.574,-11.8077,1.6732,7.3073,14.7862,48.0135,0.0,-5.5,0.0,2520.90918,1658.45923,2049.75513,1680.26672,2518.687,1659.83,2051.57251,1681.89673,2411,1605,2624,1721,1948,1627,2143,1744
070_06,HP_070,6,070_06.png,070_06.png,18.574,-11.8077,1.6732,7.3073,14.7862,48.0135,11.0,-5.5,0.0,2544.95,1658.75708,2072.75659,1680.1394,2538.8374,1660.07886,2070.85327,1681.79041,2411,1606,2624,1721,1948,1628,2145,1744
070_07,HP_070,7,070_07.png,070_07.png,18.574,-11.8077,1.6732,7.3073,14.7862,48.0135,11.0,0.0,0.0,2545.81348,1670.67981,2073.56,1691.68164,2539.5564,1670.07117,2071.52515,1691.465,2412,1619,2624,1726,1949,1638,2146,1748
070_08,HP_070,8,070_08.png,070_08.png,18.574,-11.8077,1.6732,7.3073,14.7862,48.0135,0.0,0.0,0.0,2520.94751,1670.4071,2049.75269,1691.86353,2518.71753,1669.84229,2051.572,1691.61743,2412,1618,2624,1726,1949,1637,2144,1747
070_09,HP_070,9,070_09.png,070_09.png,18.574,-11.8077,1.6732,7.3073,14.7862,48.0135,-11.0,0.0,0.0,2497.5957,1670.1604,2027.32642,1692.03723,2499.149,1669.63623,2032.76526,1691.76367,2412,1616,2624,1725,1949,1636,2144,1748
070_10,HP_070,10,070_10.png,070_10.png,18.574,-11.8077,1.6732,7.3073,14.7862,48.0135,-11.0,5.5,0.0,2497.28564,1681.88257,2026.95374,1703.49963,2498.88965,1679.45984,2032.455,1701.37354,2412,1631,2624,1730,1949,1650,2144,1753
070_11,HP_070,11,070_11.png,070_11.png,18.574,-11.8077,1.6732,7.3073,14.7862,48.0135,0.0,5.5,0.0,2520.98242,1682.9635,2049.754,1704.10608,2518.74561,1680.36243,2051.57422,1701.8772,2412,1634,2624,1732,1949,1652,2144,1752
070_12,HP_070,12,070_12.png,070_12.png,18.574,-11.8077,1.6732,7.3073,14.7862,48.0135,11.0,5.5,0.0,2546.26245,1683.207,2074.00757,1703.854,2539.93018,1680.56775,2071.89917,1701.66528,2412,1635,2624,1732,1949,1652,2147,1752
070_13,HP_070,13,070_13.png,070_13.png,18.574,-11.8077,1.6732,7.3073,14.7862,48.0135,11.0,11.0,0.0,2546.22388,1695.65283,2074.03271,1716.04932,2539.899,1690.99744,2071.92017,1711.885,2412,1650,2623,1738,1950,1666,2147,1757
070_14,HP_070,14,070_14.png,070_14.png,18.574,-11.8077,1.6732,7.3073,14.7862,48.0135,0.0,11.0,0.0,2521.01123,1695.46008,2049.75952,1716.36133,2518.77051,1690.83313,2051.57861,1712.14771,2412,1650,2623,1738,1950,1666,2144,1759
070_15,HP_070,15,070_15.png,070_15.png,18.574,-11.8077,1.6732,7.3073,14.7862,48.0135,-11.0,11.0,0.0,2497.34521,1693.56653,2026.96179,1714.96033,2498.93945,1689.252,2032.46155,1710.982,2412,1647,2623,1736,1950,1665,2144,1759
071_01,HP_071,1,071_01.png,071_01.png,-16.7037,-26.4387,-3.0675,15.1097,-5.1992,48.6592,11.0,-11.0,0.0,2973.112,635.740967,2488.52441,583.078857,2966.46558,639.186646,2486.37842,587.0974,2822,594,3050,725,2360,546,2553,669
071_02,HP_071,2,071_02.png,071_02.png,-16.7037,-26.4387,-3.0675,15.1097,-5.1992,48.6592,0.0,-11.0,0.0,2945.43359,636.8607,2463.728,583.797241,2943.28149,640.122437,2465.59668,587.6941,2822,594,3050,725,2360,546,2550,669
071_03,HP_071,3,071_03.png,071_03.png,-16.7037,-26.4387,-3.0675,15.1097,-5.1992,48.6592,-11.0,-11.0,0.0,2921.40723,639.433838,2442.03467,585.932,2923.14917,642.272,2447.398,589.473755,2822,594,3050,725,2360,545,2550,670
071_04,HP_071,4,071_04.png,071_04.png,-16.7037,-26.4387,-3.0675,15.1097,-5.1992,48.6592,-11.0,-5.5,0.0,2921.47388,651.187134,2441.92529,596.8628,2923.20459,652.122559,2447.30664,598.6411,2822,598,3049,727,2360,549,2550,671
071_05,HP_071,5,071_05.png,071_05.png,-16.7037,-26.4387,-3.0675,15.1097,-5.1992,48.6592,0.0,-5.5,0.0,2945.5708,649.852539,2463.722,595.8458,2943.39648,651.0066,2465.5918,597.7936,2822,598,3049,726,2360,549,2550,670
071_06,HP_071,6,071_06.png,071_06.png,-16.7037,-26.4387,-3.0675,15.1097,-5.1992,48.6592,11.0,-5.5,0.0,2973.37231,649.243042,2488.64868,595.5554,2966.684,650.4968,2486.48218,597.553,2822,597,3050,726,2360,549,2553,670
071_07,HP_071,7,071_07.png,071_07.png,-16.7037,-26.4387,-3.0675,15.1097,-5.1992,48.6592,11.0,0.0,0.0,2973.047,662.8552,2488.30786,608.1564,2966.41479,661.8999,2486.19727,608.112061,2822,604,3049,728,2360,554,2552,672
071_08,HP_071,8,071_08.png,071_08.png,-16.7037,-26.4387,-3.0675,15.1097,-5.1992,48.6592,0.0,0.0,0.0,2945.69678,662.936768,2463.72168,608.0178,2943.50317,661.9689,2465.59058,607.9961,2822,605,3049,728,2360,555,2550,672
071_09,HP_071,9,071_09.png,071_09.png,-16.7037,-26.4387,-3.0675,15.1097,-5.1992,48.6592,-11.0,0.0,0.0,2921.8894,662.995239,2442.15454,607.8949,2923.55249,662.019653,2447.4978,607.893066,2822,606,3049,729,2360,556,2549,673
071_10,HP_071,10,071_10.png,071_10.png,-16.7037,-26.4387,-3.0675,15.1097,-5.1992,48.6592,-11.0,5.5,0.0,2922.62085,674.3423,2442.69116,618.5394,2924.16455,671.5327,2447.945,616.8214,2822,615,3049,733,2360,565,2548,676
071_11,HP_071,11,071_11.png,071_11.png,-16.7037,-26.4387,-3.0675,15.1097,-5.1992,48.6592,0.0,5.5,0.0,2945.809,675.404053,2463.726,619.6793,2943.59937,672.417358,2465.59326,617.772949,2822,615,3049,732,2360,564,2549,675
071_12,HP_071,12,071_12.png,071_12.png,-16.7037,-26.4387,-3.0675,15.1097,-5.1992,48.6592,11.0,5.5,0.0,2972.20044,675.7621,2487.55615,620.198853,2965.71265,672.716064,2485.569,618.205933,2822,613,3049,732,2360,563,2551,674
071_13,HP_071,13,071_13.png,071_13.png,-16.7037,-26.4387,-3.0675,15.1097,-5.1992,48.6592,11.0,11.0,0.0,2970.97363,687.355469,2486.49854,631.162964,2964.69336,682.4374,2484.68481,627.4,2821,626,3048,736,2360,574,2550,677
071_14,HP_071,14,071_14.png,071_14.png,-16.7037,-26.4387,-3.0675,15.1097,-5.1992,48.6592,0.0,11.0,0.0,2945.90649,686.7092,2463.73462,630.341431,2943.68359,681.8972,2465.59839,626.715454,2821,627,3048,737,2360,575,2548,679
071_15,HP_071,15,071_15.png,071_15.png,-16.7037,-26.4387,-3.0675,15.1097,-5.1992,48.6592,-11.0,11.0,0.0,2923.59888,684.8115,2443.4707,628.403442,2924.9834,680.3136,2448.59473,625.0978,2821,627,3048,737,2360,576,2547,680
072_01,HP_072,1,072_01.png,072_01.png,-2.2225,-16.363,3.4257,16.121,-2.2282,49.0592,11.0,-11.0,0.0,3144.30347,669.0216,2641.83325,706.5342,3137.66968,672.753662,2639.665,710.2693,3010,620,3229,744,2514,660,2722,783
072_02,HP_072,2,072_02.png,072_02.png,-2.2225,-16.363,3.4257,16.121,-2.2282,49.0592,0.0,-11.0,0.0,3118.098,670.178467,2616.84082,707.8325,3115.718,673.7197,2618.71777,711.351563,3010,619,3229,744,2514,659,2721,783
072_03,HP_072,3,072_03.png,072_03.png,-2.2225,-16.363,3.4257,16.121,-2.2282,49.0592,-11.0,-11.0,0.0,3095.73169,672.510132,2595.45557,710.357056,3096.974,675.6666,2600.77515,713.4586,3010,621,3229,744,2514,660,2721,783
072_04,HP_072,4,072_04.png,072_04.png,-2.2225,-16.363,3.4257,16.121,-2.2282,49.0592,-11.0,-5.5,0.0,3095.62549,683.6299,2595.28662,720.9347,3096.88525,684.9879,2600.63428,722.3308,3011,629,3228,746,2514,666,2721,785
072_05,HP_072,5,072_05.png,072_05.png,-2.2225,-16.363,3.4257,16.121,-2.2282,49.0592,0.0,-5.5,0.0,3118.10547,682.521362,2616.82935,719.587769,3115.724,684.062,2618.7085,721.205933,3011,628,3228,747,2514,665,2721,785
072_06,HP_072,6,072_06.png,072_06.png,-2.2225,-16.363,3.4257,16.121,-2.2282,49.0592,11.0,-5.5,0.0,3144.515,682.025269,2642.06714,718.8607,3137.846,683.6478,2639.85986,720.5995,3011,629,3228,747,2514,667,2722,786
072_07,HP_072,7,072_07.png,072_07.png,-2.2225,-16.363,3.4257,16.121,-2.2282,49.0592,11.0,0.0,0.0,3144.19214,695.2284,2641.828,731.4325,3137.57861,694.7091,2639.6604,731.1343,3011,643,3228,752,2515,677,2722,789
072_08,HP_072,8,072_08.png,072_08.png,-2.2225,-16.363,3.4257,16.121,-2.2282,49.0592,0.0,0.0,0.0,3118.10815,695.0292,2616.822,731.5591,3115.72729,694.5425,2618.70215,731.2407,3011,640,3228,752,2515,675,2721,788
072_09,HP_072,9,072_09.png,072_09.png,-2.2225,-16.363,3.4257,16.121,-2.2282,49.0592,-11.0,0.0,0.0,3095.82739,694.8622,2595.435,731.6693,3097.0542,694.403564,2600.75781,731.3342,3011,639,3228,750,2515,674,2721,789
072_10,HP_072,10,072_10.png,072_10.png,-2.2225,-16.363,3.4257,16.121,-2.2282,49.0592,-11.0,5.5,0.0,3096.31641,705.750366,2595.8833,742.0991,3097.46338,703.532349,2601.13135,740.0835,3011,652,3228,755,2515,686,2721,793
072_11,HP_072,11,072_11.png,072_11.png,-2.2225,-16.363,3.4257,16.121,-2.2282,49.0592,0.0,5.5,0.0,3118.1062,707.063,2616.81934,743.126343,3115.727,704.6282,2618.69849,740.938965,3011,656,3228,757,2515,688,2721,793
072_12,HP_072,12,072_12.png,072_12.png,-2.2225,-16.363,3.4257,16.121,-2.2282,49.0592,11.0,5.5,0.0,3143.38477,707.863159,2641.151,743.5521,3136.90747,705.2969,2639.09448,741.292358,3011,660,3228,758,2515,691,2723,793
072_13,HP_072,13,072_13.png,072_13.png,-2.2225,-16.363,3.4257,16.121,-2.2282,49.0592,11.0,11.0,0.0,3142.213,719.3297,2640.132,754.6542,3135.93335,714.910645,2638.24268,750.6019,3011,676,3228,764,2516,704,2723,798
072_14,HP_072,14,072_14.png,072_14.png,-2.2225,-16.363,3.4257,16.121,-2.2282,49.0592,0.0,11.0,0.0,3118.10083,718.107666,2616.81982,753.7803,3115.72485,713.8889,2618.697,749.8751,3011,673,3228,763,2515,702,2722,799
072_15,HP_072,15,072_15.png,072_15.png,-2.2225,-16.363,3.4257,16.121,-2.2282,49.0592,-11.0,11.0,0.0,3097.04175,715.909546,2596.57886,751.8329,3098.0708,712.052734,2601.71069,748.251343,3011,667,3228,760,2515,699,2722,798
073_01,HP_073,1,073_01.png,073_01.png,5.3231,-16.5283,2.9459,15.1505,5.3061,51.9763,11.0,-11.0,0.0,2972.32129,1120.89026,2516.999,1148.59863,2966.68,1123.85632,2515.38257,1151.66357,2847,1074,3053,1191,2400,1103,2592,1220
073_02,HP_073,2,073_02.png,073_02.png,5.3231,-16.5283,2.9459,15.1505,5.3061,51.9763,0.0,-11.0,0.0,2950.75977,1121.50867,2496.4353,1149.38611,2948.60718,1124.37329,2498.13916,1152.32031,2847,1073,3053,1191,2400,1102,2591,1220
073_03,HP_073,3,073_03.png,073_03.png,5.3231,-16.5283,2.9459,15.1505,5.3061,51.9763,-11.0,-11.0,0.0,2931.61963,1123.057,2478.22534,1151.09106,2932.56055,1125.66736,2482.85742,1153.74426,2847,1074,3053,1191,2400,1103,2591,1220
073_04,HP_073,4,073_04.png,073_04.png,5.3231,-16.5283,2.9459,15.1505,5.3061,51.9763,-11.0,-5.5,0.0,2931.27954,1132.39587,2477.835,1160.002,2932.27563,1133.4989,2482.53174,1161.221,2847,1080,3053,1193,2400,1108,2591,1221
073_05,HP_073,5,073_05.png,073_05.png,5.3231,-16.5283,2.9459,15.1505,5.3061,51.9763,0.0,-5.5,0.0,2950.78076,1131.624,2496.42773,1159.05884,2948.62378,1132.85388,2498.13354,1160.43311,2847,1080,3053,1193,2400,1108,2591,1221
073_06,HP_073,6,073_06.png,073_06.png,5.3231,-16.5283,2.9459,15.1505,5.3061,51.9763,11.0,-5.5,0.0,2972.88525,1131.35193,2517.529,1158.60156,2967.14941,1132.62634,2515.826,1160.05127,2847,1081,3053,1193,2400,1109,2592,1222
073_07,HP_073,7,073_07.png,073_07.png,5.3231,-16.5283,2.9459,15.1505,5.3061,51.9763,11.0,0.0,0.0,2973.09961,1142.34985,2517.75244,1169.14258,2967.32813,1141.844,2516.013,1168.88818,2848,1092,3053,1197,2400,1118,2593,1225
073_08,HP_073,8,073_08.png,073_08.png,5.3231,-16.5283,2.9459,15.1505,5.3061,51.9763,0.0,0.0,0.0,2950.799,1142.21118,2496.42261,1169.22363,2948.63867,1141.72815,2498.13,1168.95654,2848,1090,3053,1197,2400,1116,2592,1224
073_09,HP_073,9,073_09.png,073_09.png,5.3231,-16.5283,2.9459,15.1505,5.3061,51.9763,-11.0,0.0,0.0,2931.16821,1142.09155,2477.67236,1169.29578,2932.18237,1141.62866,2482.39624,1169.0177,2848,1089,3053,1196,2400,1116,2592,1225
073_10,HP_073,10,073_10.png,073_10.png,5.3231,-16.5283,2.9459,15.1505,5.3061,51.9763,-11.0,5.5,0.0,2931.30029,1151.79053,2477.75781,1178.62378,2932.29272,1149.76147,2482.46729,1176.84326,2848,1101,3053,1200,2401,1125,2592,1228
073_11,HP_073,11,073_11.png,073_11.png,5.3231,-16.5283,2.9459,15.1505,5.3061,51.9763,0.0,5.5,0.0,2950.81323,1152.80322,2496.42065,1179.438,2948.651,1150.60693,2498.12769,1177.52173,2848,1104,3053,1202,2401,1127,2592,1228
073_12,HP_073,12,073_12.png,073_12.png,5.3231,-16.5283,2.9459,15.1505,5.3061,51.9763,11.0,5.5,0.0,2972.931,1153.34937,2517.63647,1179.741,2967.18823,1151.0636,2515.91577,1177.77319,2848,1106,3053,1202,2401,1129,2594,1228
073_13,HP_073,13,073_13.png,073_13.png,5.3231,-16.5283,2.9459,15.1505,5.3061,51.9763,11.0,11.0,0.0,2972.40259,1163.80786,2517.19531,1189.89746,2966.749,1159.83228,2515.54688,1186.28967,2848,1121,3052,1208,2401,1141,2594,1232
073_14,HP_073,14,073_14.png,073_14.png,5.3231,-16.5283,2.9459,15.1505,5.3061,51.9763,0.0,11.0,0.0,2950.82324,1162.927,2496.42114,1189.24292,2948.66064,1159.09534,2498.12744,1185.74512,2848,1118,3052,1207,2401,1140,2592,1233
073_15,HP_073,15,073_15.png,073_15.png,5.3231,-16.5283,2.9459,15.1505,5.3061,51.9763,-11.0,11.0,0.0,2931.66431,1161.1355,2478.08179,1187.62671,2932.598,1157.59875,2482.7373,1184.39722,2848,1114,3053,1205,2401,1137,2592,1233
074_01,HP_074,1,074_01.png,074_01.png,0.4085,-16.1816,-0.39378,13.5593,7.6648,47.6467,11.0,-11.0,0.0,3009.35767,1369.31323,2496.574,1350.58948,3002.67749,1372.781,2494.44751,1354.479,2870,1327,3094,1458,2366,1313,2576,1438
074_02,HP_074,2,074_02.png,074_02.png,0.4085,-16.1816,-0.39378,13.5593,7.6648,47.6467,0.0,-11.0,0.0,2982.84888,1370.32617,2471.50171,1351.25439,2980.46826,1373.62817,2473.432,1355.03149,2870,1327,3094,1458,2366,1312,2574,1438
074_03,HP_074,3,074_03.png,074_03.png,0.4085,-16.1816,-0.39378,13.5593,7.6648,47.6467,-11.0,-11.0,0.0,2959.531,1372.645,2449.40137,1353.29028,2960.927,1375.56592,2454.89063,1356.72925,2871,1328,3094,1458,2366,1311,2574,1438
074_04,HP_074,4,074_04.png,074_04.png,0.4085,-16.1816,-0.39378,13.5593,7.6648,47.6467,-11.0,-5.5,0.0,2958.85547,1383.887,2448.65015,1363.94763,2960.36182,1384.98975,2454.26465,1365.669,2871,1332,3094,1460,2366,1315,2574,1440
074_05,HP_074,5,074_05.png,074_05.png,0.4085,-16.1816,-0.39378,13.5593,7.6648,47.6467,0.0,-5.5,0.0,2982.878,1382.56421,2471.49048,1362.87988,2980.49023,1383.88391,2473.42432,1364.779,2871,1332,3094,1459,2366,1316,2574,1439
074_06,HP_074,6,074_06.png,074_06.png,0.4085,-16.1816,-0.39378,13.5593,7.6648,47.6467,11.0,-5.5,0.0,3010.49268,1381.94165,2497.60352,1362.57959,3003.62134,1383.363,2495.30786,1364.53,2871,1331,3094,1459,2366,1316,2576,1439
074_07,HP_074,7,074_07.png,074_07.png,0.4085,-16.1816,-0.39378,13.5593,7.6648,47.6467,11.0,0.0,0.0,3011.15381,1395.66846,2498.222,1375.60864,3004.172,1394.86157,2495.82446,1375.44727,2871,1340,3094,1462,2366,1323,2576,1441
074_08,HP_074,8,074_08.png,074_08.png,0.4085,-16.1816,-0.39378,13.5593,7.6648,47.6467,0.0,0.0,0.0,2982.90332,1395.758,2471.48267,1375.47156,2980.51025,1394.937,2473.419,1375.33276,2871,1340,3094,1462,2366,1323,2574,1442
074_09,HP_074,9,074_09.png,074_09.png,0.4085,-16.1816,-0.39378,13.5593,7.6648,47.6467,-11.0,0.0,0.0,2958.48853,1395.825,2448.20654,1375.34668,2960.055,1394.99487,2453.895,1375.22852,2871,1340,3094,1462,2366,1323,2574,1442
074_10,HP_074,10,074_10.png,074_10.png,0.4085,-16.1816,-0.39378,13.5593,7.6648,47.6467,-11.0,5.5,0.0,2958.48242,1407.96631,2448.13037,1387.00171,2960.04956,1405.17017,2453.8313,1385.00146,2871,1351,3094,1466,2366,1333,2574,1446
074_11,HP_074,11,074_11.png,074_11.png,0.4085,-16.1816,-0.39378,13.5593,7.6648,47.6467,0.0,5.5,0.0,2982.923,1409.24268,2471.47925,1388.40308,2980.527,1406.23315,2473.416,1386.1698,2871,1351,3094,1467,2366,1333,2574,1445
074_12,HP_074,12,074_12.png,074_12.png,0.4085,-16.1816,-0.39378,13.5593,7.6648,47.6467,11.0,5.5,0.0,3011.22241,1409.73267,2498.32886,1389.00427,3004.22974,1406.64185,2495.91382,1386.67017,2871,1352,3094,1467,2366,1334,2576,1445
074_13,HP_074,13,074_13.png,074_13.png,0.4085,-16.1816,-0.39378,13.5593,7.6648,47.6467,11.0,11.0,0.0,3010.67871,1423.238,2497.90356,1401.97192,3003.77832,1417.95728,2495.55859,1397.53687,2871,1368,3093,1472,2367,1347,2576,1449
074_14,HP_074,14,074_14.png,074_14.png,0.4085,-16.1816,-0.39378,13.5593,7.6648,47.6467,0.0,11.0,0.0,2982.93726,1422.24829,2471.48047,1400.93848,2980.54053,1417.1311,2473.41626,1396.67676,2871,1367,3093,1473,2367,1347,2574,1450
074_15,HP_074,15,074_15.png,074_15.png,0.4085,-16.1816,-0.39378,13.5593,7.6648,47.6467,-11.0,11.0,0.0,2958.84375,1419.75818,2448.43286,1398.35571,2960.352,1415.05469,2454.08325,1394.52344,2871,1365,3093,1471,2367,1346,2574,1451
075_01,HP_075,1,075_01.png,075_01.png,5.5219,-23.9627,0.073587,17.8026,10.8629,47.8714,11.0,-11.0,0.0,3199.55566,1536.47314,2691.23779,1522.00122,3193.09839,1539.68677,2689.41577,1525.55737,3056,1491,3286,1621,2565,1482,2767,1605
075_02,HP_075,2,075_02.png,075_02.png,5.5219,-23.9627,0.073587,17.8026,10.8629,47.8714,0.0,-11.0,0.0,3174.62329,1537.66943,2668.31323,1522.979,3172.20752,1540.68677,2670.194,1526.37207,3056,1491,3286,1621,2565,1482,2765,1605
075_03,HP_075,3,075_03.png,075_03.png,5.5219,-23.9627,0.073587,17.8026,10.8629,47.8714,-11.0,-11.0,0.0,3153.05835,1539.8468,2648.47681,1524.94238,3154.13184,1542.50671,2653.54688,1528.01074,3056,1493,3286,1621,2565,1481,2765,1605
075_04,HP_075,4,075_04.png,075_04.png,5.5219,-23.9627,0.073587,17.8026,10.8629,47.8714,-11.0,-5.5,0.0,3152.39966,1550.16675,2647.775,1534.53967,3153.58,1551.15967,2652.96167,1536.064,3057,1498,3286,1623,2565,1485,2765,1606
075_05,HP_075,5,075_05.png,075_05.png,5.5219,-23.9627,0.073587,17.8026,10.8629,47.8714,0.0,-5.5,0.0,3174.67139,1548.93726,2668.30762,1533.47925,3172.24561,1550.13147,2670.19141,1535.1792,3057,1497,3286,1622,2565,1485,2765,1606
075_06,HP_075,6,075_06.png,075_06.png,5.5219,-23.9627,0.073587,17.8026,10.8629,47.8714,11.0,-5.5,0.0,3200.762,1548.23291,2692.2793,1532.97021,3194.10229,1549.54272,2690.28687,1534.75513,3057,1497,3286,1622,2565,1486,2767,1606
075_07,HP_075,7,075_07.png,075_07.png,5.5219,-23.9627,0.073587,17.8026,10.8629,47.8714,11.0,0.0,0.0,3201.594,1561.13477,2693.008,1544.98779,3194.795,1560.35132,2690.896,1544.82788,3058,1505,3286,1625,2565,1493,2767,1608
075_08,HP_075,8,075_08.png,075_08.png,5.5219,-23.9627,0.073587,17.8026,10.8629,47.8714,0.0,0.0,0.0,3174.717,1561.16321,2668.305,1544.90747,3172.28247,1560.376,2670.19043,1544.76074,3058,1506,3286,1626,2565,1492,2765,1608
075_09,HP_075,9,075_09.png,075_09.png,5.5219,-23.9627,0.073587,17.8026,10.8629,47.8714,-11.0,0.0,0.0,3151.98071,1561.18042,2647.30029,1544.83643,3153.22949,1560.39221,2652.56616,1544.70166,3058,1505,3286,1625,2565,1492,2765,1608
075_10,HP_075,10,075_10.png,075_10.png,5.5219,-23.9627,0.073587,17.8026,10.8629,47.8714,-11.0,5.5,0.0,3151.85449,1572.49951,2647.1084,1555.46729,3153.12378,1569.87988,2652.40576,1553.61865,3058,1516,3286,1630,2565,1502,2765,1612
075_11,HP_075,11,075_11.png,075_11.png,5.5219,-23.9627,0.073587,17.8026,10.8629,47.8714,0.0,5.5,0.0,3174.7583,1573.82324,2668.306,1556.79077,3172.31641,1570.98291,2670.192,1554.72253,3058,1517,3286,1631,2565,1502,2765,1611
075_12,HP_075,12,075_12.png,075_12.png,5.5219,-23.9627,0.073587,17.8026,10.8629,47.8714,11.0,5.5,0.0,3201.92285,1574.56055,2693.31934,1557.52661,3195.0686,1571.59766,2691.15649,1555.33545,3058,1517,3286,1630,2565,1503,2768,1611
075_13,HP_075,13,075_13.png,075_13.png,5.5219,-23.9627,0.073587,17.8026,10.8629,47.8714,11.0,11.0,0.0,3201.69019,1587.71167,2693.163,1569.90283,3194.87646,1582.61548,2691.026,1565.7074,3058,1534,3286,1636,2566,1516,2768,1616
075_14,HP_075,14,075_14.png,075_14.png,5.5219,-23.9627,0.073587,17.8026,10.8629,47.8714,0.0,11.0,0.0,3174.79346,1586.26208,2668.31079,1568.52856,3172.34668,1581.40625,2670.1958,1564.56287,3058,1532,3286,1636,2566,1516,2765,1615
075_15,HP_075,15,075_15.png,075_15.png,5.5219,-23.9627,0.073587,17.8026,10.8629,47.8714,-11.0,11.0,0.0,3152.04126,1583.66077,2647.224,1565.98718,3153.28,1579.23645,2652.50244,1562.44287,3058,1529,3286,1634,2566,1514,2765,1617
076_01,HP_076,1,076_01.png,076_01.png,-12.3217,23.8593,-0.89557,-18.665,-5.0604,53.3386,11.0,-11.0,0.0,1212.007,646.3706,763.256348,648.501,1207.29419,648.591064,762.0924,651.2765,1103,602,1289,718,642,606,851,726
076_02,HP_076,2,076_02.png,076_02.png,-12.3217,23.8593,-0.89557,-18.665,-5.0604,53.3386,0.0,-11.0,0.0,1194.67017,644.6079,744.5488,646.5759,1192.74182,647.1183,746.407,649.667969,1103,602,1289,718,642,605,851,725
076_03,HP_076,3,076_03.png,076_03.png,-12.3217,23.8593,-0.89557,-18.665,-5.0604,53.3386,-11.0,-11.0,0.0,1174.51233,643.6323,722.8585,645.4182,1175.83716,646.3043,728.2282,648.7003,1103,602,1289,718,642,604,851,725
076_04,HP_076,4,076_04.png,076_04.png,-12.3217,23.8593,-0.89557,-18.665,-5.0604,53.3386,-11.0,-5.5,0.0,1174.474,653.7147,722.74054,656.098145,1175.80493,654.7578,728.1294,657.6521,1104,606,1289,719,642,608,851,727
076_05,HP_076,5,076_05.png,076_05.png,-12.3217,23.8593,-0.89557,-18.665,-5.0604,53.3386,0.0,-5.5,0.0,1194.66528,654.18396,744.528931,656.723267,1192.73767,655.1498,746.3903,658.1747,1104,606,1289,719,642,609,851,727
076_06,HP_076,6,076_06.png,076_06.png,-12.3217,23.8593,-0.89557,-18.665,-5.0604,53.3386,11.0,-5.5,0.0,1212.02417,655.0509,763.2906,657.7274,1207.30859,655.8749,762.121033,659.01416,1104,607,1289,719,642,610,851,727
076_07,HP_076,7,076_07.png,076_07.png,-12.3217,23.8593,-0.89557,-18.665,-5.0604,53.3386,11.0,0.0,0.0,1211.83252,663.752441,763.11,667.0067,1207.14917,663.176758,761.969849,666.796143,1104,613,1289,722,642,615,851,729
076_08,HP_076,8,076_08.png,076_08.png,-12.3217,23.8593,-0.89557,-18.665,-5.0604,53.3386,0.0,0.0,0.0,1194.65747,663.789551,744.513,666.9485,1192.73181,663.2064,746.3766,666.746948,1104,613,1289,721,642,615,851,729
076_09,HP_076,9,076_09.png,076_09.png,-12.3217,23.8593,-0.89557,-18.665,-5.0604,53.3386,-11.0,0.0,0.0,1174.73926,663.8286,722.9806,666.876465,1176.02686,663.2383,728.3292,666.6865,1104,613,1289,721,642,615,851,729
076_10,HP_076,10,076_10.png,076_10.png,-12.3217,23.8593,-0.89557,-18.665,-5.0604,53.3386,-11.0,5.5,0.0,1175.27686,673.5294,723.5454,677.2428,1176.47693,671.3744,728.799255,675.376953,1104,622,1289,724,642,624,852,733
076_11,HP_076,11,076_11.png,076_11.png,-12.3217,23.8593,-0.89557,-18.665,-5.0604,53.3386,0.0,5.5,0.0,1194.64734,673.03186,744.5012,676.8229,1192.72461,670.959961,746.3655,675.026367,1104,622,1289,725,642,623,852,732
076_12,HP_076,12,076_12.png,076_12.png,-12.3217,23.8593,-0.89557,-18.665,-5.0604,53.3386,11.0,5.5,0.0,1211.4491,672.1731,762.7303,676.0215,1206.82959,670.2439,761.6517,674.3572,1104,622,1289,725,642,623,852,731
076_13,HP_076,13,076_13.png,076_13.png,-12.3217,23.8593,-0.89557,-18.665,-5.0604,53.3386,11.0,11.0,0.0,1210.90869,680.062256,762.18396,684.502563,1206.37915,676.867065,761.1943,681.4724,1104,630,1288,728,643,631,852,734
076_14,HP_076,14,076_14.png,076_14.png,-12.3217,23.8593,-0.89557,-18.665,-5.0604,53.3386,0.0,11.0,0.0,1194.63562,681.595,744.493,685.9961,1192.71631,678.14624,746.357239,682.720337,1104,632,1288,728,643,633,852,736
076_15,HP_076,15,076_15.png,076_15.png,-12.3217,23.8593,-0.89557,-18.665,-5.0604,53.3386,-11.0,11.0,0.0,1176.02612,682.466553,724.363159,686.7903,1177.10413,678.8727,729.4799,683.384155,1104,633,1288,727,643,635,852,737
077_01,HP_077,1,077_01.png,077_01.png,-9.7546,23.2295,-3.9362,-19.6904,-1.2333,52.5371,11.0,-11.0,0.0,1135.039,883.3207,671.8531,869.9487,1130.27368,885.5006,670.735962,872.804443,1022,842,1213,959,546,831,759,951
077_02,HP_077,2,077_02.png,077_02.png,-9.7546,23.2295,-3.9362,-19.6904,-1.2333,52.5371,0.0,-11.0,0.0,1117.42883,881.5194,652.9706,867.866455,1115.49158,883.9955,654.904053,871.0642,1022,841,1213,959,546,829,759,951
077_03,HP_077,3,077_03.png,077_03.png,-9.7546,23.2295,-3.9362,-19.6904,-1.2333,52.5371,-11.0,-11.0,0.0,1096.75793,880.4879,630.8794,866.494263,1098.157,883.135,636.3899,869.917358,1022,841,1213,959,546,828,759,951
077_04,HP_077,4,077_04.png,077_04.png,-9.7546,23.2295,-3.9362,-19.6904,-1.2333,52.5371,-11.0,-5.5,0.0,1096.51379,890.67334,630.5232,877.279663,1097.95264,891.6749,636.0934,878.9579,1022,845,1213,960,547,831,759,952
077_05,HP_077,5,077_05.png,077_05.png,-9.7546,23.2295,-3.9362,-19.6904,-1.2333,52.5371,0.0,-5.5,0.0,1117.43518,891.150146,652.959045,878.0724,1115.49658,892.073,654.895,879.6207,1022,845,1213,960,547,832,759,952
077_06,HP_077,6,077_06.png,077_06.png,-9.7546,23.2295,-3.9362,-19.6904,-1.2333,52.5371,11.0,-5.5,0.0,1135.20422,892.0287,672.0414,879.213257,1130.4115,892.807739,670.8936,880.5742,1022,845,1213,960,547,834,759,952
077_07,HP_077,7,077_07.png,077_07.png,-9.7546,23.2295,-3.9362,-19.6904,-1.2333,52.5371,11.0,0.0,0.0,1135.15442,900.89624,672.011353,888.675659,1130.37048,900.248657,670.868469,888.509644,1022,851,1213,961,547,839,759,953
077_08,HP_077,8,077_08.png,077_08.png,-9.7546,23.2295,-3.9362,-19.6904,-1.2333,52.5371,0.0,0.0,0.0,1117.43872,900.996948,652.951,888.557,1115.49951,900.3314,654.888062,888.409668,1022,851,1213,961,547,838,759,953
077_09,HP_077,9,077_09.png,077_09.png,-9.7546,23.2295,-3.9362,-19.6904,-1.2333,52.5371,-11.0,0.0,0.0,1096.59326,901.107666,630.541748,888.410156,1098.01868,900.4231,636.108643,888.2866,1022,851,1213,961,547,838,759,953
077_10,HP_077,10,077_10.png,077_10.png,-9.7546,23.2295,-3.9362,-19.6904,-1.2333,52.5371,-11.0,5.5,0.0,1096.98987,911.304565,630.932556,899.333252,1098.35071,908.973755,636.433838,897.442261,1022,859,1212,964,547,848,759,957
077_11,HP_077,11,077_11.png,077_11.png,-9.7546,23.2295,-3.9362,-19.6904,-1.2333,52.5371,0.0,5.5,0.0,1117.43909,910.6384,652.946533,898.8662,1115.50085,908.418945,654.883545,897.0526,1022,858,1213,965,547,846,759,956
077_12,HP_077,12,077_12.png,077_12.png,-9.7546,23.2295,-3.9362,-19.6904,-1.2333,52.5371,11.0,5.5,0.0,1134.893,909.606445,671.7645,898.006958,1130.15283,907.5585,670.661865,896.3353,1022,858,1213,964,547,845,759,955
077_13,HP_077,13,077_13.png,077_13.png,-9.7546,23.2295,-3.9362,-19.6904,-1.2333,52.5371,11.0,11.0,0.0,1134.44458,917.8699,671.324036,906.9016,1129.779,914.4949,670.292847,903.7965,1022,866,1212,968,547,853,759,958
077_14,HP_077,14,077_14.png,077_14.png,-9.7546,23.2295,-3.9362,-19.6904,-1.2333,52.5371,0.0,11.0,0.0,1117.43677,919.6964,652.9453,908.587646,1115.50049,916.0193,654.8813,905.204834,1022,868,1212,968,547,856,759,959
077_15,HP_077,15,077_15.png,077_15.png,-9.7546,23.2295,-3.9362,-19.6904,-1.2333,52.5371,-11.0,11.0,0.0,1097.65735,920.8307,631.6418,909.552,1098.9093,916.9647,637.024048,906.010132,1022,870,1212,968,547,859,759,961
078_01,HP_078,1,078_01.png,078_01.png,-6.8743,22.4779,-4.1567,-18.5411,3.3516,52.8515,11.0,-11.0,0.0,1209.12646,1150.59229,754.39386,1142.59521,1204.455,1152.742,753.3032,1145.35742,1098,1111,1286,1228,631,1106,842,1226
078_02,HP_078,2,078_02.png,078_02.png,-6.8743,22.4779,-4.1567,-18.5411,3.3516,52.8515,0.0,-11.0,0.0,1191.846,1149.02661,735.887146,1140.67065,1189.94983,1151.43384,737.785156,1143.74841,1098,1111,1286,1228,631,1104,842,1225
078_03,HP_078,3,078_03.png,078_03.png,-6.8743,22.4779,-4.1567,-18.5411,3.3516,52.8515,-11.0,-11.0,0.0,1171.87231,1148.23474,714.595764,1139.468,1173.19885,1150.77344,719.9383,1142.74268,1098,1111,1286,1228,631,1102,842,1225
078_04,HP_078,4,078_04.png,078_04.png,-6.8743,22.4779,-4.1567,-18.5411,3.3516,52.8515,-11.0,-5.5,0.0,1171.41614,1157.96545,714.006165,1149.73059,1172.81689,1158.93335,719.4476,1151.34668,1098,1114,1286,1229,631,1106,841,1226
078_05,HP_078,5,078_05.png,078_05.png,-6.8743,22.4779,-4.1567,-18.5411,3.3516,52.8515,0.0,-5.5,0.0,1191.85107,1158.303,735.875,1150.48083,1189.95349,1159.21484,737.776,1151.97412,1098,1114,1286,1229,631,1107,841,1226
078_06,HP_078,6,078_06.png,078_06.png,-6.8743,22.4779,-4.1567,-18.5411,3.3516,52.8515,11.0,-5.5,0.0,1209.43958,1159.05762,754.7383,1151.5896,1204.71606,1159.8457,753.591858,1152.90125,1098,1114,1286,1229,631,1108,841,1226
078_07,HP_078,7,078_07.png,078_07.png,-6.8743,22.4779,-4.1567,-18.5411,3.3516,52.8515,11.0,0.0,0.0,1209.54956,1167.83142,754.877,1160.9375,1204.80835,1167.20776,753.7079,1160.74048,1098,1119,1286,1230,631,1112,841,1228
078_08,HP_078,8,078_08.png,078_08.png,-6.8743,22.4779,-4.1567,-18.5411,3.3516,52.8515,0.0,0.0,0.0,1191.85364,1167.9856,735.865845,1160.77222,1189.95532,1167.33545,737.7687,1160.60168,1098,1119,1286,1230,631,1112,841,1228
078_09,HP_078,9,078_09.png,078_09.png,-6.8743,22.4779,-4.1567,-18.5411,3.3516,52.8515,-11.0,0.0,0.0,1171.25037,1168.15527,713.7493,1160.57007,1172.6781,1167.47668,719.233948,1160.432,1098,1119,1286,1230,631,1111,841,1228
078_10,HP_078,10,078_10.png,078_10.png,-6.8743,22.4779,-4.1567,-18.5411,3.3516,52.8515,-11.0,5.5,0.0,1171.4021,1178.35083,713.8623,1171.47656,1172.80481,1176.02539,719.327759,1169.57349,1098,1127,1286,1232,631,1120,840,1231
078_11,HP_078,11,078_11.png,078_11.png,-6.8743,22.4779,-4.1567,-18.5411,3.3516,52.8515,0.0,5.5,0.0,1191.85339,1177.67371,735.8602,1171.11572,1189.95544,1175.461,737.763733,1169.27271,1098,1126,1286,1233,631,1119,840,1230
078_12,HP_078,12,078_12.png,078_12.png,-6.8743,22.4779,-4.1567,-18.5411,3.3516,52.8515,11.0,5.5,0.0,1209.44226,1176.60608,754.79425,1170.32007,1204.71936,1174.5708,753.63855,1168.609,1098,1126,1286,1233,631,1118,841,1229
078_13,HP_078,13,078_13.png,078_13.png,-6.8743,22.4779,-4.1567,-18.5411,3.3516,52.8515,11.0,11.0,0.0,1209.127,1185.06824,754.497559,1179.40991,1204.45654,1181.67285,753.3901,1176.23279,1098,1134,1286,1236,631,1126,840,1232
078_14,HP_078,14,078_14.png,078_14.png,-6.8743,22.4779,-4.1567,-18.5411,3.3516,52.8515,0.0,11.0,0.0,1191.8501,1186.95776,735.8581,1181.067,1189.95374,1183.24976,737.7612,1177.61658,1097,1135,1286,1236,631,1128,840,1233
078_15,HP_078,15,078_15.png,078_15.png,-6.8743,22.4779,-4.1567,-18.5411,3.3516,52.8515,-11.0,11.0,0.0,1171.85461,1188.08862,714.328857,1181.92,1173.18347,1184.19238,719.7157,1178.32886,1097,1137,1286,1235,631,1130,840,1235
079_01,HP_079,1,079_01.png,079_01.png,9.4358,25.9172,-2.3701,-20.2221,11.3836,53.3342,11.0,-11.0,0.0,1164.483,1494.66138,730.3903,1472.34351,1160.22217,1496.49634,729.5322,1474.9176,1061,1448,1241,1560,611,1427,820,1542
079_02,HP_079,2,079_02.png,079_02.png,9.4358,25.9172,-2.3701,-20.2221,11.3836,53.3342,0.0,-11.0,0.0,1149.11633,1493.21191,713.672546,1470.90723,1147.3208,1495.28394,715.5104,1473.71667,1061,1447,1241,1560,611,1426,820,1542
079_03,HP_079,3,079_03.png,079_03.png,9.4358,25.9172,-2.3701,-20.2221,11.3836,53.3342,-11.0,-11.0,0.0,1131.51,1492.325,694.6321,1470.06848,1132.55029,1494.543,699.545044,1473.01538,1061,1447,1241,1560,611,1425,820,1542
079_04,HP_079,4,079_04.png,079_04.png,9.4358,25.9172,-2.3701,-20.2221,11.3836,53.3342,-11.0,-5.5,0.0,1130.90784,1500.88354,693.908752,1479.1167,1132.046,1501.72217,698.9426,1480.60413,1061,1452,1241,1562,611,1430,820,1544
079_05,HP_079,5,079_05.png,079_05.png,9.4358,25.9172,-2.3701,-20.2221,11.3836,53.3342,0.0,-5.5,0.0,1149.10767,1501.39026,713.6656,1479.58423,1147.31238,1502.14612,715.5057,1480.99487,1061,1452,1241,1562,611,1431,820,1544
079_06,HP_079,6,079_06.png,079_06.png,9.4358,25.9172,-2.3701,-20.2221,11.3836,53.3342,11.0,-5.5,0.0,1164.87415,1502.19653,730.8482,1480.37036,1160.54858,1502.82117,729.915833,1481.6521,1061,1453,1241,1562,611,1432,820,1544
079_07,HP_079,7,079_07.png,079_07.png,9.4358,25.9172,-2.3701,-20.2221,11.3836,53.3342,11.0,0.0,0.0,1165.11865,1510.1333,731.1558,1488.85657,1160.75269,1509.48218,730.17334,1488.77051,1060,1459,1241,1565,611,1438,819,1546
079_08,HP_079,8,079_08.png,079_08.png,9.4358,25.9172,-2.3701,-20.2221,11.3836,53.3342,0.0,0.0,0.0,1149.09619,1510.09009,713.66156,1488.8645,1147.30225,1509.44434,715.5032,1488.77686,1060,1459,1241,1564,611,1438,819,1547
079_09,HP_079,9,079_09.png,079_09.png,9.4358,25.9172,-2.3701,-20.2221,11.3836,53.3342,-11.0,0.0,0.0,1130.503,1510.03809,693.4144,1488.87354,1131.70715,1509.39966,698.531,1488.7843,1060,1460,1241,1564,611,1439,819,1547
079_10,HP_079,10,079_10.png,079_10.png,9.4358,25.9172,-2.3701,-20.2221,11.3836,53.3342,-11.0,5.5,0.0,1130.343,1519.46313,693.208557,1498.97314,1131.573,1517.30322,698.3597,1497.25085,1060,1470,1240,1567,612,1450,818,1551
079_11,HP_079,11,079_11.png,079_11.png,9.4358,25.9172,-2.3701,-20.2221,11.3836,53.3342,0.0,5.5,0.0,1149.082,1519.02173,713.661133,1498.43433,1147.29,1516.93652,715.5032,1496.80054,1060,1469,1240,1568,612,1448,818,1550
079_12,HP_079,12,079_12.png,079_12.png,9.4358,25.9172,-2.3701,-20.2221,11.3836,53.3342,11.0,5.5,0.0,1165.19092,1518.24158,731.28595,1497.56055,1160.81311,1516.28662,730.282532,1496.0708,1060,1467,1241,1568,612,1446,818,1549
079_13,HP_079,13,079_13.png,079_13.png,9.4358,25.9172,-2.3701,-20.2221,11.3836,53.3342,11.0,11.0,0.0,1165.08044,1526.25464,731.226746,1506.20154,1160.72119,1523.012,730.233,1503.31836,1060,1477,1240,1572,612,1456,817,1552
079_14,HP_079,14,079_14.png,079_14.png,9.4358,25.9172,-2.3701,-20.2221,11.3836,53.3342,0.0,11.0,0.0,1149.06482,1527.83948,713.6644,1507.917,1147.27612,1524.33386,715.5059,1504.75171,1060,1480,1240,1572,612,1460,817,1555
079_15,HP_079,15,079_15.png,079_15.png,9.4358,25.9172,-2.3701,-20.2221,11.3836,53.3342,-11.0,11.0,0.0,1130.449,1528.76453,693.318359,1508.96558,1131.66138,1525.10425,698.450867,1505.62781,1060,1483,1239,1572,612,1464,817,1556
080_01,HP_080,1,080_01.png,080_01.png,12.2895,20.2009,-2.507,-18.2808,14.5466,52.858,11.0,-11.0,0.0,1223.606,1667.89355,783.931763,1645.89148,1219.269,1669.75854,783.0636,1648.48267,1114,1621,1300,1735,664,1601,870,1717
080_02,HP_080,2,080_02.png,080_02.png,12.2895,20.2009,-2.507,-18.2808,14.5466,52.858,0.0,-11.0,0.0,1207.83765,1666.488,767.1503,1644.52319,1206.03125,1668.583,768.9879,1647.33862,1114,1620,1300,1735,664,1599,870,1717
080_03,HP_080,3,080_03.png,080_03.png,12.2895,20.2009,-2.507,-18.2808,14.5466,52.858,-11.0,-11.0,0.0,1189.9408,1665.68848,748.2351,1643.77551,1191.01758,1667.91492,753.1264,1646.71313,1114,1620,1300,1735,664,1598,870,1717
080_04,HP_080,4,080_04.png,080_04.png,12.2895,20.2009,-2.507,-18.2808,14.5466,52.858,-11.0,-5.5,0.0,1189.2334,1674.28284,747.398438,1652.75256,1190.42517,1675.12451,752.42926,1654.24292,1114,1625,1300,1736,664,1603,869,1718
080_05,HP_080,5,080_05.png,080_05.png,12.2895,20.2009,-2.507,-18.2808,14.5466,52.858,0.0,-5.5,0.0,1207.84766,1674.74609,767.1444,1653.18079,1206.03845,1675.512,768.9844,1654.60083,1114,1625,1300,1736,664,1604,869,1718
080_06,HP_080,6,080_06.png,080_06.png,12.2895,20.2009,-2.507,-18.2808,14.5466,52.858,11.0,-5.5,0.0,1224.11267,1675.53906,784.48114,1653.945,1219.692,1676.17566,783.524,1655.23975,1114,1626,1300,1736,664,1605,869,1718
080_07,HP_080,7,080_07.png,080_07.png,12.2895,20.2009,-2.507,-18.2808,14.5466,52.858,11.0,0.0,0.0,1224.47937,1683.682,784.8902,1662.54956,1219.998,1683.009,783.866638,1662.45752,1114,1632,1300,1739,664,1611,869,1721
080_08,HP_080,8,080_08.png,080_08.png,12.2895,20.2009,-2.507,-18.2808,14.5466,52.858,0.0,0.0,0.0,1207.85632,1683.64258,767.1405,1662.55225,1206.0448,1682.97449,768.9822,1662.45947,1114,1632,1300,1739,664,1612,868,1721
080_09,HP_080,9,080_09.png,080_09.png,12.2895,20.2009,-2.507,-18.2808,14.5466,52.858,-11.0,0.0,0.0,1188.70654,1683.59546,746.761353,1662.55493,1189.98413,1682.93408,751.8988,1662.46167,1114,1632,1300,1739,664,1612,868,1722
080_10,HP_080,10,080_10.png,080_10.png,12.2895,20.2009,-2.507,-18.2808,14.5466,52.858,-11.0,5.5,0.0,1188.42041,1693.32214,746.396362,1672.85168,1189.74463,1691.0896,751.5951,1671.09326,1114,1643,1299,1742,664,1623,867,1726
080_11,HP_080,11,080_11.png,080_11.png,12.2895,20.2009,-2.507,-18.2808,14.5466,52.858,0.0,5.5,0.0,1207.86279,1692.90063,767.13916,1672.34692,1206.0498,1690.7395,768.98175,1670.67139,1114,1641,1299,1743,664,1621,867,1724
080_12,HP_080,12,080_12.png,080_12.png,12.2895,20.2009,-2.507,-18.2808,14.5466,52.858,11.0,5.5,0.0,1224.67139,1692.097,785.123962,1671.475,1220.15857,1690.07019,784.0622,1669.94312,1114,1640,1299,1742,664,1619,868,1723
080_13,HP_080,13,080_13.png,080_13.png,12.2895,20.2009,-2.507,-18.2808,14.5466,52.858,11.0,11.0,0.0,1224.667,1700.50293,785.1603,1680.43408,1220.15527,1697.124,784.0928,1677.45679,1113,1650,1299,1746,664,1629,867,1726
080_14,HP_080,14,080_14.png,080_14.png,12.2895,20.2009,-2.507,-18.2808,14.5466,52.858,0.0,11.0,0.0,1207.86707,1702.15967,767.141052,1682.18286,1206.05347,1698.50574,768.983459,1678.918,1113,1654,1299,1748,664,1633,866,1729
080_15,HP_080,15,080_15.png,080_15.png,12.2895,20.2009,-2.507,-18.2808,14.5466,52.858,-11.0,11.0,0.0,1188.41418,1703.05859,746.3512,1683.1936,1189.73938,1699.254,751.557556,1679.76245,1113,1656,1299,1747,664,1637,866,1731
081_01,HP_081,1,081_01.png,081_01.png,-13.5573,10.4737,-6.6129,-13.4031,-7.6296,53.0944,11.0,-11.0,0.0,1405.62671,526.5679,955.0993,476.815063,1400.65381,528.803955,953.796631,479.970825,1283,481,1480,601,832,434,1031,554
081_02,HP_081,2,081_02.png,081_02.png,-13.5573,10.4737,-6.6129,-13.4031,-7.6296,53.0944,0.0,-11.0,0.0,1386.42493,524.7637,935.54364,474.950928,1384.54126,527.2969,937.402161,478.413574,1283,480,1480,601,832,434,1029,554
081_03,HP_081,3,081_03.png,081_03.png,-13.5573,10.4737,-6.6129,-13.4031,-7.6296,53.0944,-11.0,-11.0,0.0,1364.62793,524.034668,913.3947,474.0669,1366.26709,526.688843,918.8388,477.674438,1283,479,1480,601,832,432,1029,554
081_04,HP_081,4,081_04.png,081_04.png,-13.5573,10.4737,-6.6129,-13.4031,-7.6296,53.0944,-11.0,-5.5,0.0,1364.77112,534.86,913.437439,485.191528,1366.38684,535.7632,918.874268,486.998657,1283,485,1480,602,832,437,1029,556
081_05,HP_081,5,081_05.png,081_05.png,-13.5573,10.4737,-6.6129,-13.4031,-7.6296,53.0944,0.0,-5.5,0.0,1386.47363,535.212646,935.546143,485.669067,1384.5824,536.057739,937.4041,487.397827,1283,485,1480,602,832,438,1029,555
081_06,HP_081,6,081_06.png,081_06.png,-13.5573,10.4737,-6.6129,-13.4031,-7.6296,53.0944,11.0,-5.5,0.0,1405.60107,536.098267,955.066345,486.628662,1400.633,536.7986,953.769165,488.1997,1283,485,1480,602,832,438,1031,555
081_07,HP_081,7,081_07.png,081_07.png,-13.5573,10.4737,-6.6129,-13.4031,-7.6296,53.0944,11.0,0.0,0.0,1405.32227,545.5576,954.7934,496.406128,1400.40112,544.7345,953.5406,496.3982,1283,490,1480,604,832,443,1031,557
081_08,HP_081,8,081_08.png,081_08.png,-13.5573,10.4737,-6.6129,-13.4031,-7.6296,53.0944,0.0,0.0,0.0,1386.517,545.577,935.551758,496.345581,1384.61975,544.7488,937.4079,496.3474,1283,491,1480,605,832,444,1028,558
081_09,HP_081,9,081_09.png,081_09.png,-13.5573,10.4737,-6.6129,-13.4031,-7.6296,53.0944,-11.0,0.0,0.0,1365.25061,545.593,913.8493,496.275635,1366.788,544.7612,919.2169,496.28894,1283,492,1480,605,832,445,1028,558
081_10,HP_081,10,081_10.png,081_10.png,-13.5573,10.4737,-6.6129,-13.4031,-7.6296,53.0944,-11.0,5.5,0.0,1366.01343,555.7494,914.5736,506.797729,1367.42615,553.278564,919.82,505.110229,1283,502,1480,609,832,455,1028,562
081_11,HP_081,11,081_11.png,081_11.png,-13.5573,10.4737,-6.6129,-13.4031,-7.6296,53.0944,0.0,5.5,0.0,1386.5542,555.407,935.5599,506.522461,1384.65259,552.9944,937.413452,504.88,1283,500,1480,608,832,453,1028,561
081_12,HP_081,12,081_12.png,081_12.png,-13.5573,10.4737,-6.6129,-13.4031,-7.6296,53.0944,11.0,5.5,0.0,1404.822,554.5917,954.3084,505.797119,1399.98486,552.3153,953.1347,504.2743,1283,498,1480,607,832,450,1030,559
081_13,HP_081,13,081_13.png,081_13.png,-13.5573,10.4737,-6.6129,-13.4031,-7.6296,53.0944,11.0,11.0,0.0,1404.15137,562.9287,953.658,514.5276,1399.42627,559.313843,952.589844,511.5984,1282,507,1480,610,832,460,1030,563
081_14,HP_081,14,081_14.png,081_14.png,-13.5573,10.4737,-6.6129,-13.4031,-7.6296,53.0944,0.0,11.0,0.0,1386.58582,564.3728,935.5698,515.8573,1384.68115,560.518066,937.4201,512.709839,1282,510,1479,612,832,463,1028,565
081_15,HP_081,15,081_15.png,081_15.png,-13.5573,10.4737,-6.6129,-13.4031,-7.6296,53.0944,-11.0,11.0,0.0,1366.97925,564.9779,915.5224,516.3799,1368.23462,561.0215,920.61,513.147,1282,513,1479,613,832,467,1029,566
082_01,HP_082,1,082_01.png,082_01.png,-3.552,17.2521,1.0469,-8.949,-3.16,56.4987,11.0,-11.0,0.0,1765.93213,700.50354,1368.75964,696.1758,1761.52417,702.634155,1367.53943,698.8457,1668,654,1839,762,1259,650,1451,762
082_02,HP_082,2,082_02.png,082_02.png,-3.552,17.2521,1.0469,-8.949,-3.16,56.4987,0.0,-11.0,0.0,1749.44543,699.4005,1351.10889,695.2787,1747.68945,701.7125,1352.73816,698.0957,1668,654,1839,762,1259,649,1451,761
082_03,HP_082,3,082_03.png,082_03.png,-3.552,17.2521,1.0469,-8.949,-3.16,56.4987,-11.0,-11.0,0.0,1731.89,699.164551,1332.40588,695.3307,1732.96606,701.515869,1337.0542,698.1388,1668,653,1839,762,1259,648,1451,761
082_04,HP_082,4,082_04.png,082_04.png,-3.552,17.2521,1.0469,-8.949,-3.16,56.4987,-11.0,-5.5,0.0,1731.82874,708.0054,1332.29639,704.507568,1732.91455,708.929932,1336.96265,705.8341,1668,659,1839,764,1259,655,1451,764
082_05,HP_082,5,082_05.png,082_05.png,-3.552,17.2521,1.0469,-8.949,-3.16,56.4987,0.0,-5.5,0.0,1749.42761,708.193359,1351.08936,704.43335,1747.67456,709.087036,1352.72168,705.7722,1668,659,1839,764,1259,656,1451,764
082_06,HP_082,6,082_06.png,082_06.png,-3.552,17.2521,1.0469,-8.949,-3.16,56.4987,11.0,-5.5,0.0,1765.95142,708.815063,1368.81226,704.8452,1761.54028,709.6073,1367.58337,706.116455,1668,660,1839,765,1259,656,1451,764
082_07,HP_082,7,082_07.png,082_07.png,-3.552,17.2521,1.0469,-8.949,-3.16,56.4987,11.0,0.0,0.0,1765.76477,717.161743,1368.65381,713.584961,1761.38489,716.6101,1367.45093,713.4459,1668,668,1838,768,1259,663,1451,766
082_08,HP_082,8,082_08.png,082_08.png,-3.552,17.2521,1.0469,-8.949,-3.16,56.4987,0.0,0.0,0.0,1749.4071,717.0304,1351.074,713.6732,1747.65808,716.499268,1352.70837,713.5199,1668,668,1838,768,1259,664,1451,767
082_09,HP_082,9,082_09.png,082_09.png,-3.552,17.2521,1.0469,-8.949,-3.16,56.4987,-11.0,0.0,0.0,1731.99756,716.890259,1332.45752,713.77124,1733.05591,716.381348,1337.09656,713.602051,1668,667,1838,767,1259,664,1451,767
082_10,HP_082,10,082_10.png,082_10.png,-3.552,17.2521,1.0469,-8.949,-3.16,56.4987,-11.0,5.5,0.0,1732.37866,725.4774,1332.86841,722.73584,1733.37488,723.584351,1337.439,721.1205,1668,677,1838,770,1259,674,1452,771
082_11,HP_082,11,082_11.png,082_11.png,-3.552,17.2521,1.0469,-8.949,-3.16,56.4987,0.0,5.5,0.0,1749.38477,725.5674,1351.06274,722.623657,1747.64014,723.660645,1352.69812,721.0259,1668,678,1838,771,1259,673,1452,771
082_12,HP_082,12,082_12.png,082_12.png,-3.552,17.2521,1.0469,-8.949,-3.16,56.4987,11.0,5.5,0.0,1765.38843,725.2449,1368.29919,722.0824,1761.07129,723.392944,1367.15381,720.573242,1668,678,1838,772,1259,672,1452,770
082_13,HP_082,13,082_13.png,082_13.png,-3.552,17.2521,1.0469,-8.949,-3.16,56.4987,11.0,11.0,0.0,1764.85645,732.8147,1367.78064,730.0724,1760.62769,729.746948,1366.7196,727.2766,1668,688,1838,776,1260,683,1452,773
082_14,HP_082,14,082_14.png,082_14.png,-3.552,17.2521,1.0469,-8.949,-3.16,56.4987,0.0,11.0,0.0,1749.361,733.519653,1351.05566,730.973267,1747.62158,730.3341,1352.69092,728.030151,1668,689,1838,775,1260,685,1452,775
082_15,HP_082,15,082_15.png,082_15.png,-3.552,17.2521,1.0469,-8.949,-3.16,56.4987,-11.0,11.0,0.0,1732.93237,733.484253,1333.4823,731.082642,1733.83862,730.303,1337.95044,728.1228,1668,689,1838,774,1260,686,1452,775
083_01,HP_083,1,083_01.png,083_01.png,-5.7611,15.5746,-0.68862,-8.0155,3.2664,52.5856,11.0,-11.0,0.0,1802.05322,1111.85571,1365.234,1117.29529,1797.02747,1114.40137,1363.70728,1120.331,1695,1071,1878,1189,1245,1078,1451,1200
083_02,HP_083,2,083_02.png,083_02.png,-5.7611,15.5746,-0.68862,-8.0155,3.2664,52.5856,0.0,-11.0,0.0,1782.74817,1110.77661,1344.71143,1115.93848,1780.83228,1113.50122,1346.50244,1119.1969,1695,1071,1878,1189,1245,1078,1451,1199
083_03,HP_083,3,083_03.png,083_03.png,-5.7611,15.5746,-0.68862,-8.0155,3.2664,52.5856,-11.0,-11.0,0.0,1762.22375,1110.86829,1322.95557,1115.804,1763.62415,1113.57922,1328.26331,1119.08289,1695,1072,1878,1189,1245,1077,1451,1199
083_04,HP_083,4,083_04.png,083_04.png,-5.7611,15.5746,-0.68862,-8.0155,3.2664,52.5856,-11.0,-5.5,0.0,1761.75256,1120.94934,1322.35657,1126.245,1763.22974,1122.03137,1327.76465,1127.83667,1695,1075,1878,1190,1245,1080,1450,1200
083_05,HP_083,5,083_05.png,083_05.png,-5.7611,15.5746,-0.68862,-8.0155,3.2664,52.5856,0.0,-5.5,0.0,1782.73413,1120.84009,1344.68787,1126.396,1780.81946,1121.93933,1346.48389,1127.96387,1695,1074,1878,1190,1245,1081,1450,1200
083_06,HP_083,6,083_06.png,083_06.png,-5.7611,15.5746,-0.68862,-8.0155,3.2664,52.5856,11.0,-5.5,0.0,1802.44019,1121.35791,1365.66748,1127.19324,1797.35,1122.37158,1364.06982,1128.63062,1695,1074,1878,1190,1245,1081,1450,1200
083_07,HP_083,7,083_07.png,083_07.png,-5.7611,15.5746,-0.68862,-8.0155,3.2664,52.5856,11.0,0.0,0.0,1802.55164,1131.26147,1365.82507,1137.54358,1797.44312,1130.67749,1364.2019,1137.30762,1695,1081,1878,1192,1245,1087,1450,1202
083_08,HP_083,8,083_08.png,083_08.png,-5.7611,15.5746,-0.68862,-8.0155,3.2664,52.5856,0.0,0.0,0.0,1782.716,1131.37378,1344.669,1137.411,1780.8042,1130.77039,1346.46814,1137.196,1695,1081,1878,1192,1245,1086,1450,1202
083_09,HP_083,9,083_09.png,083_09.png,-5.7611,15.5746,-0.68862,-8.0155,3.2664,52.5856,-11.0,0.0,0.0,1761.5863,1131.48584,1322.11072,1137.25916,1763.09058,1130.86414,1327.55957,1137.069,1695,1081,1878,1192,1245,1086,1450,1202
083_10,HP_083,10,083_10.png,083_10.png,-5.7611,15.5746,-0.68862,-8.0155,3.2664,52.5856,-11.0,5.5,0.0,1761.74915,1142.00122,1322.25293,1148.311,1763.22668,1139.67969,1327.67786,1146.333,1695,1090,1877,1194,1246,1095,1450,1206
083_11,HP_083,11,083_11.png,083_11.png,-5.7611,15.5746,-0.68862,-8.0155,3.2664,52.5856,0.0,5.5,0.0,1782.69409,1141.8894,1344.65479,1148.46021,1780.78638,1139.58691,1346.45618,1146.457,1695,1090,1877,1195,1246,1095,1450,1205
083_12,HP_083,12,083_12.png,083_12.png,-5.7611,15.5746,-0.68862,-8.0155,3.2664,52.5856,11.0,5.5,0.0,1802.36816,1141.14783,1365.68481,1147.91821,1797.29053,1138.96924,1364.08447,1146.00513,1695,1090,1877,1196,1246,1094,1450,1204
083_13,HP_083,13,083_13.png,083_13.png,-5.7611,15.5746,-0.68862,-8.0155,3.2664,52.5856,11.0,11.0,0.0,1801.90747,1150.595,1365.26111,1157.881,1796.907,1146.89478,1363.73,1154.359,1695,1100,1877,1199,1246,1104,1450,1207
083_14,HP_083,14,083_14.png,083_14.png,-5.7611,15.5746,-0.68862,-8.0155,3.2664,52.5856,0.0,11.0,0.0,1782.66931,1151.895,1344.646,1159.00757,1780.76672,1147.97827,1346.44775,1155.2998,1695,1101,1877,1199,1246,1106,1450,1209
083_15,HP_083,15,083_15.png,083_15.png,-5.7611,15.5746,-0.68862,-8.0155,3.2664,52.5856,-11.0,11.0,0.0,1762.2207,1152.0166,1322.76208,1158.85132,1763.62134,1148.07837,1328.10156,1155.17017,1695,1101,1877,1198,1246,1107,1450,1210
084_01,HP_084,1,084_01.png,084_01.png,3.4251,5.5043,0.20077,-6.4709,7.7238,54.1812,11.0,-11.0,0.0,1798.85254,1296.3584,1374.848,1295.71924,1794.11511,1298.64917,1373.60522,1298.47827,1685,1251,1873,1366,1259,1253,1451,1368
084_02,HP_084,2,084_02.png,084_02.png,3.4251,5.5043,0.20077,-6.4709,7.7238,54.1812,0.0,-11.0,0.0,1780.88367,1295.3103,1356.61719,1294.7312,1779.03882,1297.77393,1358.31738,1297.6521,1685,1250,1873,1365,1259,1252,1449,1368
084_03,HP_084,3,084_03.png,084_03.png,3.4251,5.5043,0.20077,-6.4709,7.7238,54.1812,-11.0,-11.0,0.0,1761.8468,1295.24829,1337.40576,1294.70972,1763.07483,1297.72314,1342.2063,1297.633,1685,1251,1873,1365,1259,1251,1449,1368
084_04,HP_084,4,084_04.png,084_04.png,3.4251,5.5043,0.20077,-6.4709,7.7238,54.1812,-11.0,-5.5,0.0,1761.3385,1304.446,1336.80042,1304.00244,1762.64929,1305.43628,1341.7019,1305.42676,1685,1256,1873,1367,1259,1256,1449,1369
084_05,HP_084,5,084_05.png,084_05.png,3.4251,5.5043,0.20077,-6.4709,7.7238,54.1812,0.0,-5.5,0.0,1780.90894,1304.4873,1356.61072,1304.02612,1779.05884,1305.47034,1358.313,1305.447,1685,1256,1873,1367,1259,1256,1449,1369
084_06,HP_084,6,084_06.png,084_06.png,3.4251,5.5043,0.20077,-6.4709,7.7238,54.1812,11.0,-5.5,0.0,1799.33984,1305.06311,1375.33069,1304.57361,1794.52173,1305.95166,1374.00952,1305.90479,1685,1256,1873,1367,1259,1257,1451,1370
084_07,HP_084,7,084_07.png,084_07.png,3.4251,5.5043,0.20077,-6.4709,7.7238,54.1812,11.0,0.0,0.0,1799.60352,1314.228,1375.60156,1313.91577,1794.74182,1313.639,1374.23608,1313.73889,1685,1264,1873,1370,1259,1263,1450,1372
084_08,HP_084,8,084_08.png,084_08.png,3.4251,5.5043,0.20077,-6.4709,7.7238,54.1812,0.0,0.0,0.0,1780.93213,1314.20288,1356.60645,1313.90552,1779.07776,1313.617,1358.31,1313.7301,1685,1264,1873,1370,1259,1263,1449,1372
084_09,HP_084,9,084_09.png,084_09.png,3.4251,5.5043,0.20077,-6.4709,7.7238,54.1812,-11.0,0.0,0.0,1761.07751,1314.17383,1336.45654,1313.89307,1762.43091,1313.59229,1341.41565,1313.71973,1685,1263,1873,1369,1259,1263,1449,1372
084_10,HP_084,10,084_10.png,084_10.png,3.4251,5.5043,0.20077,-6.4709,7.7238,54.1812,-11.0,5.5,0.0,1761.10059,1324.04,1336.41931,1323.971,1762.4502,1321.86426,1341.3844,1322.169,1685,1273,1873,1373,1260,1272,1449,1376
084_11,HP_084,11,084_11.png,084_11.png,3.4251,5.5043,0.20077,-6.4709,7.7238,54.1812,0.0,5.5,0.0,1780.95239,1324.05737,1356.60486,1323.96863,1779.09485,1321.87988,1358.30872,1322.1665,1685,1273,1873,1374,1260,1272,1449,1375
084_12,HP_084,12,084_12.png,084_12.png,3.4251,5.5043,0.20077,-6.4709,7.7238,54.1812,11.0,5.5,0.0,1799.61182,1323.50537,1375.63062,1323.40991,1794.749,1321.42065,1374.2605,1321.7,1685,1273,1873,1374,1259,1272,1450,1375
084_13,HP_084,13,084_13.png,084_13.png,3.4251,5.5043,0.20077,-6.4709,7.7238,54.1812,11.0,11.0,0.0,1799.3623,1332.51526,1375.41357,1332.68591,1794.54163,1328.979,1374.07886,1329.47876,1685,1285,1873,1378,1260,1282,1451,1378
084_14,HP_084,14,084_14.png,084_14.png,3.4251,5.5043,0.20077,-6.4709,7.7238,54.1812,0.0,11.0,0.0,1780.96924,1333.60864,1356.606,1333.76685,1779.10986,1329.88989,1358.3092,1330.382,1685,1286,1873,1379,1260,1284,1449,1379
084_15,HP_084,15,084_15.png,084_15.png,3.4251,5.5043,0.20077,-6.4709,7.7238,54.1812,-11.0,11.0,0.0,1761.41016,1333.61255,1336.69446,1333.77466,1762.70923,1329.89148,1341.61353,1330.38965,1685,1286,1873,1378,1260,1285,1449,1381
085_01,HP_085,1,085_01.png,085_01.png,6.7358,18.9671,-5.6786,-12.2538,12.0204,53.8967,11.0,-11.0,0.0,1600.22571,1571.65808,1184.51855,1536.73828,1595.8457,1573.58374,1183.4292,1539.478,1498,1528,1675,1643,1069,1495,1271,1612
085_02,HP_085,2,085_02.png,085_02.png,6.7358,18.9671,-5.6786,-12.2538,12.0204,53.8967,0.0,-11.0,0.0,1583.85339,1570.6311,1166.97192,1535.57764,1582.105,1572.72546,1168.713,1538.50757,1498,1527,1675,1643,1069,1494,1271,1612
085_03,HP_085,3,085_03.png,085_03.png,6.7358,18.9671,-5.6786,-12.2538,12.0204,53.8967,-11.0,-11.0,0.0,1566.10913,1570.37866,1148.0752,1535.2356,1567.22119,1572.51514,1152.86548,1538.22046,1498,1528,1675,1643,1069,1494,1271,1612
085_04,HP_085,4,085_04.png,085_04.png,6.7358,18.9671,-5.6786,-12.2538,12.0204,53.8967,-11.0,-5.5,0.0,1565.45178,1578.981,1147.3031,1544.17163,1566.6709,1579.73047,1152.22229,1545.71582,1498,1532,1675,1645,1069,1498,1271,1614
085_05,HP_085,5,085_05.png,085_05.png,6.7358,18.9671,-5.6786,-12.2538,12.0204,53.8967,0.0,-5.5,0.0,1583.83716,1579.09338,1166.96558,1544.41565,1582.09021,1579.82422,1168.70911,1545.92053,1498,1531,1675,1644,1069,1498,1271,1613
085_06,HP_085,6,085_06.png,085_06.png,6.7358,18.9671,-5.6786,-12.2538,12.0204,53.8967,11.0,-5.5,0.0,1600.72778,1579.63464,1185.0979,1545.1051,1596.26453,1580.2771,1183.91443,1546.49707,1498,1532,1675,1644,1069,1499,1271,1613
085_07,HP_085,7,085_07.png,085_07.png,6.7358,18.9671,-5.6786,-12.2538,12.0204,53.8967,11.0,0.0,0.0,1601.06384,1588.13123,1185.50964,1554.05151,1596.54492,1587.40564,1184.25916,1554.00024,1498,1537,1675,1646,1069,1504,1270,1615
085_08,HP_085,8,085_08.png,085_08.png,6.7358,18.9671,-5.6786,-12.2538,12.0204,53.8967,0.0,0.0,0.0,1583.8175,1588.179,1166.96265,1553.96582,1582.07288,1587.44409,1168.70776,1553.92847,1498,1537,1675,1646,1069,1504,1270,1615
085_09,HP_085,9,085_09.png,085_09.png,6.7358,18.9671,-5.6786,-12.2538,12.0204,53.8967,-11.0,0.0,0.0,1564.98389,1588.22534,1146.74878,1553.867,1566.27917,1587.48267,1151.76062,1553.84558,1498,1538,1675,1647,1069,1505,1270,1616
085_10,HP_085,10,085_10.png,085_10.png,6.7358,18.9671,-5.6786,-12.2538,12.0204,53.8967,-11.0,5.5,0.0,1564.758,1597.79541,1146.47827,1563.97119,1566.09009,1595.507,1151.5354,1562.31628,1498,1548,1674,1649,1069,1515,1269,1620
085_11,HP_085,11,085_11.png,085_11.png,6.7358,18.9671,-5.6786,-12.2538,12.0204,53.8967,0.0,5.5,0.0,1583.79431,1597.57825,1166.96387,1563.897,1582.05322,1595.32654,1168.70935,1562.25427,1498,1546,1674,1650,1069,1513,1269,1619
085_12,HP_085,12,085_12.png,085_12.png,6.7358,18.9671,-5.6786,-12.2538,12.0204,53.8967,11.0,5.5,0.0,1601.19531,1596.8833,1185.71387,1563.30334,1596.65479,1594.7478,1184.43,1561.75854,1498,1544,1675,1649,1069,1512,1269,1618
085_13,HP_085,13,085_13.png,085_13.png,6.7358,18.9671,-5.6786,-12.2538,12.0204,53.8967,11.0,11.0,0.0,1601.10254,1605.56763,1185.68982,1572.52515,1596.57764,1602.03394,1184.40991,1569.4917,1498,1554,1674,1653,1069,1521,1268,1621
085_14,HP_085,14,085_14.png,085_14.png,6.7358,18.9671,-5.6786,-12.2538,12.0204,53.8967,0.0,11.0,0.0,1583.76782,1606.90454,1166.96936,1573.78943,1582.03125,1603.14832,1168.71387,1570.54761,1497,1557,1674,1654,1069,1525,1268,1623
085_15,HP_085,15,085_15.png,085_15.png,6.7358,18.9671,-5.6786,-12.2538,12.0204,53.8967,-11.0,11.0,0.0,1564.803,1607.29248,1146.52722,1574.0332,1566.12756,1603.4707,1151.57617,1570.75183,1497,1560,1674,1653,1069,1529,1268,1624
086_01,HP_086,1,086_01.png,086_01.png,-10.6176,-8.1689,2.7126,2.3251,-6.7838,55.9318,11.0,-11.0,0.0,2198.691,540.7228,1789.87769,557.2389,2193.7627,543.2449,1788.489,560.0005,2079,496,2271,610,1678,515,1858,629
086_02,HP_086,2,086_02.png,086_02.png,-10.6176,-8.1689,2.7126,2.3251,-6.7838,55.9318,0.0,-11.0,0.0,2179.59937,540.165039,1771.41,556.7882,2177.751,542.7799,1773.00342,559.623169,2079,495,2271,610,1678,513,1856,629
086_03,HP_086,3,086_03.png,086_03.png,-10.6176,-8.1689,2.7126,2.3251,-6.7838,55.9318,-11.0,-11.0,0.0,2160.60425,540.732544,1753.10449,557.396362,2161.82446,543.254639,1757.64917,560.130249,2079,495,2271,610,1678,513,1856,628
086_04,HP_086,4,086_04.png,086_04.png,-10.6176,-8.1689,2.7126,2.3251,-6.7838,55.9318,-11.0,-5.5,0.0,2160.70239,550.1416,1753.129,566.599365,2161.90649,551.144043,1757.66943,567.8485,2080,501,2271,612,1678,518,1856,630
086_05,HP_086,5,086_05.png,086_05.png,-10.6176,-8.1689,2.7126,2.3251,-6.7838,55.9318,0.0,-5.5,0.0,2179.63818,549.8799,1771.41577,566.2959,2177.78369,550.9249,1773.008,567.595337,2080,501,2271,612,1678,518,1856,630
086_06,HP_086,6,086_06.png,086_06.png,-10.6176,-8.1689,2.7126,2.3251,-6.7838,55.9318,11.0,-5.5,0.0,2198.66748,550.1771,1789.85925,566.52,2193.744,551.1731,1788.47375,567.782959,2080,502,2271,612,1678,520,1857,630
086_07,HP_086,7,086_07.png,086_07.png,-10.6176,-8.1689,2.7126,2.3251,-6.7838,55.9318,11.0,0.0,0.0,2198.37354,559.569336,1789.59875,575.7761,2193.49951,559.0499,1788.25586,575.5448,2080,510,2271,615,1678,526,1858,632
086_08,HP_086,8,086_08.png,086_08.png,-10.6176,-8.1689,2.7126,2.3251,-6.7838,55.9318,0.0,0.0,0.0,2179.67163,559.530151,1771.42383,575.7798,2177.8125,559.0165,1773.0144,575.548,2080,509,2271,615,1678,525,1856,632
086_09,HP_086,9,086_09.png,086_09.png,-10.6176,-8.1689,2.7126,2.3251,-6.7838,55.9318,-11.0,0.0,0.0,2161.04517,559.490234,1753.4054,575.7822,2162.19336,558.983032,1757.89966,575.5503,2080,508,2271,615,1678,524,1856,632
086_10,HP_086,10,086_10.png,086_10.png,-10.6176,-8.1689,2.7126,2.3251,-6.7838,55.9318,-11.0,5.5,0.0,2161.59961,568.423462,1753.90271,584.5852,2162.65771,566.4757,1758.31409,582.9347,2080,518,2271,618,1679,532,1857,636
086_11,HP_086,11,086_11.png,086_11.png,-10.6176,-8.1689,2.7126,2.3251,-6.7838,55.9318,0.0,5.5,0.0,2179.7,568.71814,1771.434,584.854,2177.83765,566.7223,1773.02173,583.158447,2080,520,2271,619,1679,533,1857,635
086_12,HP_086,12,086_12.png,086_12.png,-10.6176,-8.1689,2.7126,2.3251,-6.7838,55.9318,11.0,5.5,0.0,2197.84521,568.5221,1789.12476,584.6544,2193.05957,566.5598,1787.85913,582.991333,2080,521,2271,619,1679,534,1859,635
086_13,HP_086,13,086_13.png,086_13.png,-10.6176,-8.1689,2.7126,2.3251,-6.7838,55.9318,11.0,11.0,0.0,2197.1394,576.750732,1788.485,592.879639,2192.472,573.4647,1787.32336,589.8926,2080,531,2270,622,1679,544,1859,638
086_14,HP_086,14,086_14.png,086_14.png,-10.6176,-8.1689,2.7126,2.3251,-6.7838,55.9318,0.0,11.0,0.0,2179.72314,577.1454,1771.44543,593.222046,2177.859,573.792969,1773.02991,590.179443,2080,530,2270,623,1679,543,1857,638
086_15,HP_086,15,086_15.png,086_15.png,-10.6176,-8.1689,2.7126,2.3251,-6.7838,55.9318,-11.0,11.0,0.0,2162.316,576.6687,1754.57043,592.729248,2163.25757,573.3937,1758.87061,589.768555,2080,528,2271,622,1679,542,1857,639
087_01,HP_087,1,087_01.png,087_01.png,-4.9052,6.401,5.0582,0.14945,-3.0665,53.2495,11.0,-11.0,0.0,2219.98584,668.0785,1791.27734,700.637939,2214.71,670.9581,1789.54248,703.7407,2111,620,2295,736,1675,653,1873,773
087_02,HP_087,2,087_02.png,087_02.png,-4.9052,6.401,5.0582,0.14945,-3.0665,53.2495,0.0,-11.0,0.0,2199.50781,667.3694,1770.03369,700.1361,2197.53784,670.3668,1771.73486,703.321045,2111,620,2295,735,1675,652,1873,773
087_03,HP_087,3,087_03.png,087_03.png,-4.9052,6.401,5.0582,0.14945,-3.0665,53.2495,-11.0,-11.0,0.0,2179.17725,667.9608,1748.98071,701.0227,2180.49463,670.8613,1754.081,704.0603,2111,621,2295,735,1675,653,1873,773
087_04,HP_087,4,087_04.png,087_04.png,-4.9052,6.401,5.0582,0.14945,-3.0665,53.2495,-11.0,-5.5,0.0,2179.09033,678.15625,1748.82153,711.3705,2180.42188,679.4088,1753.94812,712.73645,2112,626,2295,737,1675,658,1873,774
087_05,HP_087,5,087_05.png,087_05.png,-4.9052,6.401,5.0582,0.14945,-3.0665,53.2495,0.0,-5.5,0.0,2199.49561,677.9241,1770.00635,710.871,2197.52734,679.2147,1771.71216,712.3196,2112,627,2295,738,1675,658,1873,775
087_06,HP_087,6,087_06.png,087_06.png,-4.9052,6.401,5.0582,0.14945,-3.0665,53.2495,11.0,-5.5,0.0,2220.05713,678.3529,1791.38049,711.0818,2214.76978,679.5729,1789.62891,712.49585,2112,628,2295,739,1675,659,1873,775
087_07,HP_087,7,087_07.png,087_07.png,-4.9052,6.401,5.0582,0.14945,-3.0665,53.2495,11.0,0.0,0.0,2219.80249,688.7095,1791.16272,721.6542,2214.55786,688.2566,1789.44678,721.3584,2113,638,2295,743,1675,668,1873,777
087_08,HP_087,8,087_08.png,087_08.png,-4.9052,6.401,5.0582,0.14945,-3.0665,53.2495,0.0,0.0,0.0,2199.47974,688.5675,1769.98389,721.7499,2197.51514,688.1371,1771.69287,721.4385,2113,637,2295,741,1675,667,1873,778
087_09,HP_087,9,087_09.png,087_09.png,-4.9052,6.401,5.0582,0.14945,-3.0665,53.2495,-11.0,0.0,0.0,2179.29858,688.4271,1748.99939,721.8474,2180.5957,688.019531,1754.096,721.5209,2113,635,2295,741,1675,666,1873,777
087_10,HP_087,10,087_10.png,087_10.png,-4.9052,6.401,5.0582,0.14945,-3.0665,53.2495,-11.0,5.5,0.0,2179.77734,698.337158,1749.48962,731.9706,2180.99658,696.329346,1754.504,730.0099,2112,646,2295,744,1676,676,1874,781
087_11,HP_087,11,087_11.png,087_11.png,-4.9052,6.401,5.0582,0.14945,-3.0665,53.2495,0.0,5.5,0.0,2199.461,698.802856,1769.96631,732.24585,2197.50049,696.7191,1771.67712,730.2383,2112,649,2295,746,1676,678,1874,782
087_12,HP_087,12,087_12.png,087_12.png,-4.9052,6.401,5.0582,0.14945,-3.0665,53.2495,11.0,5.5,0.0,2219.251,698.6769,1790.64746,731.8811,2214.09888,696.6156,1789.01575,729.933,2112,651,2295,747,1676,679,1874,781
087_13,HP_087,13,087_13.png,087_13.png,-4.9052,6.401,5.0582,0.14945,-3.0665,53.2495,11.0,11.0,0.0,2218.467,707.876,1789.89282,741.370361,2213.446,704.3334,1788.38452,737.8917,2112,665,2294,752,1676,691,1874,785
087_14,HP_087,14,087_14.png,087_14.png,-4.9052,6.401,5.0582,0.14945,-3.0665,53.2495,0.0,11.0,0.0,2199.44,708.2322,1769.95374,741.929932,2197.48486,704.628662,1771.66492,738.360352,2112,663,2294,751,1676,691,1874,787
087_15,HP_087,15,087_15.png,087_15.png,-4.9052,6.401,5.0582,0.14945,-3.0665,53.2495,-11.0,11.0,0.0,2180.47314,707.5292,1750.23059,741.342651,2181.579,704.0399,1755.12109,737.8718,2112,659,2294,749,1676,689,1874,786
088_01,HP_088,1,088_01.png,088_01.png,4.8293,-1.6583,-1.96,-2.6765,5.5241,54.5699,11.0,-11.0,0.0,1971.27454,1149.11169,1555.23767,1132.61658,1966.48889,1151.39148,1553.95361,1135.48364,1854,1102,2044,1214,1441,1088,1626,1200
088_02,HP_088,2,088_02.png,088_02.png,4.8293,-1.6583,-1.96,-2.6765,5.5241,54.5699,0.0,-11.0,0.0,1952.85718,1148.16333,1537.02466,1131.93787,1951.03931,1150.59924,1538.68054,1134.91614,1854,1101,2044,1214,1441,1087,1624,1200
088_03,HP_088,3,088_03.png,088_03.png,4.8293,-1.6583,-1.96,-2.6765,5.5241,54.5699,-11.0,-11.0,0.0,1933.85791,1148.26685,1518.318,1132.269,1935.108,1150.68628,1522.99146,1135.192,1854,1101,2044,1214,1441,1087,1624,1200
088_04,HP_088,4,088_04.png,088_04.png,4.8293,-1.6583,-1.96,-2.6765,5.5241,54.5699,-11.0,-5.5,0.0,1933.48865,1157.48755,1517.86328,1141.42358,1934.79907,1158.41846,1522.61255,1142.87012,1854,1107,2044,1216,1441,1093,1624,1202
088_05,HP_088,5,088_05.png,088_05.png,4.8293,-1.6583,-1.96,-2.6765,5.5241,54.5699,0.0,-5.5,0.0,1952.89832,1157.49438,1537.02136,1141.21118,1951.07275,1158.42407,1538.679,1142.69312,1854,1108,2044,1216,1441,1093,1624,1201
088_06,HP_088,6,088_06.png,088_06.png,4.8293,-1.6583,-1.96,-2.6765,5.5241,54.5699,11.0,-5.5,0.0,1971.69751,1158.06384,1555.63477,1141.5415,1966.842,1158.90027,1554.28613,1142.969,1854,1108,2044,1216,1441,1093,1626,1201
088_07,HP_088,7,088_07.png,088_07.png,4.8293,-1.6583,-1.96,-2.6765,5.5241,54.5699,11.0,0.0,0.0,1971.87122,1167.39258,1555.80408,1150.86743,1966.98743,1166.72412,1554.42773,1150.78931,1854,1116,2044,1219,1441,1100,1625,1204
088_08,HP_088,8,088_08.png,088_08.png,4.8293,-1.6583,-1.96,-2.6765,5.5241,54.5699,0.0,0.0,0.0,1952.937,1167.25391,1537.02075,1150.94666,1951.105,1166.60681,1538.67871,1150.85571,1854,1116,2044,1220,1441,1101,1624,1204
088_09,HP_088,9,088_09.png,088_09.png,4.8293,-1.6583,-1.96,-2.6765,5.5241,54.5699,-11.0,0.0,0.0,1933.37451,1167.1134,1517.67224,1151.02991,1934.70337,1166.489,1522.45337,1150.92554,1854,1116,2044,1220,1441,1101,1624,1205
088_10,HP_088,10,088_10.png,088_10.png,4.8293,-1.6583,-1.96,-2.6765,5.5241,54.5699,-11.0,5.5,0.0,1933.53589,1176.74939,1517.76941,1160.68372,1934.83813,1174.56836,1522.5343,1159.02075,1854,1127,2044,1224,1442,1112,1624,1209
088_11,HP_088,11,088_11.png,088_11.png,4.8293,-1.6583,-1.96,-2.6765,5.5241,54.5699,0.0,5.5,0.0,1952.97229,1177.02026,1537.02283,1160.733,1951.135,1174.7959,1538.6803,1159.06091,1854,1127,2044,1225,1442,1111,1624,1208
088_12,HP_088,12,088_12.png,088_12.png,4.8293,-1.6583,-1.96,-2.6765,5.5241,54.5699,11.0,5.5,0.0,1971.77466,1176.71851,1555.72559,1160.23877,1966.90747,1174.5459,1554.36218,1158.64758,1854,1126,2044,1223,1442,1110,1626,1207
088_13,HP_088,13,088_13.png,088_13.png,4.8293,-1.6583,-1.96,-2.6765,5.5241,54.5699,11.0,11.0,0.0,1971.42017,1185.65552,1555.40857,1169.28931,1966.61243,1182.04321,1554.0968,1166.238,1853,1138,2043,1228,1442,1121,1626,1211
088_14,HP_088,14,088_14.png,088_14.png,4.8293,-1.6583,-1.96,-2.6765,5.5241,54.5699,0.0,11.0,0.0,1953.00342,1186.36255,1537.02759,1170.14539,1951.16223,1182.6311,1538.68347,1166.9541,1853,1139,2043,1229,1442,1124,1624,1212
088_15,HP_088,15,088_15.png,088_15.png,4.8293,-1.6583,-1.96,-2.6765,5.5241,54.5699,-11.0,11.0,0.0,1933.95947,1185.99109,1518.14319,1169.96729,1935.193,1182.31909,1522.8457,1166.80676,1853,1140,2043,1229,1442,1125,1624,1214
089_01,HP_089,1,089_01.png,089_01.png,8.4459,7.3272,5.4504,-1.3286,10.8201,57.0645,11.0,-11.0,0.0,2097.22583,1394.31543,1708.973,1427.113,2092.91846,1396.47485,1707.87061,1429.44043,1997,1348,2170,1457,1603,1381,1787,1494
089_02,HP_089,2,089_02.png,089_02.png,8.4459,7.3272,5.4504,-1.3286,10.8201,57.0645,0.0,-11.0,0.0,2081.4314,1393.76685,1692.62622,1426.75452,2079.66553,1396.01685,1694.15881,1429.14014,1996,1348,2170,1456,1603,1380,1787,1493
089_03,HP_089,3,089_03.png,089_03.png,8.4459,7.3272,5.4504,-1.3286,10.8201,57.0645,-11.0,-11.0,0.0,2065.45337,1393.969,1676.23462,1427.17932,2066.26221,1396.18628,1680.40637,1429.49475,1996,1348,2170,1456,1603,1380,1787,1493
089_04,HP_089,4,089_04.png,089_04.png,8.4459,7.3272,5.4504,-1.3286,10.8201,57.0645,-11.0,-5.5,0.0,2065.00879,1401.75635,1675.7124,1435.054,2065.88965,1402.71924,1679.9707,1436.10156,1997,1353,2170,1458,1603,1385,1787,1494
089_05,HP_089,5,089_05.png,089_05.png,8.4459,7.3272,5.4504,-1.3286,10.8201,57.0645,0.0,-5.5,0.0,2081.43335,1401.68311,1692.60657,1434.79822,2079.666,1402.65784,1694.14319,1435.888,1997,1353,2170,1458,1603,1385,1787,1495
089_06,HP_089,6,089_06.png,089_06.png,8.4459,7.3272,5.4504,-1.3286,10.8201,57.0645,11.0,-5.5,0.0,2097.674,1402.01892,1709.43677,1434.97241,2093.29248,1402.93872,1708.259,1436.03369,1997,1354,2170,1459,1603,1386,1787,1495
089_07,HP_089,7,089_07.png,089_07.png,8.4459,7.3272,5.4504,-1.3286,10.8201,57.0645,11.0,0.0,0.0,2097.9502,1410.17017,1709.73352,1443.3103,2093.52271,1409.77661,1708.50745,1443.027,1998,1362,2170,1462,1603,1393,1787,1497
089_08,HP_089,8,089_08.png,089_08.png,8.4459,7.3272,5.4504,-1.3286,10.8201,57.0645,0.0,0.0,0.0,2081.433,1410.08081,1692.58826,1443.36755,2079.665,1409.70142,1694.12854,1443.075,1998,1361,2170,1461,1603,1391,1787,1497
089_09,HP_089,9,089_09.png,089_09.png,8.4459,7.3272,5.4504,-1.3286,10.8201,57.0645,-11.0,0.0,0.0,2064.73022,1409.991,1675.36829,1443.42615,2065.65649,1409.62622,1679.68359,1443.12427,1998,1360,2170,1460,1603,1391,1787,1497
089_10,HP_089,10,089_10.png,089_10.png,8.4459,7.3272,5.4504,-1.3286,10.8201,57.0645,-11.0,5.5,0.0,2064.64648,1418.40637,1675.2384,1452.01416,2065.58618,1416.68408,1679.5752,1450.32739,1998,1369,2170,1464,1604,1399,1787,1500
089_11,HP_089,11,089_11.png,089_11.png,8.4459,7.3272,5.4504,-1.3286,10.8201,57.0645,0.0,5.5,0.0,2081.43042,1418.67212,1692.57227,1452.16833,2079.6626,1416.90674,1694.11523,1450.45532,1998,1371,2170,1465,1604,1400,1787,1500
089_12,HP_089,12,089_12.png,089_12.png,8.4459,7.3272,5.4504,-1.3286,10.8201,57.0645,11.0,5.5,0.0,2098.02344,1418.49756,1709.83142,1451.85889,2093.58374,1416.762,1708.58936,1450.19653,1998,1373,2170,1466,1604,1401,1788,1500
089_13,HP_089,13,089_13.png,089_13.png,8.4459,7.3272,5.4504,-1.3286,10.8201,57.0645,11.0,11.0,0.0,2097.88379,1426.68945,1709.71826,1460.30566,2093.46753,1423.63452,1708.49463,1457.281,1998,1385,2170,1470,1604,1412,1788,1503
089_14,HP_089,14,089_14.png,089_14.png,8.4459,7.3272,5.4504,-1.3286,10.8201,57.0645,0.0,11.0,0.0,2081.42529,1427.124,1692.559,1460.853,2079.65869,1423.99585,1694.10388,1457.73889,1998,1383,2170,1469,1604,1412,1788,1505
089_15,HP_089,15,089_15.png,089_15.png,8.4459,7.3272,5.4504,-1.3286,10.8201,57.0645,-11.0,11.0,0.0,2064.76733,1426.69653,1675.33752,1460.487,2065.6875,1423.63745,1679.65759,1457.43469,1998,1380,2170,1467,1604,1410,1788,1504
090_01,HP_090,1,090_01.png,090_01.png,11.3613,-0.12449,4.9181,-1.3889,12.0912,52.6073,11.0,-11.0,0.0,2033.68445,1484.03015,1604.41711,1517.915,2028.69531,1486.59082,1603.07214,1520.66357,1915,1437,2109,1551,1489,1472,1678,1589
090_02,HP_090,2,090_02.png,090_02.png,11.3613,-0.12449,4.9181,-1.3889,12.0912,52.6073,0.0,-11.0,0.0,2014.80359,1483.16748,1585.61279,1517.30054,2012.85669,1485.87061,1587.3031,1520.14941,1915,1435,2109,1551,1489,1470,1677,1589
090_03,HP_090,3,090_03.png,090_03.png,11.3613,-0.12449,4.9181,-1.3889,12.0912,52.6073,-11.0,-11.0,0.0,1995.47974,1483.36646,1566.47656,1517.71423,1996.65271,1486.0376,1571.25293,1520.49438,1915,1435,2109,1551,1489,1469,1677,1589
090_04,HP_090,4,090_04.png,090_04.png,11.3613,-0.12449,4.9181,-1.3889,12.0912,52.6073,-11.0,-5.5,0.0,1994.81592,1492.60669,1565.7323,1526.93115,1996.09729,1493.78687,1570.63269,1528.22534,1915,1441,2109,1553,1489,1475,1677,1590
090_05,HP_090,5,090_05.png,090_05.png,11.3613,-0.12449,4.9181,-1.3889,12.0912,52.6073,0.0,-5.5,0.0,2014.83142,1492.54272,1585.607,1526.67188,2012.87842,1493.73315,1587.29993,1528.009,1916,1442,2109,1553,1489,1475,1677,1590
090_06,HP_090,6,090_06.png,090_06.png,11.3613,-0.12449,4.9181,-1.3889,12.0912,52.6073,11.0,-5.5,0.0,2034.37939,1493.07129,1605.08667,1526.98828,2029.27466,1494.1748,1603.63245,1528.27368,1916,1444,2109,1554,1489,1477,1678,1591
090_07,HP_090,7,090_07.png,090_07.png,11.3613,-0.12449,4.9181,-1.3889,12.0912,52.6073,11.0,0.0,0.0,2034.84717,1502.77344,1605.54883,1536.73682,2029.66455,1502.31128,1604.01929,1536.44751,1917,1454,2109,1557,1489,1485,1679,1593
090_08,HP_090,8,090_08.png,090_08.png,11.3613,-0.12449,4.9181,-1.3889,12.0912,52.6073,0.0,0.0,0.0,2014.8573,1502.65283,1585.60364,1536.81116,2012.899,1502.20947,1587.29785,1536.50964,1916,1452,2109,1557,1489,1483,1677,1593
090_09,HP_090,9,090_09.png,090_09.png,11.3613,-0.12449,4.9181,-1.3889,12.0912,52.6073,-11.0,0.0,0.0,1994.37854,1502.53235,1565.21838,1536.88721,1995.73108,1502.10852,1570.20459,1536.57373,1916,1450,2109,1556,1489,1482,1677,1593
090_10,HP_090,10,090_10.png,090_10.png,11.3613,-0.12449,4.9181,-1.3889,12.0912,52.6073,-11.0,5.5,0.0,1994.22229,1512.77441,1564.999,1547.20776,1995.6001,1510.69434,1570.02173,1545.22656,1917,1462,2109,1560,1490,1493,1677,1597
090_11,HP_090,11,090_11.png,090_11.png,11.3613,-0.12449,4.9181,-1.3889,12.0912,52.6073,0.0,5.5,0.0,2014.88025,1513.10083,1585.60291,1547.33325,2012.91772,1510.968,1587.29773,1545.33008,1917,1465,2109,1562,1490,1495,1678,1597
090_12,HP_090,12,090_12.png,090_12.png,11.3613,-0.12449,4.9181,-1.3889,12.0912,52.6073,11.0,5.5,0.0,2035.03162,1512.772,1605.75159,1546.82019,2029.8186,1510.69531,1604.18884,1544.90137,1917,1467,2109,1562,1490,1496,1680,1597
090_13,HP_090,13,090_13.png,090_13.png,11.3613,-0.12449,4.9181,-1.3889,12.0912,52.6073,11.0,11.0,0.0,2034.90869,1522.6239,1605.669,1556.81909,2029.71655,1518.95728,1604.11975,1553.28467,1917,1481,2109,1567,1490,1507,1680,1601
090_14,HP_090,14,090_14.png,090_14.png,11.3613,-0.12449,4.9181,-1.3889,12.0912,52.6073,0.0,11.0,0.0,2014.89893,1523.39771,1585.60522,1557.75342,2012.93433,1519.60083,1587.29932,1554.06567,1917,1480,2109,1567,1490,1508,1678,1602
090_15,HP_090,15,090_15.png,090_15.png,11.3613,-0.12449,4.9181,-1.3889,12.0912,52.6073,-11.0,11.0,0.0,1994.37109,1522.88354,1565.10559,1557.42322,1995.72461,1519.16968,1570.11011,1553.79175,1917,1477,2109,1565,1490,1506,1678,1602
091_01,HP_091,1,091_01.png,091_01.png,-7.6414,-11.3144,-4.3886,11.3214,-5.0543,52.4932,11.0,-11.0,0.0,2807.084,587.947266,2355.50537,555.7346,2801.42847,590.8147,2353.70239,559.2385,2683,539,2884,659,2235,511,2432,627
091_02,HP_091,2,091_02.png,091_02.png,-7.6414,-11.3144,-4.3886,11.3214,-5.0543,52.4932,0.0,-11.0,0.0,2784.468,588.3634,2333.5686,556.3108,2782.47388,591.162842,2335.31274,559.718262,2683,540,2884,660,2235,511,2430,628
091_03,HP_091,3,091_03.png,091_03.png,-7.6414,-11.3144,-4.3886,11.3214,-5.0543,52.4932,-11.0,-11.0,0.0,2764.13452,589.9442,2313.83252,558.0808,2765.4292,592.4839,2318.75464,561.195068,2683,540,2884,660,2235,511,2430,628
091_04,HP_091,4,091_04.png,091_04.png,-7.6414,-11.3144,-4.3886,11.3214,-5.0543,52.4932,-11.0,-5.5,0.0,2764.16357,600.1106,2313.80225,567.902344,2765.45337,601.0073,2318.72949,569.432861,2683,547,2883,662,2235,518,2429,631
091_05,HP_091,5,091_05.png,091_05.png,-7.6414,-11.3144,-4.3886,11.3214,-5.0543,52.4932,0.0,-5.5,0.0,2784.483,599.3884,2333.56787,566.9762,2782.48682,600.403564,2335.31226,568.660034,2683,547,2883,662,2235,517,2430,630
091_06,HP_091,6,091_06.png,091_06.png,-7.6414,-11.3144,-4.3886,11.3214,-5.0543,52.4932,11.0,-5.5,0.0,2807.08936,599.2584,2355.53784,566.647339,2801.43359,600.2948,2353.73,568.386,2683,546,2883,661,2235,517,2431,629
091_07,HP_091,7,091_07.png,091_07.png,-7.6414,-11.3144,-4.3886,11.3214,-5.0543,52.4932,11.0,0.0,0.0,2806.704,610.5558,2355.21655,577.5941,2801.11353,609.7639,2353.461,577.5619,2682,555,2883,665,2235,525,2431,632
091_08,HP_091,8,091_08.png,091_08.png,-7.6414,-11.3144,-4.3886,11.3214,-5.0543,52.4932,0.0,0.0,0.0,2784.49463,610.4009,2333.5708,577.6764,2782.49731,609.6343,2335.314,577.630859,2682,556,2883,666,2235,527,2429,633
091_09,HP_091,9,091_09.png,091_09.png,-7.6414,-11.3144,-4.3886,11.3214,-5.0543,52.4932,-11.0,0.0,0.0,2764.45825,610.2616,2314.0498,577.7529,2765.7,609.518433,2318.936,577.6953,2682,557,2883,666,2235,527,2428,634
091_10,HP_091,10,091_10.png,091_10.png,-7.6414,-11.3144,-4.3886,11.3214,-5.0543,52.4932,-11.0,5.5,0.0,2764.99048,620.008057,2314.54614,587.235352,2766.14575,617.692261,2319.34961,585.65,2682,568,2883,670,2235,539,2428,638
091_11,HP_091,11,091_11.png,091_11.png,-7.6414,-11.3144,-4.3886,11.3214,-5.0543,52.4932,0.0,5.5,0.0,2784.50244,620.8983,2333.57642,587.918457,2782.50562,618.435669,2335.31763,586.2195,2682,568,2883,671,2235,538,2428,637
091_12,HP_091,12,091_12.png,091_12.png,-7.6414,-11.3144,-4.3886,11.3214,-5.0543,52.4932,11.0,5.5,0.0,2805.979,621.284546,2354.58447,588.061646,2800.51074,618.7594,2352.93237,586.338,2682,567,2883,670,2235,536,2430,636
091_13,HP_091,13,091_13.png,091_13.png,-7.6414,-11.3144,-4.3886,11.3214,-5.0543,52.4932,11.0,11.0,0.0,2805.00464,631.032,2353.71924,597.6581,2799.7,626.936035,2352.20825,594.386963,2682,579,2882,675,2235,548,2430,640
091_14,HP_091,14,091_14.png,091_14.png,-7.6414,-11.3144,-4.3886,11.3214,-5.0543,52.4932,0.0,11.0,0.0,2784.507,630.4968,2333.58423,597.3251,2782.512,626.4872,2335.32227,594.110352,2682,580,2882,676,2235,550,2428,641
091_15,HP_091,15,091_15.png,091_15.png,-7.6414,-11.3144,-4.3886,11.3214,-5.0543,52.4932,-11.0,11.0,0.0,2765.711,629.039551,2315.23682,596.0348,2766.74878,625.269531,2319.92554,593.033936,2682,580,2882,675,2235,551,2428,643
092_01,HP_092,1,092_01.png,092_01.png,0.057654,-8.1029,5.1785,12.121,0.093641,54.5816,11.0,-11.0,0.0,2812.25439,838.131,2384.77417,877.4685,2807.04346,840.933,2383.23,880.3152,2700,791,2890,904,2272,831,2463,947
092_02,HP_092,2,092_02.png,092_02.png,0.057654,-8.1029,5.1785,12.121,0.093641,54.5816,0.0,-11.0,0.0,2792.44385,838.4828,2365.146,878.041,2790.43433,841.2273,2366.77075,880.7927,2699,790,2890,904,2272,830,2463,947
092_03,HP_092,3,092_03.png,092_03.png,0.057654,-8.1029,5.1785,12.121,0.093641,54.5816,-11.0,-11.0,0.0,2774.47729,839.7339,2347.435,879.5421,2775.36987,842.2732,2351.909,882.0465,2699,791,2890,904,2272,831,2463,947
092_04,HP_092,4,092_04.png,092_04.png,0.057654,-8.1029,5.1785,12.121,0.093641,54.5816,-11.0,-5.5,0.0,2774.32349,848.6572,2347.228,888.240967,2775.24072,849.756836,2351.736,889.3447,2700,797,2890,906,2273,836,2463,948
092_05,HP_092,5,092_05.png,092_05.png,0.057654,-8.1029,5.1785,12.121,0.093641,54.5816,0.0,-5.5,0.0,2792.443,848.0709,2365.12744,887.424561,2790.43359,849.2665,2366.75586,888.662231,2700,797,2890,907,2273,836,2463,949
092_06,HP_092,6,092_06.png,092_06.png,0.057654,-8.1029,5.1785,12.121,0.093641,54.5816,11.0,-5.5,0.0,2812.47266,847.9541,2385.00732,887.0857,2807.22534,849.1688,2383.42529,888.3793,2700,798,2890,907,2273,837,2463,949
092_07,HP_092,7,092_07.png,092_07.png,0.057654,-8.1029,5.1785,12.121,0.093641,54.5816,11.0,0.0,0.0,2812.38086,857.994751,2384.951,896.953369,2807.149,857.586548,2383.37817,896.652832,2701,809,2890,911,2273,845,2463,951
092_08,HP_092,8,092_08.png,092_08.png,0.057654,-8.1029,5.1785,12.121,0.093641,54.5816,0.0,0.0,0.0,2792.43945,857.8572,2365.1123,897.044067,2790.43066,857.4713,2366.743,896.729,2701,807,2890,910,2273,844,2463,951
092_09,HP_092,9,092_09.png,092_09.png,0.057654,-8.1029,5.1785,12.121,0.093641,54.5816,-11.0,0.0,0.0,2774.38428,857.7344,2347.24854,897.1273,2775.29175,857.3689,2351.75317,896.799561,2701,805,2890,909,2273,843,2463,951
092_10,HP_092,10,092_10.png,092_10.png,0.057654,-8.1029,5.1785,12.121,0.093641,54.5816,-11.0,5.5,0.0,2774.65479,866.641357,2347.494,905.866333,2775.51855,864.8391,2351.95752,904.1316,2701,816,2890,913,2273,852,2463,954
092_11,HP_092,11,092_11.png,092_11.png,0.057654,-8.1029,5.1785,12.121,0.093641,54.5816,0.0,5.5,0.0,2792.433,867.428467,2365.10034,906.4857,2790.42627,865.4968,2366.73218,904.647461,2701,819,2889,914,2273,854,2463,955
092_12,HP_092,12,092_12.png,092_12.png,0.057654,-8.1029,5.1785,12.121,0.093641,54.5816,11.0,5.5,0.0,2811.98755,867.7965,2384.60913,906.635742,2806.82178,865.8052,2383.092,904.7717,2701,822,2889,916,2273,856,2464,954
092_13,HP_092,13,092_13.png,092_13.png,0.057654,-8.1029,5.1785,12.121,0.093641,54.5816,11.0,11.0,0.0,2811.34,876.958,2384.02026,915.739746,2806.283,873.4895,2382.59937,912.407959,2701,836,2889,921,2274,867,2464,958
092_14,HP_092,14,092_14.png,092_14.png,0.057654,-8.1029,5.1785,12.121,0.093641,54.5816,0.0,11.0,0.0,2792.42383,876.418335,2365.09155,915.3762,2790.42017,873.0371,2366.72388,912.105957,2701,832,2889,919,2274,865,2464,959
092_15,HP_092,15,092_15.png,092_15.png,0.057654,-8.1029,5.1785,12.121,0.093641,54.5816,-11.0,11.0,0.0,2775.10986,875.085449,2347.938,914.152466,2775.89941,871.922852,2352.32764,911.0852,2701,827,2889,917,2273,862,2464,958
093_01,HP_093,1,093_01.png,093_01.png,-4.084,-10.1403,3.7846,5.8149,3.8143,53.6753,11.0,-11.0,0.0,2410.32,1127.42249,1980.4823,1145.93176,2405.04956,1130.16528,1978.95947,1148.83057,2287,1087,2486,1205,1865,1108,2051,1225
093_02,HP_093,2,093_02.png,093_02.png,-4.084,-10.1403,3.7846,5.8149,3.8143,53.6753,0.0,-11.0,0.0,2389.876,1127.30481,1960.80688,1145.64258,2387.907,1130.06848,1962.46191,1148.58777,2287,1086,2486,1205,1865,1107,2050,1225
093_03,HP_093,3,093_03.png,093_03.png,-4.084,-10.1403,3.7846,5.8149,3.8143,53.6753,-11.0,-11.0,0.0,2370.168,1128.3396,1941.90747,1146.46619,2371.38428,1130.9342,1946.60779,1149.27417,2287,1086,2486,1205,1865,1107,2050,1225
093_04,HP_093,4,093_04.png,093_04.png,-4.084,-10.1403,3.7846,5.8149,3.8143,53.6753,-11.0,-5.5,0.0,2369.79517,1137.87292,1941.46338,1155.71094,2371.072,1138.928,1946.23767,1157.02881,2287,1090,2486,1206,1865,1110,2050,1226
093_05,HP_093,5,093_05.png,093_05.png,-4.084,-10.1403,3.7846,5.8149,3.8143,53.6753,0.0,-5.5,0.0,2389.9126,1137.27051,1960.80591,1155.32886,2387.93652,1138.42358,1962.46191,1156.71045,2287,1090,2486,1206,1865,1110,2050,1226
093_06,HP_093,6,093_06.png,093_06.png,-4.084,-10.1403,3.7846,5.8149,3.8143,53.6753,11.0,-5.5,0.0,2410.83887,1137.27832,1980.95691,1155.54541,2405.482,1138.42944,1979.35681,1156.89221,2287,1091,2486,1206,1865,1111,2051,1226
093_07,HP_093,7,093_07.png,093_07.png,-4.084,-10.1403,3.7846,5.8149,3.8143,53.6753,11.0,0.0,0.0,2411.045,1147.61292,1981.15674,1165.63379,2405.654,1147.09375,1979.52393,1165.3501,2288,1098,2486,1209,1866,1117,2051,1228
093_08,HP_093,8,093_08.png,093_08.png,-4.084,-10.1403,3.7846,5.8149,3.8143,53.6753,0.0,0.0,0.0,2389.94556,1147.718,1960.80786,1165.51685,2387.964,1147.1814,1962.46375,1165.2522,2288,1097,2486,1208,1866,1115,2050,1228
093_09,HP_093,9,093_09.png,093_09.png,-4.084,-10.1403,3.7846,5.8149,3.8143,53.6753,-11.0,0.0,0.0,2369.68237,1147.80969,1941.28027,1165.3999,2370.97754,1147.25867,1946.085,1165.15442,2288,1096,2486,1208,1866,1115,2050,1227
093_10,HP_093,10,093_10.png,093_10.png,-4.084,-10.1403,3.7846,5.8149,3.8143,53.6753,-11.0,5.5,0.0,2369.84839,1157.74768,1941.38257,1175.13257,2371.1167,1155.59082,1946.17017,1173.31689,2289,1105,2486,1211,1866,1122,2050,1230
093_11,HP_093,11,093_11.png,093_11.png,-4.084,-10.1403,3.7846,5.8149,3.8143,53.6753,0.0,5.5,0.0,2389.974,1158.17078,1960.81238,1175.75439,2387.98853,1155.94385,1962.46741,1173.83545,2289,1107,2486,1212,1866,1123,2050,1230
093_12,HP_093,12,093_12.png,093_12.png,-4.084,-10.1403,3.7846,5.8149,3.8143,53.6753,11.0,5.5,0.0,2410.91016,1157.9519,1981.05469,1175.76611,2405.54224,1155.76184,1979.4386,1173.84509,2289,1108,2486,1212,1866,1125,2052,1230
093_13,HP_093,13,093_13.png,093_13.png,-4.084,-10.1403,3.7846,5.8149,3.8143,53.6753,11.0,11.0,0.0,2410.45264,1167.8125,1980.6626,1185.49768,2405.16162,1164.03125,1979.11084,1182.00562,2289,1120,2485,1216,1866,1135,2052,1233
093_14,HP_093,14,093_14.png,093_14.png,-4.084,-10.1403,3.7846,5.8149,3.8143,53.6753,0.0,11.0,0.0,2389.99756,1168.144,1960.8197,1185.572,2388.00928,1164.30652,1962.4729,1182.06836,2289,1118,2485,1216,1866,1133,2050,1233
093_15,HP_093,15,093_15.png,093_15.png,-4.084,-10.1403,3.7846,5.8149,3.8143,53.6753,-11.0,11.0,0.0,2370.27979,1167.27856,1941.75916,1184.49536,2371.47754,1163.5835,1946.48389,1181.17065,2289,1116,2485,1215,1866,1132,2050,1234
094_01,HP_094,1,094_01.png,094_01.png,11.6155,-10.6936,-1.2241,11.3205,10.3053,56.4772,11.0,-11.0,0.0,2709.29077,1358.063,2307.05762,1354.66528,2704.727,1360.207,2305.92529,1357.21216,2600,1311,2785,1418,2200,1309,2380,1416
094_02,HP_094,2,094_02.png,094_02.png,11.6155,-10.6936,-1.2241,11.3205,10.3053,56.4772,0.0,-11.0,0.0,2692.402,1358.15759,2290.49976,1355.0835,2690.562,1360.28638,2292.035,1357.56128,2600,1311,2785,1419,2200,1309,2380,1416
094_03,HP_094,3,094_03.png,094_03.png,11.6155,-10.6936,-1.2241,11.3205,10.3053,56.4772,-11.0,-11.0,0.0,2676.717,1358.94214,2275.23779,1356.17725,2677.40576,1360.94263,2279.22461,1358.47534,2600,1311,2785,1419,2200,1310,2380,1417
094_04,HP_094,4,094_04.png,094_04.png,11.6155,-10.6936,-1.2241,11.3205,10.3053,56.4772,-11.0,-5.5,0.0,2676.36279,1366.5835,2274.839,1363.59277,2677.109,1367.35315,2278.89185,1364.69885,2600,1317,2785,1421,2200,1316,2380,1419
094_05,HP_094,5,094_05.png,094_05.png,11.6155,-10.6936,-1.2241,11.3205,10.3053,56.4772,0.0,-5.5,0.0,2692.41724,1366.23389,2290.492,1362.95007,2690.57373,1367.06079,2292.029,1364.16162,2600,1318,2785,1421,2200,1315,2380,1419
094_06,HP_094,6,094_06.png,094_06.png,11.6155,-10.6936,-1.2241,11.3205,10.3053,56.4772,11.0,-5.5,0.0,2709.78418,1366.26318,2307.5376,1362.67017,2705.13843,1367.08545,2306.32739,1363.92773,2600,1317,2785,1421,2200,1315,2380,1418
094_07,HP_094,7,094_07.png,094_07.png,11.6155,-10.6936,-1.2241,11.3205,10.3053,56.4772,11.0,0.0,0.0,2710.07666,1374.93848,2307.834,1371.162,2705.38232,1374.36072,2306.5752,1371.05,2600,1326,2784,1425,2200,1322,2381,1421
094_08,HP_094,8,094_08.png,094_08.png,11.6155,-10.6936,-1.2241,11.3205,10.3053,56.4772,0.0,0.0,0.0,2692.43066,1374.75659,2290.48584,1371.28333,2690.58447,1374.20825,2292.02441,1371.152,2600,1326,2784,1425,2200,1322,2380,1421
094_09,HP_094,9,094_09.png,094_09.png,11.6155,-10.6936,-1.2241,11.3205,10.3053,56.4772,-11.0,0.0,0.0,2676.16113,1374.592,2274.59521,1371.39771,2676.9397,1374.07068,2278.68823,1371.24817,2600,1325,2784,1424,2200,1323,2380,1422
094_10,HP_094,10,094_10.png,094_10.png,11.6155,-10.6936,-1.2241,11.3205,10.3053,56.4772,-11.0,5.5,0.0,2676.13281,1382.72607,2274.52979,1379.35046,2676.91626,1380.89331,2278.63354,1377.92114,2600,1335,2784,1428,2201,1332,2380,1426
094_11,HP_094,11,094_11.png,094_11.png,11.6155,-10.6936,-1.2241,11.3205,10.3053,56.4772,0.0,5.5,0.0,2692.44214,1383.43188,2290.48145,1379.79858,2690.594,1381.4834,2292.021,1378.29443,2600,1337,2784,1429,2201,1332,2380,1425
094_12,HP_094,12,094_12.png,094_12.png,11.6155,-10.6936,-1.2241,11.3205,10.3053,56.4772,11.0,5.5,0.0,2710.134,1383.77271,2307.914,1379.84644,2705.43042,1381.769,2306.64233,1378.33362,2600,1337,2784,1429,2201,1332,2381,1424
094_13,HP_094,13,094_13.png,094_13.png,11.6155,-10.6936,-1.2241,11.3205,10.3053,56.4772,11.0,11.0,0.0,2709.94751,1392.408,2307.76782,1388.38672,2705.27539,1389.01172,2306.51978,1385.49658,2599,1348,2784,1433,2201,1344,2381,1428
094_14,HP_094,14,094_14.png,094_14.png,11.6155,-10.6936,-1.2241,11.3205,10.3053,56.4772,0.0,11.0,0.0,2692.451,1391.92908,2290.47925,1388.17041,2690.602,1388.61011,2292.0188,1385.31738,2599,1348,2784,1434,2201,1345,2380,1430
094_15,HP_094,15,094_15.png,094_15.png,11.6155,-10.6936,-1.2241,11.3205,10.3053,56.4772,-11.0,11.0,0.0,2676.2832,1390.718,2274.64966,1387.17969,2677.04224,1387.59766,2278.73364,1384.49072,2599,1347,2784,1432,2201,1344,2380,1430
095_01,HP_095,1,095_01.png,095_01.png,17.4384,-18.8372,4.2241,10.3577,14.1114,54.5097,11.0,-11.0,0.0,2548.65527,1542.81348,2151.368,1585.15662,2543.91748,1545.17334,2150.24878,1587.56738,2426,1497,2622,1605,2043,1541,2215,1651
095_02,HP_095,2,095_02.png,095_02.png,17.4384,-18.8372,4.2241,10.3577,14.1114,54.5097,0.0,-11.0,0.0,2531.131,1542.66357,2134.921,1585.38757,2529.21875,1545.04858,2136.451,1587.76,2426,1495,2622,1605,2043,1538,2213,1650
095_03,HP_095,3,095_03.png,095_03.png,17.4384,-18.8372,4.2241,10.3577,14.1114,54.5097,-11.0,-11.0,0.0,2514.46777,1543.30969,2119.40527,1586.32227,2515.24243,1545.58887,2123.429,1588.5415,2426,1495,2622,1604,2043,1538,2213,1650
095_04,HP_095,4,095_04.png,095_04.png,17.4384,-18.8372,4.2241,10.3577,14.1114,54.5097,-11.0,-5.5,0.0,2513.97266,1551.218,2118.89673,1593.91357,2514.82764,1552.22314,2123.005,1594.91235,2427,1501,2622,1607,2044,1543,2213,1652
095_05,HP_095,5,095_05.png,095_05.png,17.4384,-18.8372,4.2241,10.3577,14.1114,54.5097,0.0,-5.5,0.0,2531.172,1550.93311,2134.92969,1593.3457,2529.252,1551.98486,2136.45947,1594.43726,2427,1502,2622,1607,2044,1544,2214,1652
095_06,HP_095,6,095_06.png,095_06.png,17.4384,-18.8372,4.2241,10.3577,14.1114,54.5097,11.0,-5.5,0.0,2549.34033,1551.09668,2151.97827,1593.16455,2544.48853,1552.12183,2150.75977,1594.28589,2427,1505,2622,1607,2044,1546,2216,1652
095_07,HP_095,7,095_07.png,095_07.png,17.4384,-18.8372,4.2241,10.3577,14.1114,54.5097,11.0,0.0,0.0,2549.83472,1560.00549,2152.42969,1601.78125,2544.901,1559.59277,2151.1377,1601.513,2428,1515,2622,1611,2044,1554,2216,1655
095_08,HP_095,8,095_08.png,095_08.png,17.4384,-18.8372,4.2241,10.3577,14.1114,54.5097,0.0,0.0,0.0,2531.21045,1559.81665,2134.94165,1601.90869,2529.28271,1559.43433,2136.47021,1601.62012,2428,1512,2622,1611,2044,1552,2214,1654
095_09,HP_095,9,095_09.png,095_09.png,17.4384,-18.8372,4.2241,10.3577,14.1114,54.5097,-11.0,0.0,0.0,2513.63232,1559.64746,2118.53613,1602.02808,2514.54272,1559.29272,2122.704,1601.72046,2428,1510,2622,1610,2044,1550,2214,1654
095_10,HP_095,10,095_10.png,095_10.png,17.4384,-18.8372,4.2241,10.3577,14.1114,54.5097,-11.0,5.5,0.0,2513.48145,1568.34607,2118.36,1610.4281,2514.41626,1566.5874,2122.55737,1608.76782,2428,1522,2622,1614,2045,1560,2214,1657
095_11,HP_095,11,095_11.png,095_11.png,17.4384,-18.8372,4.2241,10.3577,14.1114,54.5097,0.0,5.5,0.0,2531.24438,1569.01831,2134.95654,1610.8092,2529.311,1567.14954,2136.48364,1609.08472,2429,1526,2622,1616,2045,1562,2214,1657
095_12,HP_095,12,095_12.png,095_12.png,17.4384,-18.8372,4.2241,10.3577,14.1114,54.5097,11.0,5.5,0.0,2550.086,1569.23474,2152.67651,1610.739,2545.1106,1567.33154,2151.34448,1609.02515,2429,1528,2622,1615,2045,1564,2217,1657
095_13,HP_095,13,095_13.png,095_13.png,17.4384,-18.8372,4.2241,10.3577,14.1114,54.5097,11.0,11.0,0.0,2550.06519,1578.40186,2152.69141,1619.69751,2545.09375,1575.0188,2151.357,1616.538,2429,1538,2622,1620,2046,1573,2217,1661
095_14,HP_095,14,095_14.png,095_14.png,17.4384,-18.8372,4.2241,10.3577,14.1114,54.5097,0.0,11.0,0.0,2531.273,1578.16943,2134.97534,1619.70483,2529.33472,1574.82288,2136.499,1616.54565,2429,1537,2622,1620,2046,1572,2215,1661
095_15,HP_095,15,095_15.png,095_15.png,17.4384,-18.8372,4.2241,10.3577,14.1114,54.5097,-11.0,11.0,0.0,2513.538,1577.00781,2118.39063,1618.81824,2514.46387,1573.85156,2122.58276,1615.80664,2429,1535,2622,1619,2045,1570,2214,1661
096_01,HP_096,1,096_01.png,096_01.png,-19.9277,-21.7963,7.6941,15.4959,-8.1429,54.4576,11.0,-11.0,0.0,2912.49561,556.7197,2477.75122,580.7512,2907.111,559.561646,2476.226,583.572144,2786,522,2990,641,2364,548,2547,665
096_02,HP_096,2,096_02.png,096_02.png,-19.9277,-21.7963,7.6941,15.4959,-8.1429,54.4576,0.0,-11.0,0.0,2891.574,557.646362,2458.20215,581.1642,2889.57373,560.3373,2459.833,583.9154,2786,521,2990,641,2364,546,2546,664
096_03,HP_096,3,096_03.png,096_03.png,-19.9277,-21.7963,7.6941,15.4959,-8.1429,54.4576,-11.0,-11.0,0.0,2872.9397,559.4331,2440.84521,582.4745,2873.9502,561.8314,2445.26636,585.0088,2786,521,2990,641,2364,546,2546,664
096_04,HP_096,4,096_04.png,096_04.png,-19.9277,-21.7963,7.6941,15.4959,-8.1429,54.4576,-11.0,-5.5,0.0,2873.02075,568.613159,2440.84521,591.1669,2874.018,569.529663,2445.26636,592.301758,2786,524,2990,642,2364,549,2546,665
096_05,HP_096,5,096_05.png,096_05.png,-19.9277,-21.7963,7.6941,15.4959,-8.1429,54.4576,0.0,-5.5,0.0,2891.61621,567.616455,2458.20532,590.619751,2889.60938,568.695557,2459.83545,591.845337,2786,524,2990,642,2364,550,2546,665
096_06,HP_096,6,096_06.png,096_06.png,-19.9277,-21.7963,7.6941,15.4959,-8.1429,54.4576,11.0,-5.5,0.0,2912.49878,567.0271,2477.74756,590.5314,2907.11426,568.202,2476.22314,591.7728,2786,525,2989,642,2364,551,2548,665
096_07,HP_096,7,096_07.png,096_07.png,-19.9277,-21.7963,7.6941,15.4959,-8.1429,54.4576,11.0,0.0,0.0,2912.17432,577.300659,2477.462,600.3021,2906.84473,576.814453,2475.98413,599.965454,2787,530,2989,644,2364,555,2547,666
096_08,HP_096,8,096_08.png,096_08.png,-19.9277,-21.7963,7.6941,15.4959,-8.1429,54.4576,0.0,0.0,0.0,2891.65332,577.5482,2458.211,600.073364,2889.64136,577.0222,2459.8396,599.7739,2787,529,2989,643,2364,553,2546,666
096_09,HP_096,9,096_09.png,096_09.png,-19.9277,-21.7963,7.6941,15.4959,-8.1429,54.4576,-11.0,0.0,0.0,2873.315,577.7545,2441.05786,599.8624,2874.26416,577.1959,2445.44385,599.597534,2787,528,2989,643,2364,552,2546,666
096_10,HP_096,10,096_10.png,096_10.png,-19.9277,-21.7963,7.6941,15.4959,-8.1429,54.4576,-11.0,5.5,0.0,2873.79834,586.5448,2441.46216,608.255249,2874.66943,584.569336,2445.781,606.6404,2787,534,2989,645,2364,557,2546,667
096_11,HP_096,11,096_11.png,096_11.png,-19.9277,-21.7963,7.6941,15.4959,-8.1429,54.4576,0.0,5.5,0.0,2891.68457,587.036865,2458.21851,609.144653,2889.669,584.979248,2459.84473,607.3832,2787,536,2989,645,2364,558,2546,668
096_12,HP_096,12,096_12.png,096_12.png,-19.9277,-21.7963,7.6941,15.4959,-8.1429,54.4576,11.0,5.5,0.0,2911.56567,587.083252,2476.92822,609.6538,2906.33862,585.017334,2475.53735,607.8085,2787,538,2989,646,2364,560,2547,668
096_13,HP_096,13,096_13.png,096_13.png,-19.9277,-21.7963,7.6941,15.4959,-8.1429,54.4576,11.0,11.0,0.0,2910.745,596.0316,2476.20435,618.270264,2905.65527,592.5242,2474.932,615.037842,2787,547,2989,649,2365,567,2548,670
096_14,HP_096,14,096_14.png,096_14.png,-19.9277,-21.7963,7.6941,15.4959,-8.1429,54.4576,0.0,11.0,0.0,2891.71045,595.7715,2458.22754,617.535156,2889.69238,592.306763,2459.85132,614.42395,2787,544,2989,649,2365,565,2546,670
096_15,HP_096,15,096_15.png,096_15.png,-19.9277,-21.7963,7.6941,15.4959,-8.1429,54.4576,-11.0,11.0,0.0,2874.43237,594.7344,2442.02,616.0979,2875.20068,591.4407,2446.246,613.2234,2787,542,2989,647,2364,563,2546,669
097_01,HP_097,1,097_01.png,097_01.png,-6.3278,-31.3159,5.7937,19.6913,-3.1107,52.5662,11.0,-11.0,0.0,3095.7373,713.3506,2652.63013,750.5271,3090.04468,716.3718,2651.11816,753.423,2958,672,3173,789,2537,711,2715,826
097_02,HP_097,2,097_02.png,097_02.png,-6.3278,-31.3159,5.7937,19.6913,-3.1107,52.5662,0.0,-11.0,0.0,3073.782,714.3534,2632.951,751.416,3071.644,717.2102,2634.61475,754.164551,2958,670,3173,789,2537,709,2714,826
097_03,HP_097,3,097_03.png,097_03.png,-6.3278,-31.3159,5.7937,19.6913,-3.1107,52.5662,-11.0,-11.0,0.0,3054.72729,716.1908,2615.87939,753.0802,3055.66943,718.74585,2620.28638,755.554565,2958,670,3173,789,2537,709,2714,825
097_04,HP_097,4,097_04.png,097_04.png,-6.3278,-31.3159,5.7937,19.6913,-3.1107,52.5662,-11.0,-5.5,0.0,3054.71338,725.4769,2615.78833,761.661133,3055.65771,726.532959,2620.21021,762.755,2958,675,3173,791,2537,713,2714,827
097_05,HP_097,5,097_05.png,097_05.png,-6.3278,-31.3159,5.7937,19.6913,-3.1107,52.5662,0.0,-5.5,0.0,3073.85327,724.5371,2632.96484,760.830933,3071.704,725.746948,2634.62671,762.0613,2958,675,3173,791,2537,713,2714,827
097_06,HP_097,6,097_06.png,097_06.png,-6.3278,-31.3159,5.7937,19.6913,-3.1107,52.5662,11.0,-5.5,0.0,3095.95044,724.017334,2652.79517,760.3978,3090.22241,725.312256,2651.25635,761.699951,2958,678,3173,791,2537,716,2716,827
097_07,HP_097,7,097_07.png,097_07.png,-6.3278,-31.3159,5.7937,19.6913,-3.1107,52.5662,11.0,0.0,0.0,3095.79272,734.817261,2652.66357,770.417236,3090.09253,734.364136,2651.14624,770.100952,2959,687,3173,794,2537,722,2717,829
097_08,HP_097,8,097_08.png,097_08.png,-6.3278,-31.3159,5.7937,19.6913,-3.1107,52.5662,0.0,0.0,0.0,3073.91724,734.8314,2632.982,770.379639,3071.758,734.376343,2634.64063,770.070068,2959,684,3173,794,2537,720,2715,829
097_09,HP_097,9,097_09.png,097_09.png,-6.3278,-31.3159,5.7937,19.6913,-3.1107,52.5662,-11.0,0.0,0.0,3054.91846,734.840332,2615.90527,770.345459,3055.82983,734.384766,2620.30737,770.042,2959,682,3173,794,2537,718,2714,829
097_10,HP_097,10,097_10.png,097_10.png,-6.3278,-31.3159,5.7937,19.6913,-3.1107,52.5662,-11.0,5.5,0.0,3055.32935,743.953,2616.21973,778.828369,3056.17358,742.0272,2620.56982,777.160767,2959,692,3173,797,2537,726,2715,831
097_11,HP_097,11,097_11.png,097_11.png,-6.3278,-31.3159,5.7937,19.6913,-3.1107,52.5662,0.0,5.5,0.0,3073.972,744.794067,2633.0022,779.6681,3071.80518,742.7294,2634.65674,777.8613,2960,695,3173,798,2537,728,2715,831
097_12,HP_097,12,097_12.png,097_12.png,-6.3278,-31.3159,5.7937,19.6913,-3.1107,52.5662,11.0,5.5,0.0,3095.29126,745.228638,2652.253,780.1415,3089.67554,743.0924,2650.80273,778.255859,2960,698,3173,798,2538,731,2717,832
097_13,HP_097,13,097_13.png,097_13.png,-6.3278,-31.3159,5.7937,19.6913,-3.1107,52.5662,11.0,11.0,0.0,3094.51538,754.827,2651.61279,789.1958,3089.03052,751.141968,2650.267,785.8518,2960,712,3173,802,2538,741,2718,835
097_14,HP_097,14,097_14.png,097_14.png,-6.3278,-31.3159,5.7937,19.6913,-3.1107,52.5662,0.0,11.0,0.0,3074.018,754.0564,2633.02417,788.3594,3071.84546,750.4977,2634.674,785.154053,2960,708,3173,802,2538,738,2716,834
097_15,HP_097,15,097_15.png,097_15.png,-6.3278,-31.3159,5.7937,19.6913,-3.1107,52.5662,-11.0,11.0,0.0,3055.913,752.5315,2616.70313,786.8435,3056.66284,749.2239,2620.97314,783.88855,2960,703,3173,801,2538,735,2715,834
098_01,HP_098,1,098_01.png,098_01.png,-4.6447,-24.4092,-7.0258,17.6233,5.0772,54.9389,11.0,-11.0,0.0,3015.68042,1213.6322,2592.941,1145.68909,3010.71,1215.79053,2591.678,1148.65369,2889,1168,3091,1289,2481,1106,2661,1218
098_02,HP_098,2,098_02.png,098_02.png,-4.6447,-24.4092,-7.0258,17.6233,5.0772,54.9389,0.0,-11.0,0.0,2996.42163,1214.377,2575.10376,1146.345,2994.56348,1216.4137,2576.71533,1149.20044,2889,1168,3091,1289,2481,1106,2659,1219
098_03,HP_098,3,098_03.png,098_03.png,-4.6447,-24.4092,-7.0258,17.6233,5.0772,54.9389,-11.0,-11.0,0.0,2979.36987,1215.80286,2559.36182,1147.67,2980.264,1217.60693,2563.50073,1150.30676,2889,1169,3091,1289,2481,1106,2659,1219
098_04,HP_098,4,098_04.png,098_04.png,-4.6447,-24.4092,-7.0258,17.6233,5.0772,54.9389,-11.0,-5.5,0.0,2979.13574,1224.0708,2559.04346,1155.4325,2980.068,1224.542,2563.23535,1156.82178,2889,1173,3091,1290,2481,1110,2659,1220
098_05,HP_098,5,098_05.png,098_05.png,-4.6447,-24.4092,-7.0258,17.6233,5.0772,54.9389,0.0,-5.5,0.0,2996.49219,1223.31226,2575.098,1154.75757,2994.622,1223.90674,2576.71118,1156.25854,2889,1172,3091,1290,2481,1109,2659,1219
098_06,HP_098,6,098_06.png,098_06.png,-4.6447,-24.4092,-7.0258,17.6233,5.0772,54.9389,11.0,-5.5,0.0,3016.21,1222.90942,2593.371,1154.44067,3011.15161,1223.56934,2592.038,1155.99487,2889,1171,3091,1289,2481,1108,2661,1219
098_07,HP_098,7,098_07.png,098_07.png,-4.6447,-24.4092,-7.0258,17.6233,5.0772,54.9389,11.0,0.0,0.0,3016.46948,1232.633,2593.56787,1163.62939,3011.36865,1231.721,2592.20264,1163.70093,2889,1176,3091,1291,2481,1113,2661,1221
098_08,HP_098,8,098_08.png,098_08.png,-4.6447,-24.4092,-7.0258,17.6233,5.0772,54.9389,0.0,0.0,0.0,2996.56079,1232.635,2575.094,1163.56567,2994.67944,1231.72339,2576.7085,1163.64734,2889,1178,3091,1291,2481,1114,2658,1221
098_09,HP_098,9,098_09.png,098_09.png,-4.6447,-24.4092,-7.0258,17.6233,5.0772,54.9389,-11.0,0.0,0.0,2979.07983,1232.63208,2558.89624,1163.50928,2980.02124,1231.72241,2563.11255,1163.59985,2889,1179,3091,1292,2481,1115,2658,1222
098_10,HP_098,10,098_10.png,098_10.png,-4.6447,-24.4092,-7.0258,17.6233,5.0772,54.9389,-11.0,5.5,0.0,2979.21484,1241.21191,2558.93457,1171.63831,2980.13428,1238.9187,2563.14478,1170.42139,2889,1187,3091,1294,2481,1123,2657,1225
098_11,HP_098,11,098_11.png,098_11.png,-4.6447,-24.4092,-7.0258,17.6233,5.0772,54.9389,0.0,5.5,0.0,2996.62622,1241.98657,2575.09229,1172.439,2994.73438,1239.5647,2576.70679,1171.09033,2889,1186,3091,1294,2481,1121,2657,1224
098_12,HP_098,12,098_12.png,098_12.png,-4.6447,-24.4092,-7.0258,17.6233,5.0772,54.9389,11.0,5.5,0.0,3016.428,1242.389,2593.5083,1172.88916,3011.335,1239.90051,2592.15283,1171.46631,2889,1184,3091,1294,2481,1119,2660,1222
098_13,HP_098,13,098_13.png,098_13.png,-4.6447,-24.4092,-7.0258,17.6233,5.0772,54.9389,11.0,11.0,0.0,3016.09351,1251.74487,2593.2,1181.83777,3011.05737,1247.74658,2591.89453,1178.97192,2889,1193,3090,1298,2481,1128,2659,1225
098_14,HP_098,14,098_14.png,098_14.png,-4.6447,-24.4092,-7.0258,17.6233,5.0772,54.9389,0.0,11.0,0.0,2996.68677,1250.99414,2575.09326,1181.03247,2994.78613,1247.11938,2576.70728,1178.2998,2889,1195,3090,1297,2481,1130,2656,1227
098_15,HP_098,15,098_15.png,098_15.png,-4.6447,-24.4092,-7.0258,17.6233,5.0772,54.9389,-11.0,11.0,0.0,2979.5354,1249.52637,2559.15381,1179.548,2980.40259,1245.89355,2563.32764,1177.05957,2889,1196,3090,1297,2481,1132,2656,1228
099_01,HP_099,1,099_01.png,099_01.png,11.3597,-30.4956,3.021,20.4234,11.7052,55.3476,11.0,-11.0,0.0,3042.56836,1459.60791,2640.4707,1486.57593,3037.80762,1461.86755,2639.4585,1488.9021,2916,1416,3118,1525,2534,1445,2703,1552
099_02,HP_099,2,099_02.png,099_02.png,11.3597,-30.4956,3.021,20.4234,11.7052,55.3476,0.0,-11.0,0.0,3025.306,1460.14575,2624.74658,1487.25244,3023.33081,1462.31763,2626.26416,1489.46716,2916,1414,3118,1525,2534,1443,2701,1552
099_03,HP_099,3,099_03.png,099_03.png,11.3597,-30.4956,3.021,20.4234,11.7052,55.3476,-11.0,-11.0,0.0,3009.871,1461.24219,2610.78271,1488.4165,3010.38428,1463.23486,2614.54,1490.44067,2916,1414,3118,1525,2534,1443,2701,1552
099_04,HP_099,4,099_04.png,099_04.png,11.3597,-30.4956,3.021,20.4234,11.7052,55.3476,-11.0,-5.5,0.0,3009.5293,1468.60156,2610.429,1495.30322,3010.098,1469.40942,2614.24438,1496.22192,2917,1419,3118,1527,2534,1447,2701,1554
099_05,HP_099,5,099_05.png,099_05.png,11.3597,-30.4956,3.021,20.4234,11.7052,55.3476,0.0,-5.5,0.0,3025.35449,1468.03442,2624.75781,1494.659,3023.37061,1468.93469,2626.27466,1495.68311,2917,1420,3118,1527,2534,1448,2702,1554
099_06,HP_099,6,099_06.png,099_06.png,11.3597,-30.4956,3.021,20.4234,11.7052,55.3476,11.0,-5.5,0.0,3043.183,1467.77075,2640.99365,1494.27563,3038.32031,1468.71411,2639.896,1495.36255,2917,1421,3118,1527,2534,1449,2703,1554
099_07,HP_099,7,099_07.png,099_07.png,11.3597,-30.4956,3.021,20.4234,11.7052,55.3476,11.0,0.0,0.0,3043.60449,1476.481,2641.35913,1502.49133,3038.67163,1476.01819,2640.20239,1502.25464,2918,1430,3118,1530,2534,1455,2704,1556
099_08,HP_099,8,099_08.png,099_08.png,11.3597,-30.4956,3.021,20.4234,11.7052,55.3476,0.0,0.0,0.0,3025.4,1476.40356,2624.772,1502.52747,3023.4082,1475.95361,2626.287,1502.2854,2917,1428,3118,1530,2534,1454,2702,1556
099_09,HP_099,9,099_09.png,099_09.png,11.3597,-30.4956,3.021,20.4234,11.7052,55.3476,-11.0,0.0,0.0,3009.319,1476.3374,2610.19751,1502.55859,3009.92163,1475.89868,2614.05151,1502.31177,2917,1427,3118,1530,2534,1453,2702,1555
099_10,HP_099,10,099_10.png,099_10.png,11.3597,-30.4956,3.021,20.4234,11.7052,55.3476,-11.0,5.5,0.0,3009.26,1484.23987,2610.11,1509.99048,3009.87231,1482.52734,2613.97876,1508.54944,2918,1436,3118,1533,2535,1460,2702,1558
099_11,HP_099,11,099_11.png,099_11.png,11.3597,-30.4956,3.021,20.4234,11.7052,55.3476,0.0,5.5,0.0,3025.44067,1484.98767,2624.78931,1510.62231,3023.44214,1483.1521,2626.30176,1509.07666,2918,1438,3118,1534,2535,1462,2703,1558
099_12,HP_099,12,099_12.png,099_12.png,11.3597,-30.4956,3.021,20.4234,11.7052,55.3476,11.0,5.5,0.0,3043.78833,1485.43579,2641.53125,1510.96313,3038.8252,1483.52686,2640.34644,1509.3606,2918,1441,3118,1533,2535,1463,2704,1559
099_13,HP_099,13,099_13.png,099_13.png,11.3597,-30.4956,3.021,20.4234,11.7052,55.3476,11.0,11.0,0.0,3043.71533,1494.27356,2641.492,1519.37585,3038.765,1490.93774,2640.31348,1516.41736,2919,1453,3118,1538,2535,1473,2705,1562
099_14,HP_099,14,099_14.png,099_14.png,11.3597,-30.4956,3.021,20.4234,11.7052,55.3476,0.0,11.0,0.0,3025.47559,1493.47485,2624.80933,1518.66138,3023.47168,1490.2699,2626.31836,1515.82178,2919,1450,3118,1538,2535,1472,2703,1561
099_15,HP_099,15,099_15.png,099_15.png,11.3597,-30.4956,3.021,20.4234,11.7052,55.3476,-11.0,11.0,0.0,3009.36182,1492.06946,2610.17725,1517.37524,3009.95728,1489.09534,2614.03418,1514.74768,2919,1447,3118,1537,2535,1469,2702,1561
100_01,HP_100,1,100_01.png,100_01.png,3.5301,-28.2046,-5.1568,23.3614,12.0928,54.7944,11.0,-11.0,0.0,3325.73242,1560.84766,2888.33667,1507.084,3320.85034,1562.8429,2887.30737,1509.77319,3201,1515,3407,1633,2777,1466,2961,1577
100_02,HP_100,2,100_02.png,100_02.png,3.5301,-28.2046,-5.1568,23.3614,12.0928,54.7944,0.0,-11.0,0.0,3307.89355,1561.7876,2871.83325,1507.96387,3305.89258,1563.62939,2873.459,1510.50793,3201,1515,3407,1633,2777,1466,2959,1577
100_03,HP_100,3,100_03.png,100_03.png,3.5301,-28.2046,-5.1568,23.3614,12.0928,54.7944,-11.0,-11.0,0.0,3292.42114,1563.16357,2857.60449,1509.27588,3292.91431,1564.78137,2861.51,1511.60449,3201,1515,3407,1634,2777,1466,2959,1578
100_04,HP_100,4,100_04.png,100_04.png,3.5301,-28.2046,-5.1568,23.3614,12.0928,54.7944,-11.0,-5.5,0.0,3292.07935,1570.62378,2857.21777,1516.22046,3292.62744,1571.04041,2861.18774,1517.4353,3201,1520,3407,1635,2777,1470,2959,1579
100_05,HP_100,5,100_05.png,100_05.png,3.5301,-28.2046,-5.1568,23.3614,12.0928,54.7944,0.0,-5.5,0.0,3307.94116,1569.87842,2871.82886,1515.52734,3305.93115,1570.416,2873.4563,1516.856,3201,1519,3407,1634,2777,1470,2959,1578
100_06,HP_100,6,100_06.png,100_06.png,3.5301,-28.2046,-5.1568,23.3614,12.0928,54.7944,11.0,-5.5,0.0,3326.40356,1569.36084,2888.915,1515.06787,3321.41016,1569.98242,2887.7915,1516.47266,3201,1518,3407,1634,2777,1469,2961,1578
100_07,HP_100,7,100_07.png,100_07.png,3.5301,-28.2046,-5.1568,23.3614,12.0928,54.7944,11.0,0.0,0.0,3326.88135,1578.48572,2889.3252,1523.63586,3321.80859,1577.63342,2888.13525,1523.66,3201,1523,3407,1636,2778,1473,2960,1580
100_08,HP_100,8,100_08.png,100_08.png,3.5301,-28.2046,-5.1568,23.3614,12.0928,54.7944,0.0,0.0,0.0,3307.988,1578.47534,2871.82617,1523.58936,3305.96973,1577.62549,2873.45483,1523.62109,3201,1525,3407,1636,2778,1475,2958,1581
100_09,HP_100,9,100_09.png,100_09.png,3.5301,-28.2046,-5.1568,23.3614,12.0928,54.7944,-11.0,0.0,0.0,3291.86328,1578.46338,2856.9502,1523.54932,3292.44678,1577.61707,2860.96436,1523.5874,3201,1525,3407,1637,2778,1475,2958,1581
100_10,HP_100,10,100_10.png,100_10.png,3.5301,-28.2046,-5.1568,23.3614,12.0928,54.7944,-11.0,5.5,0.0,3291.79541,1586.48242,2856.82349,1531.07471,3292.38965,1584.34375,2860.8584,1529.904,3201,1533,3406,1639,2778,1483,2958,1583
100_11,HP_100,11,100_11.png,100_11.png,3.5301,-28.2046,-5.1568,23.3614,12.0928,54.7944,0.0,5.5,0.0,3308.03271,1587.31653,2871.8252,1531.91125,3306.007,1585.03955,2873.454,1530.60327,3201,1532,3406,1639,2778,1482,2958,1583
100_12,HP_100,12,100_12.png,100_12.png,3.5301,-28.2046,-5.1568,23.3614,12.0928,54.7944,11.0,5.5,0.0,3327.1145,1587.90955,2889.52515,1532.5116,3322.00317,1585.53418,2888.30249,1531.10449,3201,1531,3406,1639,2778,1480,2960,1582
100_13,HP_100,13,100_13.png,100_13.png,3.5301,-28.2046,-5.1568,23.3614,12.0928,54.7944,11.0,11.0,0.0,3327.07568,1597.24463,2889.4917,1541.35291,3321.97119,1593.36145,2888.27466,1538.52026,3200,1541,3406,1643,2778,1490,2960,1585
100_14,HP_100,14,100_14.png,100_14.png,3.5301,-28.2046,-5.1568,23.3614,12.0928,54.7944,0.0,11.0,0.0,3308.075,1596.08691,2871.82642,1540.20288,3306.04248,1592.39478,2873.45483,1537.56018,3200,1542,3406,1643,2778,1491,2958,1586
100_15,HP_100,15,100_15.png,100_15.png,3.5301,-28.2046,-5.1568,23.3614,12.0928,54.7944,-11.0,11.0,0.0,3291.88477,1594.44739,2856.84839,1538.57617,3292.46484,1591.02563,2860.87915,1536.20068,3200,1542,3406,1643,2778,1492,2958,1586
101_01,HP_101,1,101_01.png,101_01.png,-17.4412,20.7975,-4.0796,-18.6325,-8.8308,59.9441,11.0,-11.0,0.0,1275.04626,558.882446,885.0318,547.668945,1271.17847,560.521362,884.2698,549.8478,1175,519,1347,627,778,510,965,620
101_02,HP_101,2,101_02.png,101_02.png,-17.4412,20.7975,-4.0796,-18.6325,-8.8308,59.9441,0.0,-11.0,0.0,1261.27185,557.8093,870.447266,546.404053,1259.61292,559.624,872.0351,548.7898,1175,519,1347,627,778,509,965,620
101_03,HP_101,3,101_03.png,101_03.png,-17.4412,20.7975,-4.0796,-18.6325,-8.8308,59.9441,-11.0,-11.0,0.0,1245.65515,557.2512,854.0527,545.6306,1246.50977,559.157837,858.2853,548.142334,1175,519,1347,627,778,508,965,620
101_04,HP_101,4,101_04.png,101_04.png,-17.4412,20.7975,-4.0796,-18.6325,-8.8308,59.9441,-11.0,-5.5,0.0,1245.73474,565.074341,854.0886,553.771362,1246.57654,565.7207,858.3151,554.9701,1176,521,1347,628,778,511,965,621
101_05,HP_101,5,101_05.png,101_05.png,-17.4412,20.7975,-4.0796,-18.6325,-8.8308,59.9441,0.0,-5.5,0.0,1261.27393,565.2982,870.4374,554.2213,1259.615,565.907837,872.0266,555.3468,1176,522,1347,628,778,511,965,621
101_06,HP_101,6,101_06.png,101_06.png,-17.4412,20.7975,-4.0796,-18.6325,-8.8308,59.9441,11.0,-5.5,0.0,1274.99341,565.781,884.9847,554.9055,1271.1344,566.312134,884.2303,555.919556,1176,522,1347,628,778,512,965,621
101_07,HP_101,7,101_07.png,101_07.png,-17.4412,20.7975,-4.0796,-18.6325,-8.8308,59.9441,11.0,0.0,0.0,1274.81,572.6251,884.805359,562.1062,1270.98169,572.0574,884.0799,561.96106,1176,526,1347,629,778,516,965,622
101_08,HP_101,8,101_08.png,101_08.png,-17.4412,20.7975,-4.0796,-18.6325,-8.8308,59.9441,0.0,0.0,0.0,1261.27417,572.719,870.429749,561.996948,1259.61584,572.135132,872.019653,561.869263,1176,526,1347,629,778,515,965,622
101_09,HP_101,9,101_09.png,101_09.png,-17.4412,20.7975,-4.0796,-18.6325,-8.8308,59.9441,-11.0,0.0,0.0,1245.98987,572.8196,854.323669,561.869,1246.79016,572.219,858.5109,561.761963,1176,526,1347,629,778,515,965,622
101_10,HP_101,10,101_10.png,101_10.png,-17.4412,20.7975,-4.0796,-18.6325,-8.8308,59.9441,-11.0,5.5,0.0,1246.398,580.232544,854.733337,569.642334,1247.13208,578.4396,858.8524,568.282959,1176,532,1347,631,778,521,965,624
101_11,HP_101,11,101_11.png,101_11.png,-17.4412,20.7975,-4.0796,-18.6325,-8.8308,59.9441,0.0,5.5,0.0,1261.273,579.8418,870.424133,569.4851,1259.6156,578.1134,872.0144,568.151733,1176,531,1347,631,778,521,965,624
101_12,HP_101,12,101_12.png,101_12.png,-17.4412,20.7975,-4.0796,-18.6325,-8.8308,59.9441,11.0,5.5,0.0,1274.51038,579.2285,884.506653,569.076538,1270.73181,577.601563,883.8296,567.8104,1176,531,1347,631,778,520,965,623
101_13,HP_101,13,101_13.png,101_13.png,-17.4412,20.7975,-4.0796,-18.6325,-8.8308,59.9441,11.0,11.0,0.0,1274.11584,585.4402,884.109558,575.657,1270.40259,582.818,883.4967,573.3335,1176,537,1347,634,778,526,965,625
101_14,HP_101,14,101_14.png,101_14.png,-17.4412,20.7975,-4.0796,-18.6325,-8.8308,59.9441,0.0,11.0,0.0,1261.27026,586.4856,870.4208,576.49,1259.6145,583.6914,872.0105,574.03,1176,538,1347,634,778,527,965,626
101_15,HP_101,15,101_15.png,101_15.png,-17.4412,20.7975,-4.0796,-18.6325,-8.8308,59.9441,-11.0,11.0,0.0,1246.92444,587.1166,855.2796,576.8716,1247.57336,584.21814,859.307556,574.349243,1176,539,1347,633,778,529,965,627
102_01,HP_102,1,102_01.png,102_01.png,-11.7082,24.4787,-8.7722,-24.4291,-1.7647,60.4629,11.0,-11.0,0.0,1010.18762,934.066162,615.6673,902.737061,1006.55,935.45166,615.1354,904.8147,909,897,1083,1003,507,867,697,976
102_02,HP_102,2,102_02.png,102_02.png,-11.7082,24.4787,-8.7722,-24.4291,-1.7647,60.4629,0.0,-11.0,0.0,997.5144,933.0144,602.204468,901.4159,995.906433,934.571533,603.8397,903.7092,909,896,1083,1003,507,866,697,976
102_03,HP_102,3,102_03.png,102_03.png,-11.7082,24.4787,-8.7722,-24.4291,-1.7647,60.4629,-11.0,-11.0,0.0,982.802246,932.319946,586.729,900.4094,983.5595,933.9911,590.859863,902.8668,909,896,1083,1003,507,865,697,976
102_04,HP_102,4,102_04.png,102_04.png,-11.7082,24.4787,-8.7722,-24.4291,-1.7647,60.4629,-11.0,-5.5,0.0,982.6932,939.562866,586.555054,908.005859,983.4681,940.0686,590.7146,909.239258,909,898,1083,1004,507,868,696,977
102_05,HP_102,5,102_05.png,102_05.png,-11.7082,24.4787,-8.7722,-24.4291,-1.7647,60.4629,0.0,-5.5,0.0,997.5259,939.8469,602.1999,908.613159,995.9159,940.306152,603.8364,909.7477,909,898,1083,1004,507,868,696,977
102_06,HP_102,6,102_06.png,102_06.png,-11.7082,24.4787,-8.7722,-24.4291,-1.7647,60.4629,11.0,-5.5,0.0,1010.27643,940.320068,615.7667,909.364868,1006.62427,940.702637,615.2188,910.376831,909,899,1083,1004,507,869,696,977
102_07,HP_102,7,102_07.png,102_07.png,-11.7082,24.4787,-8.7722,-24.4291,-1.7647,60.4629,11.0,0.0,0.0,1010.255,946.6526,615.7539,916.0963,1006.60663,946.0194,615.2082,916.025757,909,901,1083,1005,507,872,696,977
102_08,HP_102,8,102_08.png,102_08.png,-11.7082,24.4787,-8.7722,-24.4291,-1.7647,60.4629,0.0,0.0,0.0,997.5357,946.7825,602.1974,915.9492,995.9244,946.1273,603.834,915.9022,909,901,1083,1005,507,871,696,977
102_09,HP_102,9,102_09.png,102_09.png,-11.7082,24.4787,-8.7722,-24.4291,-1.7647,60.4629,-11.0,0.0,0.0,982.7457,946.926147,586.562134,915.7738,983.5121,946.246948,590.720459,915.755,909,901,1083,1005,507,872,696,978
102_10,HP_102,10,102_10.png,102_10.png,-11.7082,24.4787,-8.7722,-24.4291,-1.7647,60.4629,-11.0,5.5,0.0,982.957764,954.1665,586.749939,923.4452,983.689941,952.322632,590.877136,922.190063,909,906,1083,1006,507,877,695,979
102_11,HP_102,11,102_11.png,102_11.png,-11.7082,24.4787,-8.7722,-24.4291,-1.7647,60.4629,0.0,5.5,0.0,997.543945,953.6128,602.19635,923.2023,995.9317,951.8605,603.832947,921.9873,909,905,1083,1006,507,876,695,979
102_12,HP_102,12,102_12.png,102_12.png,-11.7082,24.4787,-8.7722,-24.4291,-1.7647,60.4629,11.0,5.5,0.0,1010.12445,952.9016,615.6292,922.7617,1006.49792,951.2666,615.1037,921.619263,909,905,1083,1006,507,875,696,978
102_13,HP_102,13,102_13.png,102_13.png,-11.7082,24.4787,-8.7722,-24.4291,-1.7647,60.4629,11.0,11.0,0.0,1009.89374,958.915161,615.4018,929.200562,1006.30554,956.3168,614.912659,927.023438,909,909,1083,1008,507,880,695,980
102_14,HP_102,14,102_14.png,102_14.png,-11.7082,24.4787,-8.7722,-24.4291,-1.7647,60.4629,0.0,11.0,0.0,997.5506,960.144531,602.197,930.1638,995.9381,957.3441,603.832764,927.828857,909,911,1082,1009,507,882,695,981
102_15,HP_102,15,102_15.png,102_15.png,-11.7082,24.4787,-8.7722,-24.4291,-1.7647,60.4629,-11.0,11.0,0.0,983.312744,961.0593,587.1,930.77124,983.9873,958.108154,591.168945,928.3367,909,913,1082,1008,507,884,695,982
103_01,HP_103,1,103_01.png,103_01.png,9.1011,24.3935,5.1437,-25.7308,5.8255,62.0192,11.0,-11.0,0.0,954.6583,1101.528,577.054565,1106.02246,951.2672,1102.88452,576.682434,1107.80261,859,1057,1027,1152,474,1060,656,1159
103_02,HP_103,2,103_02.png,103_02.png,9.1011,24.3935,5.1437,-25.7308,5.8255,62.0192,0.0,-11.0,0.0,943.4581,1100.36768,565.1061,1105.16406,941.858948,1101.91248,566.6549,1107.08447,859,1056,1027,1152,474,1059,656,1159
103_03,HP_103,3,103_03.png,103_03.png,9.1011,24.3935,5.1437,-25.7308,5.8255,62.0192,-11.0,-11.0,0.0,930.503052,1099.43787,551.444336,1104.58264,930.983765,1101.13416,555.1932,1106.59814,859,1055,1027,1151,474,1059,656,1159
103_04,HP_103,4,103_04.png,103_04.png,9.1011,24.3935,5.1437,-25.7308,5.8255,62.0192,-11.0,-5.5,0.0,930.3321,1105.82642,551.222,1111.27429,930.8401,1106.49634,555.0078,1112.213,858,1060,1027,1153,474,1064,656,1161
103_05,HP_103,5,103_05.png,103_05.png,9.1011,24.3935,5.1437,-25.7308,5.8255,62.0192,0.0,-5.5,0.0,943.467163,1106.39941,565.099731,1111.50781,941.8663,1106.97632,566.649963,1112.40808,858,1062,1027,1154,474,1065,656,1161
103_06,HP_103,6,103_06.png,103_06.png,9.1011,24.3935,5.1437,-25.7308,5.8255,62.0192,11.0,-5.5,0.0,954.7823,1107.079,577.189758,1111.89368,951.3709,1107.546,576.7957,1112.73083,858,1063,1027,1154,474,1065,656,1161
103_07,HP_103,7,103_07.png,103_07.png,9.1011,24.3935,5.1437,-25.7308,5.8255,62.0192,11.0,0.0,0.0,954.82074,1112.74451,577.2375,1117.90442,951.4032,1112.30371,576.8358,1117.776,858,1069,1027,1157,474,1071,656,1163
103_08,HP_103,8,103_08.png,103_08.png,9.1011,24.3935,5.1437,-25.7308,5.8255,62.0192,0.0,0.0,0.0,943.4753,1112.58154,565.094849,1118.03027,941.873047,1112.16626,566.646057,1117.88147,858,1069,1027,1157,474,1072,656,1164
103_09,HP_103,9,103_09.png,103_09.png,9.1011,24.3935,5.1437,-25.7308,5.8255,62.0192,-11.0,0.0,0.0,930.285156,1112.396,551.137146,1118.17883,930.8011,1112.00989,554.936951,1118.006,858,1068,1027,1156,474,1071,656,1164
103_10,HP_103,10,103_10.png,103_10.png,9.1011,24.3935,5.1437,-25.7308,5.8255,62.0192,-11.0,5.5,0.0,930.3686,1118.955,551.1976,1125.08875,930.8709,1117.51477,554.9873,1123.80334,858,1077,1027,1159,474,1080,656,1168
103_11,HP_103,11,103_11.png,103_11.png,9.1011,24.3935,5.1437,-25.7308,5.8255,62.0192,0.0,5.5,0.0,943.4822,1118.75085,565.0912,1124.55908,941.878967,1117.34534,566.642761,1123.36011,858,1077,1027,1160,474,1080,656,1167
103_12,HP_103,12,103_12.png,103_12.png,9.1011,24.3935,5.1437,-25.7308,5.8255,62.0192,11.0,5.5,0.0,954.7704,1118.39563,577.194336,1123.921,951.36145,1117.04932,576.7995,1122.826,858,1077,1027,1160,474,1079,656,1166
103_13,HP_103,13,103_13.png,103_13.png,9.1011,24.3935,5.1437,-25.7308,5.8255,62.0192,11.0,11.0,0.0,954.634766,1123.904,577.0629,1129.80847,951.2481,1121.6759,576.689331,1127.768,858,1084,1027,1163,474,1087,656,1169
103_14,HP_103,14,103_14.png,103_14.png,9.1011,24.3935,5.1437,-25.7308,5.8255,62.0192,0.0,11.0,0.0,943.4878,1124.7439,565.088745,1130.91992,941.8841,1122.3772,566.6404,1128.69824,858,1085,1026,1163,474,1089,656,1170
103_15,HP_103,15,103_15.png,103_15.png,9.1011,24.3935,5.1437,-25.7308,5.8255,62.0192,-11.0,11.0,0.0,930.576538,1125.31177,551.397766,1131.79456,931.0453,1122.85059,555.154053,1129.4303,858,1085,1026,1163,474,1089,656,1171
104_01,HP_104,1,104_01.png,104_01.png,0.0089228,23.3526,-4.4705,-24.7719,9.533,60.9092,11.0,-11.0,0.0,1000.6684,1421.48755,612.804932,1410.35034,997.182739,1422.83789,612.3838,1412.22314,902,1381,1073,1487,506,1372,693,1480
104_02,HP_104,2,104_02.png,104_02.png,0.0089228,23.3526,-4.4705,-24.7719,9.533,60.9092,0.0,-11.0,0.0,988.796448,1420.54321,600.2043,1409.2522,987.21106,1422.04736,601.809631,1411.304,902,1381,1073,1487,506,1371,693,1480
104_03,HP_104,3,104_03.png,104_03.png,0.0089228,23.3526,-4.4705,-24.7719,9.533,60.9092,-11.0,-11.0,0.0,975.153564,1419.90137,585.88855,1408.4375,975.759644,1421.5105,589.799438,1410.62183,902,1381,1073,1487,506,1370,693,1480
104_04,HP_104,4,104_04.png,104_04.png,0.0089228,23.3526,-4.4705,-24.7719,9.533,60.9092,-11.0,-5.5,0.0,974.8306,1426.52,585.490051,1415.34888,975.488647,1427.06543,589.4673,1416.42114,902,1384,1073,1488,506,1373,693,1481
104_05,HP_104,5,104_05.png,104_05.png,0.0089228,23.3526,-4.4705,-24.7719,9.533,60.9092,0.0,-5.5,0.0,988.8085,1426.81824,600.1992,1415.8457,987.220459,1427.31506,601.8061,1416.83716,902,1384,1073,1488,506,1373,693,1481
104_06,HP_104,6,104_06.png,104_06.png,0.0089228,23.3526,-4.4705,-24.7719,9.533,60.9092,11.0,-5.5,0.0,1000.90356,1427.27942,613.057,1416.47974,997.3794,1427.70142,612.5953,1417.368,902,1384,1073,1488,506,1374,693,1481
104_07,HP_104,7,104_07.png,104_07.png,0.0089228,23.3526,-4.4705,-24.7719,9.533,60.9092,11.0,0.0,0.0,1001.05042,1433.295,613.219666,1422.86462,997.501953,1432.75244,612.731445,1422.72668,902,1388,1073,1489,506,1378,693,1482
104_08,HP_104,8,104_08.png,104_08.png,0.0089228,23.3526,-4.4705,-24.7719,9.533,60.9092,0.0,0.0,0.0,988.819458,1433.37939,600.1957,1422.76782,987.2294,1432.82227,601.803467,1422.64526,902,1388,1073,1489,506,1377,693,1482
104_09,HP_104,9,104_09.png,104_09.png,0.0089228,23.3526,-4.4705,-24.7719,9.533,60.9092,-11.0,0.0,0.0,974.6315,1433.47278,585.2274,1422.65247,975.3218,1432.8999,589.248535,1422.54834,902,1387,1073,1489,506,1377,693,1482
104_10,HP_104,10,104_10.png,104_10.png,0.0089228,23.3526,-4.4705,-24.7719,9.533,60.9092,-11.0,5.5,0.0,974.576538,1440.562,585.124268,1430.13574,975.2756,1438.84851,589.1625,1428.82593,901,1393,1073,1490,506,1383,692,1484
104_11,HP_104,11,104_11.png,104_11.png,0.0089228,23.3526,-4.4705,-24.7719,9.533,60.9092,0.0,5.5,0.0,988.829163,1440.05566,600.1934,1429.83911,987.2376,1438.426,601.802,1428.57813,901,1392,1073,1491,506,1382,692,1483
104_12,HP_104,12,104_12.png,104_12.png,0.0089228,23.3526,-4.4705,-24.7719,9.533,60.9092,11.0,5.5,0.0,1001.09778,1439.39771,613.2811,1429.3634,997.5419,1437.87646,612.7831,1428.18066,901,1392,1073,1491,506,1382,692,1483
104_13,HP_104,13,104_13.png,104_13.png,0.0089228,23.3526,-4.4705,-24.7719,9.533,60.9092,11.0,11.0,0.0,1001.04205,1445.43652,613.237061,1435.819,997.495544,1442.94727,612.7462,1433.59839,901,1398,1073,1493,506,1387,692,1485
104_14,HP_104,14,104_14.png,104_14.png,0.0089228,23.3526,-4.4705,-24.7719,9.533,60.9092,0.0,11.0,0.0,988.8375,1446.65417,600.1928,1436.85474,987.244934,1443.96484,601.8012,1434.46436,901,1399,1073,1493,506,1389,691,1485
104_15,HP_104,15,104_15.png,104_15.png,0.0089228,23.3526,-4.4705,-24.7719,9.533,60.9092,-11.0,11.0,0.0,974.673035,1447.5625,585.191,1437.55322,975.3565,1444.72339,589.217957,1435.04834,901,1400,1073,1493,506,1390,691,1487
105_01,HP_105,1,105_01.png,105_01.png,14.0882,14.996,4.6344,-17.3874,13.9738,59.6986,11.0,-11.0,0.0,1279.62585,1506.29736,898.2319,1523.32886,1275.97974,1507.873,897.6788,1525.23438,1178,1461,1352,1561,793,1477,973,1582
105_02,HP_105,2,105_02.png,105_02.png,14.0882,14.996,4.6344,-17.3874,13.9738,59.6986,0.0,-11.0,0.0,1267.05847,1505.23315,885.170959,1522.541,1265.42615,1506.9823,886.7189,1524.5752,1178,1459,1352,1561,793,1476,972,1582
105_03,HP_105,3,105_03.png,105_03.png,14.0882,14.996,4.6344,-17.3874,13.9738,59.6986,-11.0,-11.0,0.0,1253.01465,1504.56116,870.749451,1522.165,1253.63965,1506.41992,874.6194,1524.26074,1178,1459,1352,1560,793,1475,972,1581
105_04,HP_105,4,105_04.png,105_04.png,14.0882,14.996,4.6344,-17.3874,13.9738,59.6986,-11.0,-5.5,0.0,1252.62292,1511.33887,870.2894,1529.144,1253.31128,1512.10791,874.2357,1530.1167,1178,1465,1352,1563,793,1480,972,1583
105_05,HP_105,5,105_05.png,105_05.png,14.0882,14.996,4.6344,-17.3874,13.9738,59.6986,0.0,-5.5,0.0,1267.07922,1511.77039,885.166138,1529.301,1265.44275,1512.46924,886.7157,1530.248,1178,1465,1352,1563,793,1481,972,1583
105_06,HP_105,6,105_06.png,105_06.png,14.0882,14.996,4.6344,-17.3874,13.9738,59.6986,11.0,-5.5,0.0,1279.9447,1512.40625,898.5545,1529.68433,1276.24609,1513.002,897.949341,1530.56848,1178,1466,1352,1564,793,1482,972,1583
105_07,HP_105,7,105_07.png,105_07.png,14.0882,14.996,4.6344,-17.3874,13.9738,59.6986,11.0,0.0,0.0,1280.16541,1518.81116,898.781067,1536.36621,1276.43054,1518.37891,898.13916,1536.17578,1178,1474,1351,1566,793,1488,973,1586
105_08,HP_105,8,105_08.png,105_08.png,14.0882,14.996,4.6344,-17.3874,13.9738,59.6986,0.0,0.0,0.0,1267.09912,1518.67578,885.1624,1536.46448,1265.45911,1518.26453,886.7131,1536.25818,1178,1473,1351,1566,793,1488,972,1585
105_09,HP_105,9,105_09.png,105_09.png,14.0882,14.996,4.6344,-17.3874,13.9738,59.6986,-11.0,0.0,0.0,1252.35669,1518.52734,869.9617,1536.57629,1253.08826,1518.1394,873.9624,1536.35193,1178,1472,1352,1565,793,1487,972,1586
105_10,HP_105,10,105_10.png,105_10.png,14.0882,14.996,4.6344,-17.3874,13.9738,59.6986,-11.0,5.5,0.0,1252.24231,1525.92383,869.7964,1544.25073,1252.99243,1524.345,873.8246,1542.78931,1178,1481,1351,1569,794,1496,972,1589
105_11,HP_105,11,105_11.png,105_11.png,14.0882,14.996,4.6344,-17.3874,13.9738,59.6986,0.0,5.5,0.0,1267.118,1525.76416,885.1601,1543.843,1265.47461,1524.21289,886.711365,1542.448,1178,1482,1351,1570,794,1496,972,1589
105_12,HP_105,12,105_12.png,105_12.png,14.0882,14.996,4.6344,-17.3874,13.9738,59.6986,11.0,5.5,0.0,1280.27148,1525.35864,898.894958,1543.2207,1276.51929,1523.875,898.234741,1541.92761,1178,1482,1351,1569,794,1496,973,1588
105_13,HP_105,13,105_13.png,105_13.png,14.0882,14.996,4.6344,-17.3874,13.9738,59.6986,11.0,11.0,0.0,1280.25464,1531.86987,898.887268,1550.06848,1276.50549,1529.34131,898.228333,1547.67371,1178,1492,1351,1573,794,1505,973,1591
105_14,HP_105,14,105_14.png,105_14.png,14.0882,14.996,4.6344,-17.3874,13.9738,59.6986,0.0,11.0,0.0,1267.13538,1532.81543,885.159058,1551.21021,1265.4895,1530.13037,886.7106,1548.62866,1178,1493,1351,1573,794,1506,972,1592
105_15,HP_105,15,105_15.png,105_15.png,14.0882,14.996,4.6344,-17.3874,13.9738,59.6986,-11.0,11.0,0.0,1252.29346,1533.2854,869.8106,1551.90869,1253.03516,1530.52148,873.8364,1549.21338,1178,1492,1351,1573,794,1506,972,1593
106_01,HP_106,1,106_01.png,106_01.png,-19.5259,20.7715,-0.060151,-15.9721,-9.259,57.3285,11.0,-11.0,0.0,1392.4917,496.0775,988.3646,513.090332,1388.23511,498.087524,987.340149,515.446045,1291,455,1466,567,878,474,1072,589
106_02,HP_106,2,106_02.png,106_02.png,-19.5259,20.7715,-0.060151,-15.9721,-9.259,57.3285,0.0,-11.0,0.0,1377.02869,494.8833,971.8643,511.66626,1375.25488,497.089722,973.501648,514.2551,1291,455,1466,567,878,473,1072,589
106_03,HP_106,3,106_03.png,106_03.png,-19.5259,20.7715,-0.060151,-15.9721,-9.259,57.3285,-11.0,-11.0,0.0,1359.636,494.386719,953.4257,510.924561,1360.66541,496.675659,958.0413,513.6345,1291,456,1466,567,878,473,1072,589
106_04,HP_106,4,106_04.png,106_04.png,-19.5259,20.7715,-0.060151,-15.9721,-9.259,57.3285,-11.0,-5.5,0.0,1359.735,503.149048,953.473633,520.055664,1360.74829,504.024658,958.080933,521.2909,1292,459,1466,568,878,476,1072,590
106_05,HP_106,5,106_05.png,106_05.png,-19.5259,20.7715,-0.060151,-15.9721,-9.259,57.3285,0.0,-5.5,0.0,1377.02148,503.333374,971.840942,520.4923,1375.24915,504.178223,973.4818,521.6565,1292,458,1466,568,878,476,1072,590
106_06,HP_106,6,106_06.png,106_06.png,-19.5259,20.7715,-0.060151,-15.9721,-9.259,57.3285,11.0,-5.5,0.0,1392.41,503.8662,988.284546,521.2566,1388.16724,504.623779,987.2731,522.296143,1292,459,1466,568,878,476,1072,590
106_07,HP_106,7,106_07.png,106_07.png,-19.5259,20.7715,-0.060151,-15.9721,-9.259,57.3285,11.0,0.0,0.0,1392.16321,511.579346,988.0362,529.367432,1387.96143,511.097046,987.0653,529.099854,1292,463,1466,570,878,480,1072,591
106_08,HP_106,8,106_08.png,106_08.png,-19.5259,20.7715,-0.060151,-15.9721,-9.259,57.3285,0.0,0.0,0.0,1377.01233,511.6875,971.821045,529.25354,1375.24219,511.1869,973.464661,529.004,1292,463,1466,570,878,480,1072,591
106_09,HP_106,9,106_09.png,106_09.png,-19.5259,20.7715,-0.060151,-15.9721,-9.259,57.3285,-11.0,0.0,0.0,1360.05017,511.8031,953.7726,529.1194,1361.01221,511.2832,958.3297,528.891235,1292,464,1466,569,878,480,1072,591
106_10,HP_106,10,106_10.png,106_10.png,-19.5259,20.7715,-0.060151,-15.9721,-9.259,57.3285,-11.0,5.5,0.0,1360.54944,520.037231,954.287354,537.7649,1361.4303,518.1915,958.7584,536.142456,1293,470,1466,571,879,486,1072,594
106_11,HP_106,11,106_11.png,106_11.png,-19.5259,20.7715,-0.060151,-15.9721,-9.259,57.3285,0.0,5.5,0.0,1377.00171,519.657349,971.8052,537.638062,1375.23425,517.874756,973.450256,536.037,1293,470,1466,572,879,486,1072,593
106_12,HP_106,12,106_12.png,106_12.png,-19.5259,20.7715,-0.060151,-15.9721,-9.259,57.3285,11.0,5.5,0.0,1391.77209,518.9817,987.638855,537.176636,1387.63525,517.310547,986.732239,535.6515,1293,470,1466,572,879,486,1072,593
106_13,HP_106,13,106_13.png,106_13.png,-19.5259,20.7715,-0.060151,-15.9721,-9.259,57.3285,11.0,11.0,0.0,1391.26758,525.88916,987.1225,544.4874,1387.2146,523.110352,986.2997,541.786743,1293,477,1466,575,879,492,1072,595
106_14,HP_106,14,106_14.png,106_14.png,-19.5259,20.7715,-0.060151,-15.9721,-9.259,57.3285,0.0,11.0,0.0,1376.98975,527.025757,971.792664,545.406,1375.22571,524.0597,973.4386,542.554565,1293,478,1466,575,879,493,1072,596
106_15,HP_106,15,106_15.png,106_15.png,-19.5259,20.7715,-0.060151,-15.9721,-9.259,57.3285,-11.0,11.0,0.0,1361.18591,527.62085,954.9646,545.72876,1361.9635,524.5564,959.322754,542.8246,1293,478,1466,574,879,493,1072,597
107_01,HP_107,1,107_01.png,107_01.png,-9.0022,6.1628,-7.7142,-12.8172,-3.5395,61.4382,11.0,-11.0,0.0,1484.40588,801.737549,1113.78662,752.3711,1480.63916,803.2213,1113.04907,754.650269,1377,758,1553,866,1009,712,1182,819
107_02,HP_107,2,107_02.png,107_02.png,-9.0022,6.1628,-7.7142,-12.8172,-3.5395,61.4382,0.0,-11.0,0.0,1470.51111,800.7875,1099.82031,751.4219,1468.97461,802.4264,1101.33179,753.8562,1377,758,1553,866,1009,712,1181,819
107_03,HP_107,3,107_03.png,107_03.png,-9.0022,6.1628,-7.7142,-12.8172,-3.5395,61.4382,-11.0,-11.0,0.0,1455.23511,800.403442,1084.61292,751.0038,1456.15784,802.105469,1088.57483,753.506,1377,757,1553,867,1009,711,1181,819
107_04,HP_107,4,107_04.png,107_04.png,-9.0022,6.1628,-7.7142,-12.8172,-3.5395,61.4382,-11.0,-5.5,0.0,1455.23328,807.911255,1084.52539,758.5974,1456.15625,808.403931,1088.502,759.876343,1377,761,1553,868,1009,714,1180,820
107_05,HP_107,5,107_05.png,107_05.png,-9.0022,6.1628,-7.7142,-12.8172,-3.5395,61.4382,0.0,-5.5,0.0,1470.5603,808.097168,1099.8197,758.8408,1469.01587,808.5596,1101.3313,760.0803,1377,761,1553,867,1009,714,1180,820
107_06,HP_107,6,107_06.png,107_06.png,-9.0022,6.1628,-7.7142,-12.8172,-3.5395,61.4382,11.0,-5.5,0.0,1484.48938,808.569,1113.8479,759.35,1480.70911,808.954834,1113.10046,760.5061,1377,761,1553,867,1009,714,1182,820
107_07,HP_107,7,107_07.png,107_07.png,-9.0022,6.1628,-7.7142,-12.8172,-3.5395,61.4382,11.0,0.0,0.0,1484.43262,815.4359,1113.77661,766.3899,1480.66223,814.7184,1113.04065,766.4131,1377,765,1553,869,1009,718,1182,821
107_08,HP_107,8,107_08.png,107_08.png,-9.0022,6.1628,-7.7142,-12.8172,-3.5395,61.4382,0.0,0.0,0.0,1470.60657,815.453857,1099.82068,766.3367,1469.05493,814.7323,1101.33215,766.3685,1377,766,1553,869,1009,719,1180,822
107_09,HP_107,9,107_09.png,107_09.png,-9.0022,6.1628,-7.7142,-12.8172,-3.5395,61.4382,-11.0,0.0,0.0,1455.40356,815.469849,1084.61975,766.2777,1456.299,814.745239,1088.58057,766.3191,1377,766,1553,869,1009,720,1180,822
107_10,HP_107,10,107_10.png,107_10.png,-9.0022,6.1628,-7.7142,-12.8172,-3.5395,61.4382,-11.0,5.5,0.0,1455.73547,822.823364,1084.886,773.778931,1456.57727,820.9154,1088.80249,772.6122,1377,773,1553,872,1009,726,1179,825
107_11,HP_107,11,107_11.png,107_11.png,-9.0022,6.1628,-7.7142,-12.8172,-3.5395,61.4382,0.0,5.5,0.0,1470.64929,822.615967,1099.82324,773.667,1469.09143,820.7427,1101.33386,772.518433,1377,772,1553,871,1009,725,1179,824
107_12,HP_107,12,107_12.png,107_12.png,-9.0022,6.1628,-7.7142,-12.8172,-3.5395,61.4382,11.0,5.5,0.0,1484.242,822.136963,1113.57886,773.2926,1480.50366,820.3436,1112.875,772.2053,1377,770,1553,871,1009,723,1181,823
107_13,HP_107,13,107_13.png,107_13.png,-9.0022,6.1628,-7.7142,-12.8172,-3.5395,61.4382,11.0,11.0,0.0,1483.9342,828.4949,1113.27,779.8816,1480.24731,825.6819,1112.61584,777.7351,1377,776,1552,873,1009,729,1180,825
107_14,HP_107,14,107_14.png,107_14.png,-9.0022,6.1628,-7.7142,-12.8172,-3.5395,61.4382,0.0,11.0,0.0,1470.688,829.373169,1099.82739,780.619141,1469.12488,826.415039,1101.33643,778.3523,1377,779,1552,874,1009,732,1179,826
107_15,HP_107,15,107_15.png,107_15.png,-9.0022,6.1628,-7.7142,-12.8172,-3.5395,61.4382,-11.0,11.0,0.0,1456.20435,829.749634,1085.29834,780.8707,1456.97009,826.728638,1089.14661,778.562744,1377,781,1552,875,1009,735,1179,827
108_01,HP_108,1,108_01.png,108_01.png,-4.4353,21.3397,-6.7828,-13.549,1.945,60.2751,11.0,-11.0,0.0,1577.52686,1064.06152,1209.84949,1029.80688,1573.78882,1065.61414,1209.02612,1032.09607,1485,1023,1648,1130,1106,990,1292,1099
108_02,HP_108,2,108_02.png,108_02.png,-4.4353,21.3397,-6.7828,-13.549,1.945,60.2751,0.0,-11.0,0.0,1563.90125,1063.26758,1195.21777,1028.87866,1562.3501,1064.9502,1196.75146,1031.31921,1485,1022,1648,1130,1106,990,1292,1099
108_03,HP_108,3,108_03.png,108_03.png,-4.4353,21.3397,-6.7828,-13.549,1.945,60.2751,-11.0,-11.0,0.0,1549.13013,1063.03491,1179.49243,1028.54211,1549.95654,1064.75623,1183.56,1031.03711,1485,1023,1648,1130,1106,990,1292,1099
108_04,HP_108,4,108_04.png,108_04.png,-4.4353,21.3397,-6.7828,-13.549,1.945,60.2751,-11.0,-5.5,0.0,1548.91089,1070.36365,1179.22607,1036.1488,1549.77283,1070.905,1183.33826,1037.41846,1485,1026,1648,1131,1106,993,1291,1100
108_05,HP_108,5,108_05.png,108_05.png,-4.4353,21.3397,-6.7828,-13.549,1.945,60.2751,0.0,-5.5,0.0,1563.88159,1070.45349,1195.21167,1036.37854,1562.33337,1070.9801,1196.74683,1037.611,1485,1026,1648,1131,1106,993,1292,1100
108_06,HP_108,6,108_06.png,108_06.png,-4.4353,21.3397,-6.7828,-13.549,1.945,60.2751,11.0,-5.5,0.0,1577.66943,1070.83643,1210.04236,1036.91,1573.90771,1071.30066,1209.18774,1038.05566,1485,1026,1648,1131,1106,993,1292,1100
108_07,HP_108,7,108_07.png,108_07.png,-4.4353,21.3397,-6.7828,-13.549,1.945,60.2751,11.0,0.0,0.0,1577.674,1077.77283,1210.09351,1044.21094,1573.9115,1077.12231,1209.23059,1044.18091,1485,1030,1648,1132,1106,998,1291,1101
108_08,HP_108,8,108_08.png,108_08.png,-4.4353,21.3397,-6.7828,-13.549,1.945,60.2751,0.0,0.0,0.0,1563.85962,1077.83118,1195.20862,1044.11963,1562.31519,1077.17029,1196.74438,1044.10437,1485,1030,1648,1132,1106,998,1291,1102
108_09,HP_108,9,108_09.png,108_09.png,-4.4353,21.3397,-6.7828,-13.549,1.945,60.2751,-11.0,0.0,0.0,1548.85522,1077.89063,1179.1499,1044.01575,1549.7262,1077.21973,1183.27454,1044.01733,1485,1032,1648,1133,1106,999,1291,1102
108_10,HP_108,10,108_10.png,108_10.png,-4.4353,21.3397,-6.7828,-13.549,1.945,60.2751,-11.0,5.5,0.0,1548.96924,1085.36353,1179.27148,1051.86182,1549.82166,1083.4895,1183.376,1050.59863,1485,1038,1648,1135,1106,1006,1290,1105
108_11,HP_108,11,108_11.png,108_11.png,-4.4353,21.3397,-6.7828,-13.549,1.945,60.2751,0.0,5.5,0.0,1563.836,1085.15747,1195.20886,1051.83911,1562.29565,1083.31787,1196.74438,1050.57971,1485,1037,1648,1135,1106,1004,1290,1104
108_12,HP_108,12,108_12.png,108_12.png,-4.4353,21.3397,-6.7828,-13.549,1.945,60.2751,11.0,5.5,0.0,1577.5365,1084.66357,1209.998,1051.49243,1573.79712,1082.906,1209.15063,1050.28992,1485,1035,1648,1135,1106,1003,1291,1104
108_13,HP_108,13,108_13.png,108_13.png,-4.4353,21.3397,-6.7828,-13.549,1.945,60.2751,11.0,11.0,0.0,1577.26611,1091.3064,1209.76416,1058.54053,1573.57153,1088.48267,1208.95483,1056.20386,1485,1042,1647,1137,1106,1010,1290,1106
108_14,HP_108,14,108_14.png,108_14.png,-4.4353,21.3397,-6.7828,-13.549,1.945,60.2751,0.0,11.0,0.0,1563.81116,1092.195,1195.212,1059.27832,1562.27539,1089.22437,1196.74646,1056.8208,1485,1044,1647,1138,1106,1013,1290,1107
108_15,HP_108,15,108_15.png,108_15.png,-4.4353,21.3397,-6.7828,-13.549,1.945,60.2751,-11.0,11.0,0.0,1549.242,1092.53577,1179.578,1059.41,1550.04993,1089.50842,1183.63147,1056.93115,1485,1047,1647,1137,1106,1016,1290,1108
109_01,HP_109,1,109_01.png,109_01.png,7.0457,5.8384,7.3032,-7.4427,12.2529,59.2551,11.0,-11.0,0.0,1724.889,1469.15857,1347.78369,1515.04224,1720.9231,1471.09351,1346.96179,1517.01416,1620,1426,1797,1532,1244,1471,1419,1582
109_02,HP_109,2,109_02.png,109_02.png,7.0457,5.8384,7.3032,-7.4427,12.2529,59.2551,0.0,-11.0,0.0,1710.73669,1468.40015,1333.42371,1514.38892,1709.04321,1470.45947,1334.9137,1516.46729,1620,1424,1797,1532,1244,1469,1419,1582
109_03,HP_109,3,109_03.png,109_03.png,7.0457,5.8384,7.3032,-7.4427,12.2529,59.2551,-11.0,-11.0,0.0,1695.69482,1468.23682,1318.33472,1514.31812,1696.42236,1470.32361,1322.25378,1516.40747,1620,1423,1797,1532,1244,1469,1419,1582
109_04,HP_109,4,109_04.png,109_04.png,7.0457,5.8384,7.3032,-7.4427,12.2529,59.2551,-11.0,-5.5,0.0,1695.26367,1475.46655,1317.84619,1521.62024,1696.061,1476.38965,1321.84644,1522.53442,1620,1428,1797,1533,1244,1472,1419,1583
109_05,HP_109,5,109_05.png,109_05.png,7.0457,5.8384,7.3032,-7.4427,12.2529,59.2551,0.0,-5.5,0.0,1710.75537,1475.56152,1333.41907,1521.66089,1709.058,1476.46887,1334.91077,1522.5686,1620,1429,1797,1533,1244,1473,1419,1583
109_06,HP_109,6,109_06.png,109_06.png,7.0457,5.8384,7.3032,-7.4427,12.2529,59.2551,11.0,-5.5,0.0,1725.29333,1475.98022,1348.181,1522.01807,1721.2605,1476.81909,1347.2948,1522.86768,1620,1431,1797,1534,1244,1475,1419,1584
109_07,HP_109,7,109_07.png,109_07.png,7.0457,5.8384,7.3032,-7.4427,12.2529,59.2551,11.0,0.0,0.0,1725.56848,1483.18457,1348.45654,1529.395,1721.49011,1482.86487,1347.52551,1529.05676,1621,1437,1797,1536,1245,1481,1420,1585
109_08,HP_109,8,109_08.png,109_08.png,7.0457,5.8384,7.3032,-7.4427,12.2529,59.2551,0.0,0.0,0.0,1710.773,1483.16455,1333.41589,1529.40088,1709.07214,1482.84766,1334.90857,1529.06152,1621,1435,1797,1535,1245,1479,1419,1585
109_09,HP_109,9,109_09.png,109_09.png,7.0457,5.8384,7.3032,-7.4427,12.2529,59.2551,-11.0,0.0,0.0,1694.976,1483.1427,1317.50476,1529.40588,1695.82007,1482.8291,1321.56165,1529.06567,1621,1434,1797,1535,1245,1477,1419,1584
109_10,HP_109,10,109_10.png,109_10.png,7.0457,5.8384,7.3032,-7.4427,12.2529,59.2551,-11.0,5.5,0.0,1694.86108,1491.03394,1317.34448,1537.43921,1695.72375,1489.44849,1321.428,1535.80408,1621,1442,1797,1538,1245,1485,1419,1587
109_11,HP_109,11,109_11.png,109_11.png,7.0457,5.8384,7.3032,-7.4427,12.2529,59.2551,0.0,5.5,0.0,1710.78857,1490.979,1333.41418,1537.38171,1709.08508,1489.40308,1334.90747,1535.75562,1622,1444,1797,1539,1245,1486,1419,1587
109_12,HP_109,12,109_12.png,109_12.png,7.0457,5.8384,7.3032,-7.4427,12.2529,59.2551,11.0,5.5,0.0,1725.69,1490.5686,1348.58594,1536.97632,1721.59167,1489.061,1347.63391,1535.41675,1622,1446,1796,1539,1245,1488,1421,1587
109_13,HP_109,13,109_13.png,109_13.png,7.0457,5.8384,7.3032,-7.4427,12.2529,59.2551,11.0,11.0,0.0,1725.64636,1497.89417,1348.55688,1544.52808,1721.55554,1495.2085,1347.60962,1541.7522,1622,1457,1796,1542,1245,1496,1421,1589
109_14,HP_109,14,109_14.png,109_14.png,7.0457,5.8384,7.3032,-7.4427,12.2529,59.2551,0.0,11.0,0.0,1710.802,1498.731,1333.41406,1545.3269,1709.09644,1495.90662,1334.90735,1542.42017,1622,1455,1796,1542,1245,1496,1420,1590
109_15,HP_109,15,109_15.png,109_15.png,7.0457,5.8384,7.3032,-7.4427,12.2529,59.2551,-11.0,11.0,0.0,1694.93274,1498.86548,1317.38342,1545.43335,1695.78381,1496.01782,1321.46021,1542.50977,1622,1452,1796,1541,1245,1494,1420,1590
110_01,HP_110,1,110_01.png,110_01.png,17.5678,-0.010394,5.3354,-6.1012,13.15,61.1351,11.0,-11.0,0.0,1753.94592,1422.52783,1399.19055,1452.59766,1750.26892,1424.202,1398.52466,1454.48584,1650,1378,1823,1474,1300,1408,1465,1509
110_02,HP_110,2,110_02.png,110_02.png,17.5678,-0.010394,5.3354,-6.1012,13.15,61.1351,0.0,-11.0,0.0,1740.97961,1421.71191,1386.28833,1452.2312,1739.38367,1423.519,1387.69751,1454.17908,1650,1376,1823,1474,1300,1406,1464,1509
110_03,HP_110,3,110_03.png,110_03.png,17.5678,-0.010394,5.3354,-6.1012,13.15,61.1351,-11.0,-11.0,0.0,1727.28772,1421.39819,1372.83923,1452.35376,1727.8938,1423.25671,1376.41113,1454.28149,1650,1375,1823,1474,1300,1405,1463,1508
110_04,HP_110,4,110_04.png,110_04.png,17.5678,-0.010394,5.3354,-6.1012,13.15,61.1351,-11.0,-5.5,0.0,1726.95764,1427.97437,1372.4668,1458.94165,1727.61719,1428.77515,1376.10046,1459.81042,1650,1382,1823,1476,1300,1410,1464,1510
110_05,HP_110,5,110_05.png,110_05.png,17.5678,-0.010394,5.3354,-6.1012,13.15,61.1351,0.0,-5.5,0.0,1741.01,1428.24316,1386.28955,1458.799,1739.40845,1429.00037,1387.69922,1459.69092,1650,1383,1823,1477,1300,1412,1464,1510
110_06,HP_110,6,110_06.png,110_06.png,17.5678,-0.010394,5.3354,-6.1012,13.15,61.1351,11.0,-5.5,0.0,1754.2865,1428.78174,1399.5127,1458.92456,1750.55334,1429.45142,1398.7948,1459.79578,1650,1385,1823,1477,1300,1413,1465,1510
110_07,HP_110,7,110_07.png,110_07.png,17.5678,-0.010394,5.3354,-6.1012,13.15,61.1351,11.0,0.0,0.0,1754.51514,1435.33838,1399.73169,1465.57507,1750.74438,1434.95435,1398.97815,1465.37646,1650,1393,1823,1480,1300,1420,1466,1513
110_08,HP_110,8,110_08.png,110_08.png,17.5678,-0.010394,5.3354,-6.1012,13.15,61.1351,0.0,0.0,0.0,1741.03931,1435.123,1386.29224,1465.7356,1739.43262,1434.77319,1387.7019,1465.511,1650,1392,1823,1480,1300,1419,1464,1512
110_09,HP_110,9,110_09.png,110_09.png,17.5678,-0.010394,5.3354,-6.1012,13.15,61.1351,-11.0,0.0,0.0,1726.74951,1434.9043,1372.21777,1465.90527,1727.44287,1434.5896,1375.8927,1465.65356,1650,1391,1823,1480,1300,1418,1464,1512
110_10,HP_110,10,110_10.png,110_10.png,17.5678,-0.010394,5.3354,-6.1012,13.15,61.1351,-11.0,5.5,0.0,1726.6842,1441.99316,1372.11523,1473.04993,1727.38806,1440.53711,1375.80713,1471.648,1650,1401,1822,1483,1301,1427,1464,1515
110_11,HP_110,11,110_11.png,110_11.png,17.5678,-0.010394,5.3354,-6.1012,13.15,61.1351,0.0,5.5,0.0,1741.06665,1442.15625,1386.29639,1472.85181,1739.45532,1440.67456,1387.70581,1471.48145,1650,1403,1822,1484,1301,1428,1464,1515
110_12,HP_110,12,110_12.png,110_12.png,17.5678,-0.010394,5.3354,-6.1012,13.15,61.1351,11.0,5.5,0.0,1754.61389,1442.0238,1399.83008,1472.38354,1750.827,1440.56519,1399.06055,1471.08936,1650,1403,1822,1484,1301,1428,1466,1515
110_13,HP_110,13,110_13.png,110_13.png,17.5678,-0.010394,5.3354,-6.1012,13.15,61.1351,11.0,11.0,0.0,1754.575,1448.63928,1399.7998,1479.15845,1750.79492,1446.11768,1399.0354,1476.77417,1650,1411,1822,1487,1301,1435,1466,1518
110_14,HP_110,14,110_14.png,110_14.png,17.5678,-0.010394,5.3354,-6.1012,13.15,61.1351,0.0,11.0,0.0,1741.09143,1449.11816,1386.30225,1479.92554,1739.47632,1446.51624,1387.71057,1477.4165,1650,1411,1822,1487,1301,1435,1464,1518
110_15,HP_110,15,110_15.png,110_15.png,17.5678,-0.010394,5.3354,-6.1012,13.15,61.1351,-11.0,11.0,0.0,1726.77,1449.0166,1372.17017,1480.14661,1727.46,1446.42969,1375.85291,1477.60229,1650,1410,1822,1487,1301,1435,1464,1519
111_01,HP_111,1,111_01.png,111_01.png,-13.5305,6.4065,-3.554,-3.6694,-11.0868,59.6457,11.0,-11.0,0.0,1981.60974,386.921265,1601.57,360.450928,1977.44849,388.798462,1600.48889,362.976318,1879,342,2052,451,1496,318,1676,427
111_02,HP_111,2,111_02.png,111_02.png,-13.5305,6.4065,-3.554,-3.6694,-11.0868,59.6457,0.0,-11.0,0.0,1965.8844,386.2644,1585.45178,359.886,1964.25317,388.249634,1586.9696,362.503662,1879,341,2052,451,1496,317,1676,427
111_03,HP_111,3,111_03.png,111_03.png,-13.5305,6.4065,-3.554,-3.6694,-11.0868,59.6457,-11.0,-11.0,0.0,1949.73315,386.39978,1569.00159,360.132324,1950.70544,388.3634,1573.16992,362.708618,1879,341,2052,451,1496,316,1676,427
111_04,HP_111,4,111_04.png,111_04.png,-13.5305,6.4065,-3.554,-3.6694,-11.0868,59.6457,-11.0,-5.5,0.0,1949.91785,394.562866,1569.1543,368.378418,1950.86011,395.210327,1573.29724,369.6255,1879,346,2052,453,1496,321,1675,429
111_05,HP_111,5,111_05.png,111_05.png,-13.5305,6.4065,-3.554,-3.6694,-11.0868,59.6457,0.0,-5.5,0.0,1965.88733,394.5244,1585.4491,368.254883,1964.25635,395.177979,1586.967,369.5227,1879,346,2052,453,1496,321,1675,429
111_06,HP_111,6,111_06.png,111_06.png,-13.5305,6.4065,-3.554,-3.6694,-11.0868,59.6457,11.0,-5.5,0.0,1981.44,394.8694,1601.42163,368.526367,1977.307,395.4668,1600.36475,369.749756,1879,347,2052,453,1496,322,1676,428
111_07,HP_111,7,111_07.png,111_07.png,-13.5305,6.4065,-3.554,-3.6694,-11.0868,59.6457,11.0,0.0,0.0,1981.09888,402.643433,1601.10486,376.457764,1977.023,401.989746,1600.09937,376.402954,1879,352,2052,455,1496,328,1675,430
111_08,HP_111,8,111_08.png,111_08.png,-13.5305,6.4065,-3.554,-3.6694,-11.0868,59.6457,0.0,0.0,0.0,1965.88855,402.594849,1585.44873,376.464233,1964.25793,401.9485,1586.96606,376.408325,1879,353,2051,456,1496,328,1675,431
111_09,HP_111,9,111_09.png,111_09.png,-13.5305,6.4065,-3.554,-3.6694,-11.0868,59.6457,-11.0,0.0,0.0,1950.27515,402.543823,1569.49731,376.470947,1951.1593,401.905518,1573.58313,376.413818,1879,353,2051,455,1496,328,1675,432
111_10,HP_111,10,111_10.png,111_10.png,-13.5305,6.4065,-3.554,-3.6694,-11.0868,59.6457,-11.0,5.5,0.0,1950.77429,410.096558,1569.99658,384.1455,1951.57739,408.243042,1573.99927,382.853149,1879,361,2051,458,1496,337,1675,435
111_11,HP_111,11,111_11.png,111_11.png,-13.5305,6.4065,-3.554,-3.6694,-11.0868,59.6457,0.0,5.5,0.0,1965.88782,410.2168,1585.4502,384.244263,1964.25867,408.344,1586.96631,382.9353,1879,360,2051,459,1496,336,1675,433
111_12,HP_111,12,111_12.png,111_12.png,-13.5305,6.4065,-3.554,-3.6694,-11.0868,59.6457,11.0,5.5,0.0,1980.61682,410.004883,1600.648,384.0044,1976.62122,408.1681,1599.71655,382.734375,1879,360,2051,458,1496,335,1675,433
111_13,HP_111,13,111_13.png,111_13.png,-13.5305,6.4065,-3.554,-3.6694,-11.0868,59.6457,11.0,11.0,0.0,1980.033,416.783081,1600.08679,390.990356,1976.1344,413.859,1599.24646,388.597534,1879,368,2051,461,1496,343,1675,435
111_14,HP_111,14,111_14.png,111_14.png,-13.5305,6.4065,-3.554,-3.6694,-11.0868,59.6457,0.0,11.0,0.0,1965.886,417.208,1585.45313,391.4037,1964.25867,414.212769,1586.96753,388.9436,1879,369,2051,462,1496,345,1675,437
111_15,HP_111,15,111_15.png,111_15.png,-13.5305,6.4065,-3.554,-3.6694,-11.0868,59.6457,-11.0,11.0,0.0,1951.376,417.045532,1570.60864,391.213745,1952.08167,414.07605,1574.51,388.785522,1879,370,2051,461,1496,346,1675,438
112_01,HP_112,1,112_01.png,112_01.png,-7.6471,-7.2428,0.4294,3.9319,-3.737,60.6694,11.0,-11.0,0.0,2272.85156,738.902954,1901.12366,738.5447,2268.68774,740.8633,1900.10461,740.857544,2166,695,2343,803,1799,697,1969,804
112_02,HP_112,2,112_02.png,112_02.png,-7.6471,-7.2428,0.4294,3.9319,-3.737,60.6694,0.0,-11.0,0.0,2257.238,738.6398,1885.83569,738.3684,2255.58813,740.643555,1887.27966,740.7095,2166,695,2343,803,1799,697,1967,804
112_03,HP_112,3,112_03.png,112_03.png,-7.6471,-7.2428,0.4294,3.9319,-3.737,60.6694,-11.0,-11.0,0.0,2241.887,739.1074,1870.92212,738.8998,2242.71118,741.035156,1874.76477,741.1531,2166,695,2343,803,1799,697,1967,804
112_04,HP_112,4,112_04.png,112_04.png,-7.6471,-7.2428,0.4294,3.9319,-3.737,60.6694,-11.0,-5.5,0.0,2241.88135,746.6914,1870.85986,746.3346,2242.70679,747.3972,1874.71289,747.391357,2166,700,2343,804,1799,701,1967,805
112_05,HP_112,5,112_05.png,112_05.png,-7.6471,-7.2428,0.4294,3.9319,-3.737,60.6694,0.0,-5.5,0.0,2257.26636,746.4685,1885.83582,746.069946,2255.612,747.210449,1887.27991,747.1704,2166,700,2343,804,1799,701,1967,805
112_06,HP_112,6,112_06.png,112_06.png,-7.6471,-7.2428,0.4294,3.9319,-3.737,60.6694,11.0,-5.5,0.0,2272.91772,746.6146,1901.18579,746.1636,2268.74316,747.332642,1900.15662,747.249,2166,700,2343,804,1799,701,1969,805
112_07,HP_112,7,112_07.png,112_07.png,-7.6471,-7.2428,0.4294,3.9319,-3.737,60.6694,11.0,0.0,0.0,2272.796,754.362549,1901.07532,753.84436,2268.642,753.8325,1900.06421,753.692261,2166,707,2343,807,1799,706,1968,807
112_08,HP_112,8,112_08.png,112_08.png,-7.6471,-7.2428,0.4294,3.9319,-3.737,60.6694,0.0,0.0,0.0,2257.29224,754.3356,1885.83765,753.838257,2255.634,753.8096,1887.28113,753.687256,2166,706,2343,807,1799,706,1967,807
112_09,HP_112,9,112_09.png,112_09.png,-7.6471,-7.2428,0.4294,3.9319,-3.737,60.6694,-11.0,0.0,0.0,2242.0415,754.308,1870.968,753.831543,2242.84058,753.7866,1874.8031,753.681763,2166,706,2343,807,1799,706,1967,807
112_10,HP_112,10,112_10.png,112_10.png,-7.6471,-7.2428,0.4294,3.9319,-3.737,60.6694,-11.0,5.5,0.0,2242.35571,761.7113,1871.23633,761.142456,2243.104,759.998169,1875.02686,759.81665,2166,713,2343,810,1799,713,1967,810
112_11,HP_112,11,112_11.png,112_11.png,-7.6471,-7.2428,0.4294,3.9319,-3.737,60.6694,0.0,5.5,0.0,2257.315,761.965332,1885.841,761.4033,2255.65381,760.2106,1887.28333,760.0342,2166,714,2343,810,1799,713,1967,809
112_12,HP_112,12,112_12.png,112_12.png,-7.6471,-7.2428,0.4294,3.9319,-3.737,60.6694,11.0,5.5,0.0,2272.49927,761.8772,1900.80261,761.330566,2268.395,760.1377,1899.83569,759.9729,2166,714,2343,810,1799,713,1969,809
112_13,HP_112,13,112_13.png,112_13.png,-7.6471,-7.2428,0.4294,3.9319,-3.737,60.6694,11.0,11.0,0.0,2272.05615,768.930664,1900.39221,768.4015,2268.026,766.057739,1899.492,765.90686,2166,723,2342,813,1799,721,1969,812
112_14,HP_112,14,112_14.png,112_14.png,-7.6471,-7.2428,0.4294,3.9319,-3.737,60.6694,0.0,11.0,0.0,2257.33447,769.1249,1885.84558,768.5337,2255.67114,766.219,1887.28625,766.0178,2166,723,2342,813,1799,721,1968,812
112_15,HP_112,15,112_15.png,112_15.png,-7.6471,-7.2428,0.4294,3.9319,-3.737,60.6694,-11.0,11.0,0.0,2242.80029,768.69165,1871.64087,768.0526,2243.47632,765.8561,1875.36426,765.616455,2166,722,2342,813,1799,721,1968,813
113_01,HP_113,1,113_01.png,113_01.png,-4.8387,5.1747,5.6583,-2.4901,4.4438,57.5221,11.0,-11.0,0.0,2021.87646,1148.11353,1628.53931,1188.665,2017.43848,1150.39673,1627.35852,1191.01221,1917,1107,2095,1219,1521,1148,1705,1263
113_02,HP_113,2,113_02.png,113_02.png,-4.8387,5.1747,5.6583,-2.4901,4.4438,57.5221,0.0,-11.0,0.0,2005.37817,1147.594,1611.66858,1188.0127,2003.59546,1149.96362,1613.20862,1190.466,1917,1107,2095,1219,1521,1148,1705,1263
113_03,HP_113,3,113_03.png,113_03.png,-4.8387,5.1747,5.6583,-2.4901,4.4438,57.5221,-11.0,-11.0,0.0,1988.48853,1147.91711,1594.538,1188.2085,1989.42969,1150.23462,1598.83838,1190.62842,1917,1107,2095,1219,1521,1148,1705,1263
113_04,HP_113,4,113_04.png,113_04.png,-4.8387,5.1747,5.6583,-2.4901,4.4438,57.5221,-11.0,-5.5,0.0,1988.156,1156.17493,1594.13025,1196.50781,1989.15088,1157.16113,1598.49854,1197.59033,1917,1110,2095,1220,1521,1150,1705,1264
113_05,HP_113,5,113_05.png,113_05.png,-4.8387,5.1747,5.6583,-2.4901,4.4438,57.5221,0.0,-5.5,0.0,2005.38391,1155.95435,1611.65161,1196.456,2003.59961,1156.9762,1613.19519,1197.54785,1917,1110,2095,1220,1521,1150,1705,1264
113_06,HP_113,6,113_06.png,113_06.png,-4.8387,5.1747,5.6583,-2.4901,4.4438,57.5221,11.0,-5.5,0.0,2022.21411,1156.18115,1628.87952,1196.85437,2017.72,1157.16528,1627.64331,1197.88135,1917,1111,2095,1220,1521,1151,1705,1264
113_07,HP_113,7,113_07.png,113_07.png,-4.8387,5.1747,5.6583,-2.4901,4.4438,57.5221,11.0,0.0,0.0,2022.34888,1164.581,1629.02576,1205.39758,2017.83228,1164.21143,1627.76575,1205.04639,1918,1117,2095,1222,1522,1156,1705,1266
113_08,HP_113,8,113_08.png,113_08.png,-4.8387,5.1747,5.6583,-2.4901,4.4438,57.5221,0.0,0.0,0.0,2005.38708,1164.67688,1611.63684,1205.30115,2003.602,1164.2915,1613.18311,1204.96533,1918,1115,2095,1222,1522,1155,1705,1265
113_09,HP_113,9,113_09.png,113_09.png,-4.8387,5.1747,5.6583,-2.4901,4.4438,57.5221,-11.0,0.0,0.0,1988.02527,1164.76953,1593.93823,1205.19666,1989.0415,1164.36914,1598.33813,1204.87793,1918,1115,2095,1222,1521,1154,1705,1265
113_10,HP_113,10,113_10.png,113_10.png,-4.8387,5.1747,5.6583,-2.4901,4.4438,57.5221,-11.0,5.5,0.0,1988.11292,1173.3866,1593.98376,1213.94556,1989.115,1171.59619,1598.376,1212.21582,1919,1122,2095,1224,1522,1160,1705,1267
113_11,HP_113,11,113_11.png,113_11.png,-4.8387,5.1747,5.6583,-2.4901,4.4438,57.5221,0.0,5.5,0.0,2005.38806,1173.42554,1611.62451,1214.208,2003.603,1171.62878,1613.17261,1212.43481,1919,1123,2095,1224,1522,1161,1705,1267
113_12,HP_113,12,113_12.png,113_12.png,-4.8387,5.1747,5.6583,-2.4901,4.4438,57.5221,11.0,5.5,0.0,2022.26465,1173.00415,1628.96021,1213.99341,2017.76257,1171.27747,1627.71082,1212.25562,1919,1125,2095,1225,1522,1163,1705,1268
113_13,HP_113,13,113_13.png,113_13.png,-4.8387,5.1747,5.6583,-2.4901,4.4438,57.5221,11.0,11.0,0.0,2021.96936,1181.13354,1628.68726,1222.32642,2017.51648,1178.09827,1627.48254,1219.24536,1919,1135,2095,1228,1522,1171,1705,1270
113_14,HP_113,14,113_14.png,113_14.png,-4.8387,5.1747,5.6583,-2.4901,4.4438,57.5221,0.0,11.0,0.0,2005.38672,1181.85449,1611.61475,1222.81934,2003.60278,1178.69946,1613.16382,1219.65747,1919,1133,2095,1228,1522,1170,1705,1270
113_15,HP_113,15,113_15.png,113_15.png,-4.8387,5.1747,5.6583,-2.4901,4.4438,57.5221,-11.0,11.0,0.0,1988.41113,1181.70337,1594.26221,1222.40808,1989.36475,1178.57251,1598.60779,1219.3147,1919,1131,2095,1227,1522,1169,1705,1271
114_01,HP_114,1,114_01.png,114_01.png,9.9935,-0.90362,3.1094,2.003,12.5749,58.1569,11.0,-11.0,0.0,2217.78613,1486.55737,1835.211,1504.85144,2213.59351,1488.55664,1834.22314,1507.09863,2113,1441,2290,1549,1731,1461,1908,1570
114_02,HP_114,2,114_02.png,114_02.png,9.9935,-0.90362,3.1094,2.003,12.5749,58.1569,0.0,-11.0,0.0,2202.471,1486.19324,1819.83728,1504.66016,2200.74268,1488.25256,1821.3252,1506.93823,2113,1440,2290,1549,1731,1460,1908,1570
114_03,HP_114,3,114_03.png,114_03.png,9.9935,-0.90362,3.1094,2.003,12.5749,58.1569,-11.0,-11.0,0.0,2187.24072,1486.50977,1804.69324,1505.148,2187.96582,1488.51782,1808.61658,1507.3457,2113,1441,2290,1549,1731,1460,1908,1569
114_04,HP_114,4,114_04.png,114_04.png,9.9935,-0.90362,3.1094,2.003,12.5749,58.1569,-11.0,-5.5,0.0,2186.81079,1493.87268,1804.20764,1512.45825,2187.60547,1494.69519,1808.21155,1513.48022,2114,1446,2290,1550,1731,1464,1908,1571
114_05,HP_114,5,114_05.png,114_05.png,9.9935,-0.90362,3.1094,2.003,12.5749,58.1569,0.0,-5.5,0.0,2202.485,1493.728,1819.82825,1512.177,2200.75342,1494.5741,1821.3186,1513.24512,2114,1446,2290,1551,1731,1464,1908,1571
114_06,HP_114,6,114_06.png,114_06.png,9.9935,-0.90362,3.1094,2.003,12.5749,58.1569,11.0,-5.5,0.0,2218.268,1493.957,1835.686,1512.269,2213.99561,1494.7655,1834.62085,1513.32239,2114,1447,2290,1551,1731,1465,1908,1571
114_07,HP_114,7,114_07.png,114_07.png,9.9935,-0.90362,3.1094,2.003,12.5749,58.1569,11.0,0.0,0.0,2218.5957,1501.82178,1836.0166,1520.1687,2214.2688,1501.36328,1834.89783,1519.949,2114,1454,2290,1554,1731,1471,1908,1573
114_08,HP_114,8,114_08.png,114_08.png,9.9935,-0.90362,3.1094,2.003,12.5749,58.1569,0.0,0.0,0.0,2202.498,1501.749,1819.82056,1520.20642,2200.76367,1501.302,1821.31274,1519.98047,2114,1453,2290,1554,1731,1470,1908,1573
114_09,HP_114,9,114_09.png,114_09.png,9.9935,-0.90362,3.1094,2.003,12.5749,58.1569,-11.0,0.0,0.0,2186.52344,1501.67737,1803.86829,1520.24365,2187.36475,1501.24207,1807.92847,1520.01221,2114,1453,2290,1553,1731,1470,1908,1574
114_10,HP_114,10,114_10.png,114_10.png,9.9935,-0.90362,3.1094,2.003,12.5749,58.1569,-11.0,5.5,0.0,2186.40723,1509.69409,1803.70813,1528.27075,2187.26733,1507.96631,1807.7948,1526.74609,2114,1461,2290,1556,1732,1478,1908,1577
114_11,HP_114,11,114_11.png,114_11.png,9.9935,-0.90362,3.1094,2.003,12.5749,58.1569,0.0,5.5,0.0,2202.50928,1510.00293,1819.8147,1528.49963,2200.77271,1508.22485,1821.308,1526.93652,2114,1463,2290,1557,1732,1478,1908,1576
114_12,HP_114,12,114_12.png,114_12.png,9.9935,-0.90362,3.1094,2.003,12.5749,58.1569,11.0,5.5,0.0,2218.736,1509.90625,1836.1709,1528.31616,2214.38623,1508.145,1835.0271,1526.78271,2114,1464,2290,1557,1732,1479,1909,1576
114_13,HP_114,13,114_13.png,114_13.png,9.9935,-0.90362,3.1094,2.003,12.5749,58.1569,11.0,11.0,0.0,2218.67383,1517.917,1836.1322,1536.42847,2214.33447,1514.86548,1834.99451,1533.58716,2114,1475,2290,1561,1732,1489,1909,1579
114_14,HP_114,14,114_14.png,114_14.png,9.9935,-0.90362,3.1094,2.003,12.5749,58.1569,0.0,11.0,0.0,2202.51831,1518.18628,1819.81042,1536.75232,2200.78052,1515.08887,1821.30444,1533.85852,2114,1474,2290,1561,1732,1489,1908,1580
114_15,HP_114,15,114_15.png,114_15.png,9.9935,-0.90362,3.1094,2.003,12.5749,58.1569,-11.0,11.0,0.0,2186.47583,1517.65,1803.74426,1536.25635,2187.32471,1514.63965,1807.82483,1533.44531,2114,1472,2290,1560,1732,1488,1908,1581
115_01,HP_115,1,115_01.png,115_01.png,14.9306,-2.8638,3.0627,-3.6902,17.9294,60.9143,11.0,-11.0,0.0,1870.33057,1711.64233,1513.39,1728.803,1866.64941,1713.25635,1512.73889,1730.675,1765,1667,1940,1771,1414,1685,1579,1790
115_02,HP_115,2,115_02.png,115_02.png,14.9306,-2.8638,3.0627,-3.6902,17.9294,60.9143,0.0,-11.0,0.0,1857.333,1711.07886,1500.55933,1728.44165,1855.73816,1712.78491,1501.97119,1730.37244,1765,1666,1940,1770,1414,1684,1578,1790
115_03,HP_115,3,115_03.png,115_03.png,14.9306,-2.8638,3.0627,-3.6902,17.9294,60.9143,-11.0,-11.0,0.0,1843.83435,1711.007,1487.40662,1728.54932,1844.40991,1712.72522,1490.93164,1730.46216,1765,1666,1940,1770,1414,1684,1578,1790
115_04,HP_115,4,115_04.png,115_04.png,14.9306,-2.8638,3.0627,-3.6902,17.9294,60.9143,-11.0,-5.5,0.0,1843.4071,1717.4303,1486.93518,1734.92822,1844.05176,1718.11584,1490.53845,1735.81641,1765,1670,1940,1772,1414,1687,1578,1791
115_05,HP_115,5,115_05.png,115_05.png,14.9306,-2.8638,3.0627,-3.6902,17.9294,60.9143,0.0,-5.5,0.0,1857.36731,1717.49951,1500.55872,1734.85352,1855.76587,1718.17371,1501.97131,1735.754,1765,1671,1940,1772,1414,1688,1578,1791
115_06,HP_115,6,115_06.png,115_06.png,14.9306,-2.8638,3.0627,-3.6902,17.9294,60.9143,11.0,-5.5,0.0,1870.78577,1717.84058,1513.8125,1735.03857,1867.02942,1718.45923,1513.09314,1735.90881,1765,1672,1940,1772,1414,1689,1579,1791
115_07,HP_115,7,115_07.png,115_07.png,14.9306,-2.8638,3.0627,-3.6902,17.9294,60.9143,11.0,0.0,0.0,1871.14648,1724.45264,1514.14868,1741.69922,1867.33069,1724.00854,1513.37488,1741.49841,1766,1679,1940,1774,1414,1695,1579,1793
115_08,HP_115,8,115_08.png,115_08.png,14.9306,-2.8638,3.0627,-3.6902,17.9294,60.9143,0.0,0.0,0.0,1857.40112,1724.38049,1500.55908,1741.73914,1855.79358,1723.94751,1501.97241,1741.53174,1766,1678,1940,1775,1414,1694,1578,1793
115_09,HP_115,9,115_09.png,115_09.png,14.9306,-2.8638,3.0627,-3.6902,17.9294,60.9143,-11.0,0.0,0.0,1843.07849,1724.30762,1486.56079,1741.78,1843.77637,1723.88623,1490.226,1741.566,1766,1677,1940,1774,1414,1693,1578,1793
115_10,HP_115,10,115_10.png,115_10.png,14.9306,-2.8638,3.0627,-3.6902,17.9294,60.9143,-11.0,5.5,0.0,1842.877,1731.47644,1486.3136,1748.94568,1843.60742,1729.90051,1490.01978,1747.57825,1766,1685,1940,1777,1414,1700,1578,1796
115_11,HP_115,11,115_11.png,115_11.png,14.9306,-2.8638,3.0627,-3.6902,17.9294,60.9143,0.0,5.5,0.0,1857.434,1731.55627,1500.561,1748.94006,1855.82056,1729.9679,1501.97449,1747.57312,1766,1686,1940,1778,1414,1701,1578,1796
115_12,HP_115,12,115_12.png,115_12.png,14.9306,-2.8638,3.0627,-3.6902,17.9294,60.9143,11.0,5.5,0.0,1871.38635,1731.3252,1514.3739,1748.64111,1867.53113,1729.77588,1513.5636,1747.323,1766,1687,1940,1777,1414,1701,1580,1796
115_13,HP_115,13,115_13.png,115_13.png,14.9306,-2.8638,3.0627,-3.6902,17.9294,60.9143,11.0,11.0,0.0,1871.48535,1738.26062,1514.47,1755.677,1867.614,1735.5957,1513.644,1753.22607,1766,1696,1939,1781,1415,1710,1580,1798
115_14,HP_115,14,115_14.png,115_14.png,14.9306,-2.8638,3.0627,-3.6902,17.9294,60.9143,0.0,11.0,0.0,1857.46484,1738.80884,1500.5647,1756.24536,1855.84631,1736.05261,1501.97766,1753.70178,1766,1696,1939,1782,1415,1710,1578,1798
115_15,HP_115,15,115_15.png,115_15.png,14.9306,-2.8638,3.0627,-3.6902,17.9294,60.9143,-11.0,11.0,0.0,1842.82324,1738.72449,1486.2168,1756.213,1843.5625,1735.981,1489.939,1753.67554,1766,1695,1939,1781,1415,1709,1578,1799
116_01,HP_116,1,116_01.png,116_01.png,-13.3499,-16.1151,1.67,7.6248,-6.1906,60.6829,11.0,-11.0,0.0,2393.81079,659.9949,2026.33569,659.2578,2389.588,661.983032,2025.33032,661.529053,2281,620,2463,729,1924,622,2089,728
116_02,HP_116,2,116_02.png,116_02.png,-13.3499,-16.1151,1.67,7.6248,-6.1906,60.6829,0.0,-11.0,0.0,2377.86963,659.955566,2011.22937,659.1604,2376.21484,661.9509,2012.65686,661.446655,2281,619,2463,728,1924,621,2087,728
116_03,HP_116,3,116_03.png,116_03.png,-13.3499,-16.1151,1.67,7.6248,-6.1906,60.6829,-11.0,-11.0,0.0,2362.48,660.635132,1996.76221,659.7363,2363.306,662.52,2000.51538,661.927368,2281,619,2463,728,1924,621,2087,728
116_04,HP_116,4,116_04.png,116_04.png,-13.3499,-16.1151,1.67,7.6248,-6.1906,60.6829,-11.0,-5.5,0.0,2362.54541,668.188,1996.75073,667.018555,2363.3606,668.8557,2000.506,668.0382,2281,622,2463,730,1924,623,2087,729
116_05,HP_116,5,116_05.png,116_05.png,-13.3499,-16.1151,1.67,7.6248,-6.1906,60.6829,0.0,-5.5,0.0,2377.923,667.821533,2011.23486,666.7689,2376.26,668.5488,2012.66162,667.829834,2281,622,2463,730,1924,624,2087,729
116_06,HP_116,6,116_06.png,116_06.png,-13.3499,-16.1151,1.67,7.6248,-6.1906,60.6829,11.0,-5.5,0.0,2393.853,667.8113,2026.355,666.858032,2389.62354,668.5399,2025.34656,667.9049,2281,623,2463,730,1924,625,2088,729
116_07,HP_116,7,116_07.png,116_07.png,-13.3499,-16.1151,1.67,7.6248,-6.1906,60.6829,11.0,0.0,0.0,2393.70117,675.6167,2026.20557,674.4696,2389.49756,675.087646,2025.22131,674.2905,2281,629,2463,731,1924,629,2088,731
116_08,HP_116,8,116_08.png,116_08.png,-13.3499,-16.1151,1.67,7.6248,-6.1906,60.6829,0.0,0.0,0.0,2377.97241,675.6759,2011.24243,674.392334,2376.30151,675.1371,2012.66785,674.2256,2281,628,2463,731,1924,628,2087,730
116_09,HP_116,9,116_09.png,116_09.png,-13.3499,-16.1151,1.67,7.6248,-6.1906,60.6829,-11.0,0.0,0.0,2362.769,675.727539,1996.898,674.3164,2363.548,675.1808,2000.62866,674.1621,2281,628,2463,731,1924,628,2087,730
116_10,HP_116,10,116_10.png,116_10.png,-13.3499,-16.1151,1.67,7.6248,-6.1906,60.6829,-11.0,5.5,0.0,2363.13672,683.019165,1997.19067,681.400269,2363.8562,681.2988,2000.87268,680.1072,2281,634,2463,734,1924,633,2087,732
116_11,HP_116,11,116_11.png,116_11.png,-13.3499,-16.1151,1.67,7.6248,-6.1906,60.6829,0.0,5.5,0.0,2378.01587,683.2488,2011.25146,681.775269,2376.339,681.4905,2012.67468,680.4204,2281,635,2463,734,1924,634,2087,732
116_12,HP_116,12,116_12.png,116_12.png,-13.3499,-16.1151,1.67,7.6248,-6.1906,60.6829,11.0,5.5,0.0,2393.37378,683.1395,2025.90161,681.8434,2389.225,681.399658,2024.9668,680.4773,2281,635,2463,733,1924,634,2089,732
116_13,HP_116,13,116_13.png,116_13.png,-13.3499,-16.1151,1.67,7.6248,-6.1906,60.6829,11.0,11.0,0.0,2392.90356,690.1605,2025.47034,688.7721,2388.8335,687.2921,2024.60547,686.2921,2281,643,2462,736,1925,641,2089,734
116_14,HP_116,14,116_14.png,116_14.png,-13.3499,-16.1151,1.67,7.6248,-6.1906,60.6829,0.0,11.0,0.0,2378.05444,690.320435,2011.26184,688.7063,2376.37256,687.4252,2012.6825,686.2374,2281,642,2462,737,1925,640,2087,734
116_15,HP_116,15,116_15.png,116_15.png,-13.3499,-16.1151,1.67,7.6248,-6.1906,60.6829,-11.0,11.0,0.0,2363.622,689.868164,1997.604,688.077759,2364.263,687.0469,2001.21777,685.7124,2281,641,2462,737,1925,640,2087,734
117_01,HP_117,1,117_01.png,117_01.png,-7.4276,-13.3074,2.6329,13.5159,-4.3576,59.8689,11.0,-11.0,0.0,2762.87622,693.53894,2376.69971,708.203735,2758.49316,695.679932,2375.614,710.5414,2655,650,2836,758,2273,666,2448,774
117_02,HP_117,2,117_02.png,117_02.png,-7.4276,-13.3074,2.6329,13.5159,-4.3576,59.8689,0.0,-11.0,0.0,2746.57642,693.8639,2360.86548,708.599731,2744.82227,695.9523,2362.33,710.8717,2655,649,2836,758,2273,666,2447,774
117_03,HP_117,3,117_03.png,117_03.png,-7.4276,-13.3074,2.6329,13.5159,-4.3576,59.8689,-11.0,-11.0,0.0,2731.619,694.8108,2346.44727,709.6156,2732.27563,696.7444,2350.22729,711.7206,2655,650,2836,758,2273,666,2447,774
117_04,HP_117,4,117_04.png,117_04.png,-7.4276,-13.3074,2.6329,13.5159,-4.3576,59.8689,-11.0,-5.5,0.0,2731.62158,702.2401,2346.40552,716.7866,2732.27783,702.9773,2350.19238,717.7389,2655,655,2836,760,2273,670,2447,775
117_05,HP_117,5,117_05.png,117_05.png,-7.4276,-13.3074,2.6329,13.5159,-4.3576,59.8689,0.0,-5.5,0.0,2746.5918,701.7794,2360.862,716.2742,2744.83521,702.5918,2362.32715,717.310547,2655,654,2836,760,2273,670,2447,775
117_06,HP_117,6,117_06.png,117_06.png,-7.4276,-13.3074,2.6329,13.5159,-4.3576,59.8689,11.0,-5.5,0.0,2762.91357,701.6327,2376.744,716.0742,2758.525,702.46875,2375.651,717.143555,2655,655,2836,760,2273,670,2447,776
117_07,HP_117,7,117_07.png,117_07.png,-7.4276,-13.3074,2.6329,13.5159,-4.3576,59.8689,11.0,0.0,0.0,2762.74658,709.7471,2376.6,723.992432,2758.38623,709.2748,2375.53052,723.7859,2655,662,2836,763,2273,676,2447,777
117_08,HP_117,8,117_08.png,117_08.png,-7.4276,-13.3074,2.6329,13.5159,-4.3576,59.8689,0.0,0.0,0.0,2746.60522,709.713135,2360.86035,723.9949,2744.847,709.246338,2362.32544,723.7881,2655,661,2836,763,2273,675,2447,777
117_09,HP_117,9,117_09.png,117_09.png,-7.4276,-13.3074,2.6329,13.5159,-4.3576,59.8689,-11.0,0.0,0.0,2731.772,709.6813,2346.51465,723.9962,2732.404,709.2201,2350.2832,723.789551,2655,661,2836,762,2273,675,2447,777
117_10,HP_117,10,117_10.png,117_10.png,-7.4276,-13.3074,2.6329,13.5159,-4.3576,59.8689,-11.0,5.5,0.0,2732.05981,716.9153,2346.76563,731.025,2732.645,715.2899,2350.49243,729.6891,2655,668,2836,765,2274,681,2447,780
117_11,HP_117,11,117_11.png,117_11.png,-7.4276,-13.3074,2.6329,13.5159,-4.3576,59.8689,0.0,5.5,0.0,2746.616,717.3955,2360.86,731.498657,2744.857,715.6913,2362.32471,730.0845,2655,670,2836,766,2274,682,2447,780
117_12,HP_117,12,117_12.png,117_12.png,-7.4276,-13.3074,2.6329,13.5159,-4.3576,59.8689,11.0,5.5,0.0,2762.392,717.588135,2376.28223,731.6808,2758.09082,715.8528,2375.26416,730.2362,2655,671,2836,766,2274,683,2448,780
117_13,HP_117,13,117_13.png,117_13.png,-7.4276,-13.3074,2.6329,13.5159,-4.3576,59.8689,11.0,11.0,0.0,2761.88428,724.9137,2375.81934,738.9059,2757.66821,722.0,2374.87646,736.2993,2655,680,2836,769,2274,691,2448,782
117_14,HP_117,14,117_14.png,117_14.png,-7.4276,-13.3074,2.6329,13.5159,-4.3576,59.8689,0.0,11.0,0.0,2746.62476,724.6019,2360.86133,738.5631,2744.86548,721.7388,2362.325,736.01355,2655,679,2836,769,2274,691,2447,783
117_15,HP_117,15,117_15.png,117_15.png,-7.4276,-13.3074,2.6329,13.5159,-4.3576,59.8689,-11.0,11.0,0.0,2732.46362,723.755249,2347.137,737.6837,2732.98364,721.0304,2350.80249,735.2792,2655,677,2836,768,2274,689,2447,783
118_01,HP_118,1,118_01.png,118_01.png,5.0195,-5.7577,-4.8836,6.8741,4.6673,59.6086,11.0,-11.0,0.0,2477.23584,1098.1416,2100.94531,1067.0448,2473.0835,1099.9834,2099.922,1069.5166,2374,1052,2549,1157,1997,1023,2173,1127
118_02,HP_118,2,118_02.png,118_02.png,5.0195,-5.7577,-4.8836,6.8741,4.6673,59.6086,0.0,-11.0,0.0,2461.71021,1098.01318,2085.49146,1067.20032,2460.059,1099.87622,2086.95728,1069.64624,2374,1051,2549,1158,1997,1023,2173,1127
118_03,HP_118,3,118_03.png,118_03.png,5.0195,-5.7577,-4.8836,6.8741,4.6673,59.6086,-11.0,-11.0,0.0,2446.87256,1098.55017,2070.83887,1068.02258,2447.612,1100.32556,2074.65967,1070.33325,2373,1052,2549,1158,1997,1023,2172,1127
118_04,HP_118,4,118_04.png,118_04.png,5.0195,-5.7577,-4.8836,6.8741,4.6673,59.6086,-11.0,-5.5,0.0,2446.67432,1105.86829,2070.597,1075.193,2447.4458,1106.46509,2074.45752,1076.35083,2373,1058,2548,1160,1998,1029,2172,1130
118_05,HP_118,5,118_05.png,118_05.png,5.0195,-5.7577,-4.8836,6.8741,4.6673,59.6086,0.0,-5.5,0.0,2461.72119,1105.6543,2085.48828,1074.71826,2460.06763,1106.28589,2086.95483,1075.954,2373,1057,2548,1160,1998,1029,2172,1129
118_06,HP_118,6,118_06.png,118_06.png,5.0195,-5.7577,-4.8836,6.8741,4.6673,59.6086,11.0,-5.5,0.0,2477.494,1105.79333,2101.21362,1074.59326,2473.29883,1106.40234,2100.14673,1075.84961,2373,1057,2548,1159,1998,1028,2173,1129
118_07,HP_118,7,118_07.png,118_07.png,5.0195,-5.7577,-4.8836,6.8741,4.6673,59.6086,11.0,0.0,0.0,2477.566,1113.69043,2101.30664,1082.4126,2473.35938,1113.02673,2100.22485,1082.40881,2373,1064,2548,1162,1998,1035,2172,1131
118_08,HP_118,8,118_08.png,118_08.png,5.0195,-5.7577,-4.8836,6.8741,4.6673,59.6086,0.0,0.0,0.0,2461.73022,1113.53821,2085.48657,1082.50757,2460.0752,1112.89893,2086.95386,1082.4884,2373,1065,2548,1163,1998,1036,2171,1132
118_09,HP_118,9,118_09.png,118_09.png,5.0195,-5.7577,-4.8836,6.8741,4.6673,59.6086,-11.0,0.0,0.0,2446.62842,1113.39441,2070.514,1082.60071,2447.40771,1112.77881,2074.38818,1082.56665,2373,1065,2548,1162,1998,1037,2171,1133
118_10,HP_118,10,118_10.png,118_10.png,5.0195,-5.7577,-4.8836,6.8741,4.6673,59.6086,-11.0,5.5,0.0,2446.74219,1120.89453,2070.59741,1090.00623,2447.50269,1119.07092,2074.458,1088.78088,2373,1075,2548,1166,1998,1046,2171,1136
118_11,HP_118,11,118_11.png,118_11.png,5.0195,-5.7577,-4.8836,6.8741,4.6673,59.6086,0.0,5.5,0.0,2461.73779,1121.39075,2085.487,1090.29651,2460.08179,1119.486,2086.95386,1089.02271,2373,1074,2548,1166,1998,1045,2171,1135
118_12,HP_118,12,118_12.png,118_12.png,5.0195,-5.7577,-4.8836,6.8741,4.6673,59.6086,11.0,5.5,0.0,2477.44214,1121.551,2101.21558,1090.23315,2473.25635,1119.62109,2100.14844,1088.96912,2373,1073,2548,1166,1998,1043,2172,1134
118_13,HP_118,13,118_13.png,118_13.png,5.0195,-5.7577,-4.8836,6.8741,4.6673,59.6086,11.0,11.0,0.0,2477.13354,1129.0957,2100.94922,1097.78589,2472.99951,1125.95154,2099.92529,1095.30554,2373,1082,2548,1169,1998,1053,2172,1137
118_14,HP_118,14,118_14.png,118_14.png,5.0195,-5.7577,-4.8836,6.8741,4.6673,59.6086,0.0,11.0,0.0,2461.743,1128.93933,2085.489,1097.81335,2460.087,1125.81946,2086.95532,1095.32959,2373,1083,2548,1170,1998,1056,2171,1139
118_15,HP_118,15,118_15.png,118_15.png,5.0195,-5.7577,-4.8836,6.8741,4.6673,59.6086,-11.0,11.0,0.0,2447.00684,1128.135,2070.83984,1097.1709,2447.72461,1125.14636,2074.66016,1094.79346,2373,1084,2548,1170,1998,1057,2171,1140
119_01,HP_119,1,119_01.png,119_01.png,1.5476,-20.2503,6.863,12.0825,8.6127,62.0225,11.0,-11.0,0.0,2554.67358,1337.1377,2203.28149,1366.27991,2550.73047,1339.00024,2202.48657,1368.14941,2444,1298,2624,1404,2106,1329,2264,1433
119_02,HP_119,2,119_02.png,119_02.png,1.5476,-20.2503,6.863,12.0825,8.6127,62.0225,0.0,-11.0,0.0,2540.54272,1337.28833,2189.97778,1366.364,2538.87354,1339.127,2191.32178,1368.21912,2444,1297,2624,1403,2106,1327,2264,1433
119_03,HP_119,3,119_03.png,119_03.png,1.5476,-20.2503,6.863,12.0825,8.6127,62.0225,-11.0,-11.0,0.0,2527.10132,1337.94531,2177.466,1366.91968,2527.59546,1339.67712,2180.81738,1368.68335,2444,1296,2624,1403,2106,1327,2264,1433
119_04,HP_119,4,119_04.png,119_04.png,1.5476,-20.2503,6.863,12.0825,8.6127,62.0225,-11.0,-5.5,0.0,2526.85742,1344.38525,2177.19751,1373.08667,2527.39087,1345.0813,2180.59351,1373.8606,2444,1300,2624,1404,2106,1329,2264,1434
119_05,HP_119,5,119_05.png,119_05.png,1.5476,-20.2503,6.863,12.0825,8.6127,62.0225,0.0,-5.5,0.0,2540.579,1343.99829,2189.98633,1372.82739,2538.90356,1344.7572,2191.32959,1373.64392,2444,1300,2624,1404,2106,1330,2264,1434
119_06,HP_119,6,119_06.png,119_06.png,1.5476,-20.2503,6.863,12.0825,8.6127,62.0225,11.0,-5.5,0.0,2555.049,1343.87671,2203.6123,1372.82251,2551.044,1344.655,2202.764,1373.64014,2444,1302,2624,1405,2106,1332,2265,1434
119_07,HP_119,7,119_07.png,119_07.png,1.5476,-20.2503,6.863,12.0825,8.6127,62.0225,11.0,0.0,0.0,2555.284,1350.94836,2203.82227,1379.6875,2551.23975,1350.588,2202.9397,1379.40063,2445,1307,2624,1406,2106,1336,2265,1436
119_08,HP_119,8,119_08.png,119_08.png,1.5476,-20.2503,6.863,12.0825,8.6127,62.0225,0.0,0.0,0.0,2540.61353,1351.029,2189.99658,1379.60815,2538.93164,1350.65552,2191.33838,1379.334,2445,1305,2624,1406,2106,1334,2264,1435
119_09,HP_119,9,119_09.png,119_09.png,1.5476,-20.2503,6.863,12.0825,8.6127,62.0225,-11.0,0.0,0.0,2526.72583,1351.09949,2177.03735,1379.53174,2527.28076,1350.71484,2180.45972,1379.27039,2445,1304,2624,1406,2106,1333,2264,1435
119_10,HP_119,10,119_10.png,119_10.png,1.5476,-20.2503,6.863,12.0825,8.6127,62.0225,-11.0,5.5,0.0,2526.721,1357.91016,2176.99976,1386.08691,2527.27637,1356.42932,2180.42822,1384.77246,2445,1310,2624,1408,2106,1338,2264,1436
119_11,HP_119,11,119_11.png,119_11.png,1.5476,-20.2503,6.863,12.0825,8.6127,62.0225,0.0,5.5,0.0,2540.64429,1358.17371,2190.00879,1386.51563,2538.95728,1356.64941,2191.34888,1385.13037,2445,1312,2624,1409,2106,1339,2264,1437
119_12,HP_119,12,119_12.png,119_12.png,1.5476,-20.2503,6.863,12.0825,8.6127,62.0225,11.0,5.5,0.0,2555.35718,1358.13843,2203.89331,1386.68115,2551.30151,1356.62012,2202.99927,1385.26868,2446,1314,2624,1408,2106,1341,2266,1437
119_13,HP_119,13,119_13.png,119_13.png,1.5476,-20.2503,6.863,12.0825,8.6127,62.0225,11.0,11.0,0.0,2555.26343,1365.20776,2203.81934,1393.58557,2551.22339,1362.55151,2202.9375,1391.06213,2446,1323,2624,1411,2107,1348,2266,1439
119_14,HP_119,14,119_14.png,119_14.png,1.5476,-20.2503,6.863,12.0825,8.6127,62.0225,0.0,11.0,0.0,2540.671,1365.20337,2190.02271,1393.33582,2538.98022,1362.54736,2191.36035,1390.85376,2446,1320,2624,1411,2107,1346,2264,1439
119_15,HP_119,15,119_15.png,119_15.png,1.5476,-20.2503,6.863,12.0825,8.6127,62.0225,-11.0,11.0,0.0,2526.84473,1364.62231,2177.08936,1392.56543,2527.38037,1362.06152,2180.503,1390.21021,2446,1318,2624,1411,2106,1344,2264,1438
120_01,HP_120,1,120_01.png,120_01.png,13.3455,-9.7461,-3.7728,6.9873,17.526,58.9127,11.0,-11.0,0.0,2444.44067,1743.75244,2068.647,1717.2627,2440.43335,1745.41321,2067.80981,1719.50378,2338,1698,2517,1806,1967,1674,2139,1780
120_02,HP_120,2,120_02.png,120_02.png,13.3455,-9.7461,-3.7728,6.9873,17.526,58.9127,0.0,-11.0,0.0,2429.90747,1743.65662,2054.42,1717.317,2428.23853,1745.33325,2055.87061,1719.54871,2338,1698,2517,1806,1967,1674,2138,1781
120_03,HP_120,3,120_03.png,120_03.png,13.3455,-9.7461,-3.7728,6.9873,17.526,58.9127,-11.0,-11.0,0.0,2415.8623,1744.11426,2040.808,1717.90979,2416.45386,1745.71655,2044.444,1720.04407,2338,1698,2517,1806,1967,1674,2138,1781
120_04,HP_120,4,120_04.png,120_04.png,13.3455,-9.7461,-3.7728,6.9873,17.526,58.9127,-11.0,-5.5,0.0,2415.421,1750.85742,2040.322,1724.47229,2416.08423,1751.375,2044.03833,1725.553,2338,1702,2517,1808,1967,1678,2137,1782
120_05,HP_120,5,120_05.png,120_05.png,13.3455,-9.7461,-3.7728,6.9873,17.526,58.9127,0.0,-5.5,0.0,2429.93359,1750.62915,2054.41479,1724.13745,2428.25928,1751.18384,2055.86743,1725.27332,2338,1702,2517,1808,1967,1678,2137,1782
120_06,HP_120,6,120_06.png,120_06.png,13.3455,-9.7461,-3.7728,6.9873,17.526,58.9127,11.0,-5.5,0.0,2445.00073,1750.70923,2069.17651,1724.10266,2440.90063,1751.25073,2068.25342,1725.24426,2338,1702,2517,1807,1967,1678,2139,1782
120_07,HP_120,7,120_07.png,120_07.png,13.3455,-9.7461,-3.7728,6.9873,17.526,58.9127,11.0,0.0,0.0,2445.44482,1758.19507,2069.599,1731.47656,2441.27124,1757.53076,2068.60718,1731.43127,2338,1707,2517,1810,1967,1683,2138,1784
120_08,HP_120,8,120_08.png,120_08.png,13.3455,-9.7461,-3.7728,6.9873,17.526,58.9127,0.0,0.0,0.0,2429.95923,1758.12769,2054.41064,1731.49634,2428.28,1757.474,2055.865,1731.44788,2338,1708,2517,1811,1967,1684,2137,1784
120_09,HP_120,9,120_09.png,120_09.png,13.3455,-9.7461,-3.7728,6.9873,17.526,58.9127,-11.0,0.0,0.0,2415.08276,1758.06274,2039.937,1731.51563,2415.80078,1757.41992,2043.71729,1731.46411,2338,1708,2517,1811,1967,1684,2137,1785
120_10,HP_120,10,120_10.png,120_10.png,13.3455,-9.7461,-3.7728,6.9873,17.526,58.9127,-11.0,5.5,0.0,2414.877,1765.56055,2039.68457,1738.87415,2415.628,1763.70959,2043.50647,1737.63892,2338,1716,2516,1814,1967,1692,2137,1788
120_11,HP_120,11,120_11.png,120_11.png,13.3455,-9.7461,-3.7728,6.9873,17.526,58.9127,0.0,5.5,0.0,2429.984,1765.96191,2054.40771,1739.2124,2428.30029,1764.04517,2055.86279,1737.921,2338,1716,2516,1814,1967,1692,2137,1786
120_12,HP_120,12,120_12.png,120_12.png,13.3455,-9.7461,-3.7728,6.9873,17.526,58.9127,11.0,5.5,0.0,2445.73413,1766.01721,2069.87939,1739.2052,2441.5127,1764.09216,2068.842,1737.91467,2338,1715,2517,1813,1967,1691,2138,1786
120_13,HP_120,13,120_13.png,120_13.png,13.3455,-9.7461,-3.7728,6.9873,17.526,58.9127,11.0,11.0,0.0,2445.839,1773.91675,2069.99121,1747.047,2441.60059,1770.71851,2068.936,1744.49255,2338,1725,2516,1817,1967,1699,2138,1789
120_14,HP_120,14,120_14.png,120_14.png,13.3455,-9.7461,-3.7728,6.9873,17.526,58.9127,0.0,11.0,0.0,2430.00732,1773.878,2054.40625,1747.04016,2428.32,1770.685,2055.862,1744.48767,2338,1726,2516,1818,1967,1701,2137,1790
120_15,HP_120,15,120_15.png,120_15.png,13.3455,-9.7461,-3.7728,6.9873,17.526,58.9127,-11.0,11.0,0.0,2414.82373,1773.131,2039.58716,1746.32874,2415.58374,1770.0603,2043.42517,1743.8938,2338,1727,2516,1817,1967,1702,2137,1791
121_01,HP_121,1,121_01.png,121_01.png,-9.8663,-35.5839,3.3803,26.716,-11.0709,57.6978,11.0,-11.0,0.0,3345.744,314.886475,2937.99951,350.2921,3341.0647,317.170532,2937.039,352.5509,3220,270,3422,379,2832,308,3001,415
121_02,HP_121,2,121_02.png,121_02.png,-9.8663,-35.5839,3.3803,26.716,-11.0709,57.6978,0.0,-11.0,0.0,3328.647,315.813,2922.52881,351.319824,3326.72827,317.9452,2924.05664,353.410034,3220,269,3422,379,2832,306,3000,415
121_03,HP_121,3,121_03.png,121_03.png,-9.8663,-35.5839,3.3803,26.716,-11.0709,57.6978,-11.0,-11.0,0.0,3314.00928,317.13,2909.352,352.6908,3314.44946,319.047,2912.99072,354.5569,3220,269,3422,379,2832,306,2999,415
121_04,HP_121,4,121_04.png,121_04.png,-9.8663,-35.5839,3.3803,26.716,-11.0709,57.6978,-11.0,-5.5,0.0,3314.2085,324.376343,2909.46265,359.402832,3314.617,325.126831,2913.083,360.192017,3220,275,3422,382,2832,310,2999,416
121_05,HP_121,5,121_05.png,121_05.png,-9.8663,-35.5839,3.3803,26.716,-11.0709,57.6978,0.0,-5.5,0.0,3328.712,323.77356,2922.53638,358.714478,3326.7832,324.622437,2924.0625,359.615723,3220,275,3422,382,2832,311,2999,416
121_06,HP_121,6,121_06.png,121_06.png,-9.8663,-35.5839,3.3803,26.716,-11.0709,57.6978,11.0,-5.5,0.0,3345.5918,323.37146,2937.84448,358.191528,3340.93872,324.285767,2936.90918,359.178223,3220,277,3422,382,2832,313,3001,417
121_07,HP_121,7,121_07.png,121_07.png,-9.8663,-35.5839,3.3803,26.716,-11.0709,57.6978,11.0,0.0,0.0,3345.24365,331.634766,2937.52661,365.925537,3340.64941,331.216431,2936.64282,365.6676,3220,285,3421,384,2832,319,3002,418
121_08,HP_121,8,121_08.png,121_08.png,-9.8663,-35.5839,3.3803,26.716,-11.0709,57.6978,0.0,0.0,0.0,3328.77026,331.552,2922.54541,365.970947,3326.8335,331.147461,2924.06958,365.706055,3220,283,3422,385,2832,317,3000,418
121_09,HP_121,9,121_09.png,121_09.png,-9.8663,-35.5839,3.3803,26.716,-11.0709,57.6978,-11.0,0.0,0.0,3314.52124,331.483154,2909.68335,366.009277,3314.87915,331.0902,2913.26758,365.73877,3220,282,3422,384,2832,316,2999,418
121_10,HP_121,10,121_10.png,121_10.png,-9.8663,-35.5839,3.3803,26.716,-11.0709,57.6978,-11.0,5.5,0.0,3314.93,338.283325,2909.999,372.353638,3315.222,336.797363,2913.53076,371.066284,3220,290,3421,387,2832,322,3000,420
121_11,HP_121,11,121_11.png,121_11.png,-9.8663,-35.5839,3.3803,26.716,-11.0709,57.6978,0.0,5.5,0.0,3328.82227,338.930542,2922.55566,372.889526,3326.87817,337.338257,2924.07764,371.5138,3220,293,3421,388,2832,324,3000,420
121_12,HP_121,12,121_12.png,121_12.png,-9.8663,-35.5839,3.3803,26.716,-11.0709,57.6978,11.0,5.5,0.0,3344.73682,339.415283,2937.07544,373.261,3340.22729,337.7439,2936.26465,371.82373,3220,295,3421,388,2832,326,3002,421
121_13,HP_121,13,121_13.png,121_13.png,-9.8663,-35.5839,3.3803,26.716,-11.0709,57.6978,11.0,11.0,0.0,3344.117,346.535156,2936.52686,380.03125,3339.71118,343.719,2935.80518,377.5072,3220,306,3421,391,2832,334,3002,423
121_14,HP_121,14,121_14.png,121_14.png,-9.8663,-35.5839,3.3803,26.716,-11.0709,57.6978,0.0,11.0,0.0,3328.868,345.751831,2922.56738,379.322876,3326.918,343.0636,2924.08643,376.9159,3220,303,3421,391,2832,332,3001,423
121_15,HP_121,15,121_15.png,121_15.png,-9.8663,-35.5839,3.3803,26.716,-11.0709,57.6978,-11.0,11.0,0.0,3315.4126,344.6488,2910.38916,378.3147,3315.62671,342.140747,2913.85669,376.072876,3220,300,3421,390,2832,330,3000,423
122_01,HP_122,1,122_01.png,122_01.png,-3.1308,-32.6877,8.8488,26.5596,-1.9914,59.2106,11.0,-11.0,0.0,3299.004,808.709,2904.91968,860.8358,3294.52612,810.9352,2904.03271,862.844849,3179,768,3376,877,2802,821,2970,928
122_02,HP_122,2,122_02.png,122_02.png,-3.1308,-32.6877,8.8488,26.5596,-1.9914,59.2106,0.0,-11.0,0.0,3283.12354,809.599365,2890.371,861.6625,3281.20776,811.6804,2891.82275,863.5359,3179,767,3376,876,2802,820,2970,928
122_03,HP_122,3,122_03.png,122_03.png,-3.1308,-32.6877,8.8488,26.5596,-1.9914,59.2106,-11.0,-11.0,0.0,3269.36548,810.833862,2877.861,862.8174,3269.66577,812.7135,2881.31641,864.5021,3179,766,3376,876,2802,819,2970,928
122_04,HP_122,4,122_04.png,122_04.png,-3.1308,-32.6877,8.8488,26.5596,-1.9914,59.2106,-11.0,-5.5,0.0,3269.33936,817.5513,2877.7998,869.082031,3269.6438,818.3501,2881.26514,869.761963,3179,770,3376,877,2802,822,2970,929
122_05,HP_122,5,122_05.png,122_05.png,-3.1308,-32.6877,8.8488,26.5596,-1.9914,59.2106,0.0,-5.5,0.0,3283.159,816.9115,2890.38062,868.5094,3281.2373,817.8146,2891.83081,869.2827,3179,771,3376,878,2802,823,2970,929
122_06,HP_122,6,122_06.png,122_06.png,-3.1308,-32.6877,8.8488,26.5596,-1.9914,59.2106,11.0,-5.5,0.0,3299.14038,816.4418,2905.037,868.105,3294.64,817.4214,2904.13086,868.9446,3179,773,3376,878,2802,825,2971,929
122_07,HP_122,7,122_07.png,122_07.png,-3.1308,-32.6877,8.8488,26.5596,-1.9914,59.2106,11.0,0.0,0.0,3299.086,824.2722,2904.994,875.4811,3294.595,823.989258,2904.09473,875.133667,3180,780,3376,880,2803,830,2971,931
122_08,HP_122,8,122_08.png,122_08.png,-3.1308,-32.6877,8.8488,26.5596,-1.9914,59.2106,0.0,0.0,0.0,3283.19019,824.302246,2890.3916,875.447,3281.26367,824.014648,2891.84,875.1056,3180,777,3376,879,2803,828,2970,930
122_09,HP_122,9,122_09.png,122_09.png,-3.1308,-32.6877,8.8488,26.5596,-1.9914,59.2106,-11.0,0.0,0.0,3269.42651,824.3262,2877.84668,875.4164,3269.7168,824.035156,2881.30469,875.080444,3180,776,3376,879,2802,826,2970,930
122_10,HP_122,10,122_10.png,122_10.png,-3.1308,-32.6877,8.8488,26.5596,-1.9914,59.2106,-11.0,5.5,0.0,3269.6228,830.9878,2877.99951,881.6609,3269.88135,829.6255,2881.432,880.3236,3180,782,3376,881,2803,831,2970,931
122_11,HP_122,11,122_11.png,122_11.png,-3.1308,-32.6877,8.8488,26.5596,-1.9914,59.2106,0.0,5.5,0.0,3283.21753,831.5471,2890.404,882.2698,3281.28735,830.0929,2891.84985,880.8325,3181,785,3376,882,2803,834,2970,932
122_12,HP_122,12,122_12.png,122_12.png,-3.1308,-32.6877,8.8488,26.5596,-1.9914,59.2106,11.0,5.5,0.0,3298.84839,831.927856,2904.79468,882.7219,3294.39746,830.411133,2903.92773,881.209839,3181,788,3375,882,2803,836,2972,933
122_13,HP_122,13,122_13.png,122_13.png,-3.1308,-32.6877,8.8488,26.5596,-1.9914,59.2106,11.0,11.0,0.0,3298.45239,839.1686,2904.45752,889.608765,3294.06738,836.4863,2903.645,886.990234,3182,798,3375,885,2804,843,2972,935
122_14,HP_122,14,122_14.png,122_14.png,-3.1308,-32.6877,8.8488,26.5596,-1.9914,59.2106,0.0,11.0,0.0,3283.24023,838.444336,2890.41724,888.790039,3281.30737,835.8805,2891.86,886.3063,3181,794,3375,885,2803,841,2970,934
122_15,HP_122,15,122_15.png,122_15.png,-3.1308,-32.6877,8.8488,26.5596,-1.9914,59.2106,-11.0,11.0,0.0,3269.91724,837.380249,2878.2478,887.6675,3270.12842,834.9907,2881.6394,885.3679,3181,790,3375,884,2803,838,2970,933
123_01,HP_123,1,123_01.png,123_01.png,6.5044,-25.958,3.4286,24.5477,3.1644,57.8437,11.0,-11.0,0.0,3287.08765,986.886,2878.56543,1027.57776,3282.49048,989.1371,2877.599,1029.79187,3170,941,3366,1047,2774,983,2949,1090
123_02,HP_123,2,123_02.png,123_02.png,6.5044,-25.958,3.4286,24.5477,3.1644,57.8437,0.0,-11.0,0.0,3270.73047,987.6293,2863.21851,1028.55994,3268.77319,989.758545,2864.7207,1030.613,3170,941,3366,1047,2774,982,2949,1089
123_03,HP_123,3,123_03.png,123_03.png,6.5044,-25.958,3.4286,24.5477,3.1644,57.8437,-11.0,-11.0,0.0,3256.545,988.7737,2850.01147,1029.90222,3256.873,990.715942,2853.63,1031.73608,3170,941,3366,1047,2774,982,2949,1089
123_04,HP_123,4,123_04.png,123_04.png,6.5044,-25.958,3.4286,24.5477,3.1644,57.8437,-11.0,-5.5,0.0,3256.42725,995.7258,2849.8645,1036.455,3256.77441,996.549438,2853.50732,1037.23755,3171,947,3366,1049,2774,987,2949,1091
123_05,HP_123,5,123_05.png,123_05.png,6.5044,-25.958,3.4286,24.5477,3.1644,57.8437,0.0,-5.5,0.0,3270.75342,995.1926,2863.21826,1035.71716,3268.792,996.1034,2864.7207,1036.61987,3171,947,3366,1049,2774,987,2949,1091
123_06,HP_123,6,123_06.png,123_06.png,6.5044,-25.958,3.4286,24.5477,3.1644,57.8437,11.0,-5.5,0.0,3287.33423,994.875854,2878.79248,1035.15784,3282.696,995.8386,2877.78931,1036.1521,3171,948,3366,1049,2774,988,2950,1091
123_07,HP_123,7,123_07.png,123_07.png,6.5044,-25.958,3.4286,24.5477,3.1644,57.8437,11.0,0.0,0.0,3287.37842,1003.0824,2878.84277,1042.96643,3282.73315,1002.72107,2877.83154,1042.70313,3172,958,3366,1053,2775,995,2950,1093
123_08,HP_123,8,123_08.png,123_08.png,6.5044,-25.958,3.4286,24.5477,3.1644,57.8437,0.0,0.0,0.0,3270.774,1002.9364,2863.21924,1043.067,3268.80933,1002.59888,2864.72168,1042.788,3172,956,3366,1052,2775,994,2949,1093
123_09,HP_123,9,123_09.png,123_09.png,6.5044,-25.958,3.4286,24.5477,3.1644,57.8437,-11.0,0.0,0.0,3256.43237,1002.81433,2849.83716,1043.154,3256.77832,1002.49695,2853.48438,1042.86157,3172,954,3366,1052,2775,993,2949,1093
123_10,HP_123,10,123_10.png,123_10.png,6.5044,-25.958,3.4286,24.5477,3.1644,57.8437,-11.0,5.5,0.0,3256.56152,1009.85229,2849.932,1049.82068,3256.887,1008.40259,2853.56323,1048.4585,3172,963,3366,1055,2775,1000,2949,1095
123_11,HP_123,11,123_11.png,123_11.png,6.5044,-25.958,3.4286,24.5477,3.1644,57.8437,0.0,5.5,0.0,3270.792,1010.6134,2863.22217,1050.37842,3268.82446,1009.03894,2864.72363,1048.92383,3172,966,3366,1056,2775,1002,2949,1095
123_12,HP_123,12,123_12.png,123_12.png,6.5044,-25.958,3.4286,24.5477,3.1644,57.8437,11.0,5.5,0.0,3287.2168,1011.20618,2878.71069,1050.73267,3282.59888,1009.53467,2877.7207,1049.219,3172,969,3366,1057,2775,1004,2951,1096
123_13,HP_123,13,123_13.png,123_13.png,6.5044,-25.958,3.4286,24.5477,3.1644,57.8437,11.0,11.0,0.0,3286.86621,1018.9624,2878.40845,1058.19238,3282.30737,1016.0415,2877.46777,1055.47876,3172,980,3365,1061,2775,1012,2951,1099
123_14,HP_123,14,123_14.png,123_14.png,6.5044,-25.958,3.4286,24.5477,3.1644,57.8437,0.0,11.0,0.0,3270.807,1017.98706,2863.22559,1057.42542,3268.83813,1015.22559,2864.72632,1054.83887,3172,978,3365,1060,2775,1011,2950,1099
123_15,HP_123,15,123_15.png,123_15.png,6.5044,-25.958,3.4286,24.5477,3.1644,57.8437,-11.0,11.0,0.0,3256.80664,1016.65955,2850.14185,1056.27966,3257.09253,1014.11511,2853.73853,1053.88184,3172,974,3366,1058,2775,1009,2950,1098
124_01,HP_124,1,124_01.png,124_01.png,6.6936,-32.072,0.65587,25.7982,11.1509,58.8698,11.0,-11.0,0.0,3273.72046,1443.82178,2881.31885,1442.62109,3269.435,1445.64172,2880.56763,1444.70972,3155,1400,3350,1508,2779,1402,2946,1506
124_02,HP_124,2,124_02.png,124_02.png,6.6936,-32.072,0.65587,25.7982,11.1509,58.8698,0.0,-11.0,0.0,3258.73682,1444.51929,2867.5498,1443.35437,3256.86646,1446.22571,2869.0105,1445.32263,3155,1400,3350,1508,2779,1402,2945,1506
124_03,HP_124,3,124_03.png,124_03.png,6.6936,-32.072,0.65587,25.7982,11.1509,58.8698,-11.0,-11.0,0.0,3245.57227,1445.548,2855.55273,1444.3894,3245.8208,1447.08691,2858.93359,1446.18848,3155,1400,3350,1508,2779,1402,2945,1506
124_04,HP_124,4,124_04.png,124_04.png,6.6936,-32.072,0.65587,25.7982,11.1509,58.8698,-11.0,-5.5,0.0,3245.34521,1451.88013,2855.29736,1450.30713,3245.63062,1452.40112,2858.7207,1451.15808,3155,1404,3350,1509,2779,1405,2945,1507
124_05,HP_124,5,124_05.png,124_05.png,6.6936,-32.072,0.65587,25.7982,11.1509,58.8698,0.0,-5.5,0.0,3258.78125,1451.34009,2867.55322,1449.75732,3256.903,1451.94849,2869.014,1450.698,3155,1404,3350,1509,2779,1405,2945,1507
124_06,HP_124,6,124_06.png,124_06.png,6.6936,-32.072,0.65587,25.7982,11.1509,58.8698,11.0,-5.5,0.0,3274.17969,1450.97375,2881.70654,1449.367,3269.81836,1451.64185,2880.89233,1450.3717,3155,1405,3350,1509,2779,1405,2946,1507
124_07,HP_124,7,124_07.png,124_07.png,6.6936,-32.072,0.65587,25.7982,11.1509,58.8698,11.0,0.0,0.0,3274.492,1458.52783,2881.97,1456.499,3270.07886,1457.97827,2881.11328,1456.35657,3156,1411,3350,1511,2779,1410,2947,1509
124_08,HP_124,8,124_08.png,124_08.png,6.6936,-32.072,0.65587,25.7982,11.1509,58.8698,0.0,0.0,0.0,3258.82373,1458.49951,2867.55835,1456.492,3256.93872,1457.95483,2869.0188,1456.35083,3156,1410,3350,1512,2779,1410,2945,1509
124_09,HP_124,9,124_09.png,124_09.png,6.6936,-32.072,0.65587,25.7982,11.1509,58.8698,-11.0,0.0,0.0,3245.214,1458.47437,2855.13159,1456.48547,3245.52051,1457.93457,2858.582,1456.3457,3156,1410,3350,1512,2779,1409,2945,1509
124_10,HP_124,10,124_10.png,124_10.png,6.6936,-32.072,0.65587,25.7982,11.1509,58.8698,-11.0,5.5,0.0,3245.19067,1465.17969,2855.06787,1462.78491,3245.50073,1463.561,2858.529,1461.63477,3156,1417,3350,1514,2780,1415,2946,1511
124_11,HP_124,11,124_11.png,124_11.png,6.6936,-32.072,0.65587,25.7982,11.1509,58.8698,0.0,5.5,0.0,3258.86426,1465.80469,2867.56519,1463.38354,3256.97217,1464.08325,2869.02417,1462.135,3156,1418,3350,1515,2780,1416,2946,1511
124_12,HP_124,12,124_12.png,124_12.png,6.6936,-32.072,0.65587,25.7982,11.1509,58.8698,11.0,5.5,0.0,3274.63037,1466.256,2882.08643,1463.81641,3270.19434,1464.46021,2881.211,1462.49634,3156,1418,3350,1514,2780,1416,2947,1511
124_13,HP_124,13,124_13.png,124_13.png,6.6936,-32.072,0.65587,25.7982,11.1509,58.8698,11.0,11.0,0.0,3274.58179,1473.89246,2882.04517,1471.08325,3270.1543,1470.86584,2881.17651,1468.59424,3156,1427,3350,1517,2780,1424,2948,1513
124_14,HP_124,14,124_14.png,124_14.png,6.6936,-32.072,0.65587,25.7982,11.1509,58.8698,0.0,11.0,0.0,3258.90112,1473.0354,2867.57324,1470.231,3257.00317,1470.14941,2869.03125,1467.8822,3156,1426,3350,1518,2780,1423,2946,1513
124_15,HP_124,15,124_15.png,124_15.png,6.6936,-32.072,0.65587,25.7982,11.1509,58.8698,-11.0,11.0,0.0,3245.27881,1471.828,2855.1123,1469.04834,3245.5752,1469.14014,2858.566,1466.89368,3156,1424,3350,1517,2780,1422,2946,1513
125_01,HP_125,1,125_01.png,125_01.png,14.9162,-25.3585,2.0532,26.8119,14.43,61.0196,11.0,-11.0,0.0,3313.589,1529.75671,2934.055,1553.529,3309.627,1531.4696,2933.42627,1555.35083,3205,1485,3391,1587,2836,1510,3004,1612
125_02,HP_125,2,125_02.png,125_02.png,14.9162,-25.3585,2.0532,26.8119,14.43,61.0196,0.0,-11.0,0.0,3300.30957,1530.30225,2921.454,1554.269,3298.485,1531.92627,2922.84766,1555.96985,3205,1485,3391,1587,2836,1509,3004,1612
125_03,HP_125,3,125_03.png,125_03.png,14.9162,-25.3585,2.0532,26.8119,14.43,61.0196,-11.0,-11.0,0.0,3288.58057,1531.11035,2910.44678,1555.24048,3288.642,1532.60291,2913.60132,1556.7832,3205,1485,3391,1587,2836,1509,3004,1612
125_04,HP_125,4,125_04.png,125_04.png,14.9162,-25.3585,2.0532,26.8119,14.43,61.0196,-11.0,-5.5,0.0,3288.34668,1536.79041,2910.2,1560.63367,3288.44556,1537.37085,2913.39478,1561.31274,3206,1490,3391,1589,2837,1513,3004,1613
125_05,HP_125,5,125_05.png,125_05.png,14.9162,-25.3585,2.0532,26.8119,14.43,61.0196,0.0,-5.5,0.0,3300.326,1536.39685,2921.451,1560.086,3298.49829,1537.04126,2922.8457,1560.85425,3206,1490,3391,1589,2837,1513,3005,1613
125_06,HP_125,6,125_06.png,125_06.png,14.9162,-25.3585,2.0532,26.8119,14.43,61.0196,11.0,-5.5,0.0,3313.98145,1536.14673,2934.41479,1559.65637,3309.95435,1536.83191,2933.72778,1560.49451,3206,1490,3391,1589,2837,1514,3005,1613
125_07,HP_125,7,125_07.png,125_07.png,14.9162,-25.3585,2.0532,26.8119,14.43,61.0196,11.0,0.0,0.0,3314.26343,1542.906,2934.67676,1566.14746,3310.18945,1542.50293,2933.94727,1565.94226,3207,1497,3391,1592,2837,1520,3005,1615
125_08,HP_125,8,125_08.png,125_08.png,14.9162,-25.3585,2.0532,26.8119,14.43,61.0196,0.0,0.0,0.0,3300.342,1542.80371,2921.449,1566.21338,3298.511,1542.41736,2922.84424,1565.998,3207,1496,3391,1592,2837,1519,3005,1615
125_09,HP_125,9,125_09.png,125_09.png,14.9162,-25.3585,2.0532,26.8119,14.43,61.0196,-11.0,0.0,0.0,3288.1875,1542.71631,2910.02417,1566.27124,3288.312,1542.34448,2913.24829,1566.047,3206,1496,3391,1591,2837,1518,3005,1615
125_10,HP_125,10,125_10.png,125_10.png,14.9162,-25.3585,2.0532,26.8119,14.43,61.0196,-11.0,5.5,0.0,3288.11279,1548.77,2909.932,1572.0415,3288.24927,1547.42542,2913.171,1570.89221,3207,1503,3391,1594,2837,1524,3005,1617
125_11,HP_125,11,125_11.png,125_11.png,14.9162,-25.3585,2.0532,26.8119,14.43,61.0196,0.0,5.5,0.0,3300.356,1549.37427,2921.44775,1572.5127,3298.52246,1547.93066,2922.84326,1571.28589,3207,1505,3391,1595,2837,1525,3005,1617
125_12,HP_125,12,125_12.png,125_12.png,14.9162,-25.3585,2.0532,26.8119,14.43,61.0196,11.0,5.5,0.0,3314.41187,1549.85986,2934.81958,1572.84314,3310.31348,1548.33691,2934.06714,1571.56152,3207,1507,3391,1595,2837,1527,3006,1617
125_13,HP_125,13,125_13.png,125_13.png,14.9162,-25.3585,2.0532,26.8119,14.43,61.0196,11.0,11.0,0.0,3314.414,1556.799,2934.831,1579.55066,3310.31519,1554.15869,2934.07666,1577.19067,3208,1516,3391,1599,2838,1535,3006,1620
125_14,HP_125,14,125_14.png,125_14.png,14.9162,-25.3585,2.0532,26.8119,14.43,61.0196,0.0,11.0,0.0,3300.36841,1555.93494,2921.44775,1578.81885,3298.5332,1553.43579,2922.843,1576.57959,3208,1514,3391,1598,2838,1534,3005,1620
125_15,HP_125,15,125_15.png,125_15.png,14.9162,-25.3585,2.0532,26.8119,14.43,61.0196,-11.0,11.0,0.0,3288.12939,1554.81738,2909.929,1577.814,3288.26318,1552.501,2913.16821,1575.73975,3208,1511,3391,1597,2838,1532,3005,1620
