image_path,hp_folder,head_rot_x,head_rot_y,head_rot_z,head_pos_x,head_pos_y,head_pos_z,look_at_x,look_at_y,look_at_z,left_iris_x,left_iris_y,left_pupil_x,left_pupil_y,left_cornea_x,left_cornea_y,left_globe_x,left_globe_y,right_iris_x,right_iris_y,right_pupil_x,right_pupil_y,right_cornea_x,right_cornea_y,right_globe_x,right_globe_y
User_01/Grid_15/HP_001/01.png,HP_001,-7.5351,16.9408,0.79365,-11.5513,-2.8816,42.251,11.0,-11.0,0.0,1477.988,610.2001,1485.659,605.898438,1455.706,622.6952,1438.30835,632.451538,885.8164,608.959839,888.7343,603.7831,877.3621,623.9585,870.783142,635.629761
User_01/Grid_15/HP_001/02.png,HP_001,-7.5351,16.9408,0.79365,-11.5513,-2.8816,42.251,0.0,-11.0,0.0,1451.62073,606.6892,1454.20715,601.6836,1444.13147,621.1825,1438.30835,632.451538,857.8529,605.2521,855.333252,599.3329,865.134766,622.359863,870.783142,635.629761
User_01/Grid_15/HP_001/03.png,HP_001,-7.5351,16.9408,0.79365,-11.5513,-2.8816,42.251,-11.0,-11.0,0.0,1421.05493,605.7378,1417.69641,600.537842,1430.768,620.776733,1438.30835,632.451538,824.7431,603.973,815.7645,597.7992,850.6795,621.806763,870.783142,635.629761
User_01/Grid_15/HP_001/04.png,HP_001,-7.5351,16.9408,0.79365,-11.5513,-2.8816,42.251,-11.0,-5.5,0.0,1420.72034,620.8718,1417.2959,618.617065,1430.62292,627.3915,1438.30835,632.451538,824.184937,620.193,815.092041,617.180664,850.4412,628.891,870.783142,635.629761
User_01/Grid_15/HP_001/05.png,HP_001,-7.5351,16.9408,0.79365,-11.5513,-2.8816,42.251,0.0,-5.5,0.0,1451.62451,621.428,1454.2124,619.285645,1444.13232,627.6304,1438.30835,632.451538,857.8392,620.8335,855.3156,617.948853,865.129944,629.1677,870.783142,635.629761
User_01/Grid_15/HP_001/06.png,HP_001,-7.5351,16.9408,0.79365,-11.5513,-2.8816,42.251,11.0,-5.5,0.0,1478.21912,623.297852,1485.93616,621.527954,1455.806,628.438354,1438.30835,632.451538,886.0998,622.7339,889.074,620.229858,877.4852,629.987061,870.783142,635.629761
User_01/Grid_15/HP_001/07.png,HP_001,-7.5351,16.9408,0.79365,-11.5513,-2.8816,42.251,11.0,0.0,0.0,1477.869,636.6207,1485.51428,637.4264,1455.65686,634.279663,1438.30835,632.451538,885.814941,636.8031,888.732361,637.030762,877.361633,636.1433,870.783142,635.629761
User_01/Grid_15/HP_001/08.png,HP_001,-7.5351,16.9408,0.79365,-11.5513,-2.8816,42.251,0.0,0.0,0.0,1451.62219,636.493042,1454.208,637.2782,1444.13318,634.2197,1438.30835,632.451538,857.8317,636.871,855.308167,637.1129,865.125366,636.172,870.783142,635.629761
User_01/Grid_15/HP_001/09.png,HP_001,-7.5351,16.9408,0.79365,-11.5513,-2.8816,42.251,-11.0,0.0,0.0,1421.21545,636.34436,1417.88953,637.1019,1430.83655,634.1533,1438.30835,632.451538,824.647766,636.953735,815.650635,637.2118,850.6375,636.207764,870.783142,635.629761
User_01/Grid_15/HP_001/10.png,HP_001,-7.5351,16.9408,0.79365,-11.5513,-2.8816,42.251,-11.0,5.5,0.0,1422.44128,650.9503,1419.35925,654.5437,1431.367,640.5442,1438.30835,632.451538,826.020264,652.792847,817.3051,656.1344,851.2216,643.1301,870.783142,635.629761
User_01/Grid_15/HP_001/11.png,HP_001,-7.5351,16.9408,0.79365,-11.5513,-2.8816,42.251,0.0,5.5,0.0,1451.61462,650.729,1454.19458,654.273438,1444.13416,640.4541,1438.30835,632.451538,857.830566,652.1146,855.3106,655.3219,865.121155,642.835938,870.783142,635.629761
User_01/Grid_15/HP_001/12.png,HP_001,-7.5351,16.9408,0.79365,-11.5513,-2.8816,42.251,11.0,5.5,0.0,1476.99512,649.3314,1484.46265,652.5897,1455.28308,639.858032,1438.30835,632.451538,885.005,650.3313,887.7626,653.181763,877.0102,642.0668,870.783142,635.629761
User_01/Grid_15/HP_001/13.png,HP_001,-7.5351,16.9408,0.79365,-11.5513,-2.8816,42.251,11.0,11.0,0.0,1475.736,660.7881,1482.94873,666.249,1454.74316,644.894531,1438.30835,632.451538,883.793335,662.649658,886.311951,667.8806,876.4835,647.46875,870.783142,635.629761
User_01/Grid_15/HP_001/14.png,HP_001,-7.5351,16.9408,0.79365,-11.5513,-2.8816,42.251,0.0,11.0,0.0,1451.60315,663.2971,1454.17554,669.265259,1444.13538,645.9706,1438.30835,632.451538,857.8341,665.6306,855.320068,671.455566,865.1171,648.7572,870.783142,635.629761
User_01/Grid_15/HP_001/15.png,HP_001,-7.5351,16.9408,0.79365,-11.5513,-2.8816,42.251,-11.0,11.0,0.0,1424.16638,663.8179,1421.42578,669.8965,1432.11487,646.1885,1438.30835,632.451538,828.002441,666.6575,819.6928,672.6841,852.0672,649.204,870.783142,635.629761
User_01/Grid_15/HP_002/01.png,HP_002,-1.8442,24.595,-1.7234,-11.7855,0.37975,37.4695,11.0,-11.0,0.0,1517.90479,802.457031,1527.031,797.1599,1491.44531,817.8146,1470.83728,829.776,850.723,761.0427,854.8008,754.158569,838.940857,780.9343,829.8055,796.357666
User_01/Grid_15/HP_002/02.png,HP_002,-1.8442,24.595,-1.7234,-11.7855,0.37975,37.4695,0.0,-11.0,0.0,1485.62659,797.659668,1488.5116,791.394653,1477.29419,815.75415,1470.83728,829.776,814.525,755.424561,811.531,747.4044,823.147766,778.5233,829.8055,796.357666
User_01/Grid_15/HP_002/03.png,HP_002,-1.8442,24.595,-1.7234,-11.7855,0.37975,37.4695,-11.0,-11.0,0.0,1448.07654,796.738647,1443.62842,790.282,1460.90857,815.3644,1470.83728,829.776,770.8104,753.8938,759.243042,745.5679,804.110168,777.8627,829.8055,796.357666
User_01/Grid_15/HP_002/04.png,HP_002,-1.8442,24.595,-1.7234,-11.7855,0.37975,37.4695,-11.0,-5.5,0.0,1446.90308,815.181,1442.22034,812.325562,1460.402,823.4126,1470.83728,829.776,769.05304,774.6411,757.121643,770.3761,803.3654,786.9065,829.8055,796.357666
User_01/Grid_15/HP_002/05.png,HP_002,-1.8442,24.595,-1.7234,-11.7855,0.37975,37.4695,0.0,-5.5,0.0,1485.57568,815.767334,1488.45386,813.0316,1477.2688,823.6631,1470.83728,829.776,814.489258,775.4542,811.4842,771.353,823.1368,787.2562,829.8055,796.357666
User_01/Grid_15/HP_002/06.png,HP_002,-1.8442,24.595,-1.7234,-11.7855,0.37975,37.4695,11.0,-5.5,0.0,1518.60718,818.4431,1527.8761,816.244141,1491.74634,824.815552,1470.83728,829.776,851.5876,778.4846,855.8376,774.997437,839.314636,788.555054,829.8055,796.357666
User_01/Grid_15/HP_002/07.png,HP_002,-1.8442,24.595,-1.7234,-11.7855,0.37975,37.4695,11.0,0.0,0.0,1518.42749,835.181152,1527.65881,836.229736,1491.67053,832.1422,1470.83728,829.776,851.538,796.8148,855.777954,796.903931,839.293335,796.557251,829.8055,796.357666
User_01/Grid_15/HP_002/08.png,HP_002,-1.8442,24.595,-1.7234,-11.7855,0.37975,37.4695,0.0,0.0,0.0,1485.51135,834.9884,1488.376,836.006,1477.24182,832.051,1470.83728,829.776,814.4679,796.9332,811.4587,797.046143,823.1271,796.6083,829.8055,796.357666
User_01/Grid_15/HP_002/09.png,HP_002,-1.8442,24.595,-1.7234,-11.7855,0.37975,37.4695,-11.0,0.0,0.0,1446.99121,834.7533,1442.32751,835.7268,1460.43872,831.9464,1470.83728,829.776,769.0762,797.089355,757.1505,797.233032,803.3743,796.676,829.8055,796.357666
User_01/Grid_15/HP_002/10.png,HP_002,-1.8442,24.595,-1.7234,-11.7855,0.37975,37.4695,-11.0,5.5,0.0,1448.32532,853.5394,1443.93042,858.178833,1461.01221,840.147339,1470.83728,829.776,770.8744,818.6134,759.3224,822.9758,804.135,806.052246,829.8055,796.357666
User_01/Grid_15/HP_002/11.png,HP_002,-1.8442,24.595,-1.7234,-11.7855,0.37975,37.4695,0.0,5.5,0.0,1485.43713,853.4354,1488.28235,858.046265,1477.21448,840.1105,1470.83728,829.776,814.461731,817.6271,811.456055,821.7932,823.1195,805.625732,829.8055,796.357666
User_01/Grid_15/HP_002/12.png,HP_002,-1.8442,24.595,-1.7234,-11.7855,0.37975,37.4695,11.0,5.5,0.0,1517.38074,851.3601,1526.39771,855.5416,1491.22424,839.2302,1470.83728,829.776,850.577759,814.65686,854.626343,818.2234,838.878235,804.350342,829.8055,796.357666
User_01/Grid_15/HP_002/13.png,HP_002,-1.8442,24.595,-1.7234,-11.7855,0.37975,37.4695,11.0,11.0,0.0,1515.66626,865.87854,1524.33386,872.8589,1490.49158,845.6044,1470.83728,829.776,848.8964,830.827,852.6107,837.533447,838.150757,811.4253,829.8055,796.357666
User_01/Grid_15/HP_002/14.png,HP_002,-1.8442,24.595,-1.7234,-11.7855,0.37975,37.4695,0.0,11.0,0.0,1485.35876,869.5803,1488.181,877.3164,1477.18848,847.1848,1470.83728,829.776,814.46814,835.7213,811.4717,843.4116,823.1139,813.5316,829.8055,796.357666
User_01/Grid_15/HP_002/15.png,HP_002,-1.8442,24.595,-1.7234,-11.7855,0.37975,37.4695,-11.0,11.0,0.0,1450.57,869.9861,1446.62427,877.8142,1461.98022,847.348267,1470.83728,829.776,773.897766,837.1389,762.971558,845.1089,805.417542,814.1472,829.8055,796.357666
User_01/Grid_15/HP_003/01.png,HP_003,-0.58255,24.6328,-0.58462,-11.3029,5.2374,40.0694,11.0,-11.0,0.0,1585.67944,1222.75879,1593.52356,1218.2655,1562.89685,1235.80847,1545.111,1245.99622,984.7828,1229.56128,988.0048,1224.104,975.4525,1245.36426,968.1967,1257.65332
User_01/Grid_15/HP_003/02.png,HP_003,-0.58255,24.6328,-0.58462,-11.3029,5.2374,40.0694,0.0,-11.0,0.0,1558.71448,1219.77869,1561.35657,1214.68652,1551.06238,1234.52612,1545.111,1245.99622,954.583252,1225.82031,951.9295,1219.61523,962.251038,1243.75012,968.1967,1257.65332
User_01/Grid_15/HP_003/03.png,HP_003,-0.58255,24.6328,-0.58462,-11.3029,5.2374,40.0694,-11.0,-11.0,0.0,1528.30713,1219.42542,1525.03882,1214.25745,1537.76416,1234.37915,1545.111,1245.99622,919.8613,1224.90662,910.4386,1218.523,947.086853,1243.35168,968.1967,1257.65332
User_01/Grid_15/HP_003/04.png,HP_003,-0.58255,24.6328,-0.58462,-11.3029,5.2374,40.0694,-11.0,-5.5,0.0,1526.85889,1234.10547,1523.3031,1231.78882,1537.13708,1240.80127,1545.111,1245.99622,917.8508,1241.01782,908.0158,1237.76807,946.230347,1250.39526,968.1967,1257.65332
User_01/Grid_15/HP_003/05.png,HP_003,-0.58255,24.6328,-0.58462,-11.3029,5.2374,40.0694,0.0,-5.5,0.0,1558.67358,1234.25244,1561.312,1231.968,1551.04,1240.8623,1545.111,1245.99622,954.5393,1241.64233,951.8722,1238.51538,962.237061,1250.66663,968.1967,1257.65332
User_01/Grid_15/HP_003/06.png,HP_003,-0.58255,24.6328,-0.58462,-11.3029,5.2374,40.0694,11.0,-5.5,0.0,1586.67358,1235.895,1594.71912,1233.93958,1563.32312,1241.57,1545.111,1245.99622,985.9394,1243.84607,989.390259,1241.1604,975.953735,1251.617,968.1967,1257.65332
User_01/Grid_15/HP_003/07.png,HP_003,-0.58255,24.6328,-0.58462,-11.3029,5.2374,40.0694,11.0,0.0,0.0,1587.085,1250.07178,1595.21362,1250.86108,1563.49976,1247.78162,1545.111,1245.99622,986.4896,1259.313,990.05,1259.636,976.192,1258.37866,968.1967,1257.65332
User_01/Grid_15/HP_003/08.png,HP_003,-0.58255,24.6328,-0.58462,-11.3029,5.2374,40.0694,0.0,0.0,0.0,1558.62146,1250.13525,1561.25146,1250.94092,1551.0155,1247.805,1545.111,1245.99622,954.504639,1259.21069,951.8281,1259.51526,962.2246,1258.33276,968.1967,1257.65332
User_01/Grid_15/HP_003/09.png,HP_003,-0.58255,24.6328,-0.58462,-11.3029,5.2374,40.0694,-11.0,0.0,0.0,1526.15918,1250.198,1522.46448,1251.01709,1536.83386,1247.8313,1545.111,1245.99622,916.8197,1259.07556,906.772949,1259.35364,945.7914,1258.27368,968.1967,1257.65332
User_01/Grid_15/HP_003/10.png,HP_003,-0.58255,24.6328,-0.58462,-11.3029,5.2374,40.0694,-11.0,5.5,0.0,1526.36951,1266.47424,1522.71777,1270.46436,1536.924,1254.94189,1545.111,1245.99622,917.0437,1277.50415,907.043945,1281.38464,945.8857,1266.31152,968.1967,1257.65332
User_01/Grid_15/HP_003/11.png,HP_003,-0.58255,24.6328,-0.58462,-11.3029,5.2374,40.0694,0.0,5.5,0.0,1558.55859,1266.2041,1561.175,1270.13586,1550.98938,1254.82959,1545.111,1245.99622,954.482239,1277.10852,951.8021,1280.91052,962.214233,1266.14038,968.1967,1257.65332
User_01/Grid_15/HP_003/12.png,HP_003,-0.58255,24.6328,-0.58462,-11.3029,5.2374,40.0694,11.0,5.5,0.0,1586.81445,1264.37256,1594.88757,1267.92993,1563.38452,1254.04834,1545.111,1245.99622,986.324158,1274.99353,989.8513,1278.3678,976.120361,1265.23291,968.1967,1257.65332
User_01/Grid_15/HP_003/13.png,HP_003,-0.58255,24.6328,-0.58462,-11.3029,5.2374,40.0694,11.0,11.0,0.0,1585.89685,1277.813,1593.7832,1283.96509,1562.99231,1259.94531,1545.111,1245.99622,985.4688,1289.83423,988.826538,1296.09021,975.7498,1271.72632,968.1967,1257.65332
User_01/Grid_15/HP_003/14.png,HP_003,-0.58255,24.6328,-0.58462,-11.3029,5.2374,40.0694,0.0,11.0,0.0,1558.48853,1281.12354,1561.0874,1287.94775,1550.96289,1261.36243,1545.111,1245.99622,954.472961,1293.74951,951.7947,1300.79346,962.205933,1273.41016,968.1967,1257.65332
User_01/Grid_15/HP_003/15.png,HP_003,-0.58255,24.6328,-0.58462,-11.3029,5.2374,40.0694,-11.0,11.0,0.0,1527.44312,1281.59521,1524.0061,1288.52063,1537.38733,1261.55872,1545.111,1245.99622,918.459534,1294.52148,908.751953,1301.71729,946.4872,1273.74585,968.1967,1257.65332
User_01/Grid_15/HP_004/01.png,HP_004,9.0383,23.5103,4.9419,-10.7992,8.4071,40.0107,11.0,-11.0,0.0,1580.958,1330.61633,1588.5791,1326.21851,1558.81213,1343.39551,1541.512,1353.3783,987.539856,1358.8894,990.5305,1353.73535,978.8736,1373.8241,972.128662,1385.44788
User_01/Grid_15/HP_004/02.png,HP_004,9.0383,23.5103,4.9419,-10.7992,8.4071,40.0107,0.0,-11.0,0.0,1555.10278,1327.58447,1557.73962,1322.58008,1547.46094,1342.088,1541.512,1353.3783,958.8378,1355.76062,956.2505,1349.9812,966.320435,1372.47412,972.128662,1385.44788
User_01/Grid_15/HP_004/03.png,HP_004,9.0383,23.5103,4.9419,-10.7992,8.4071,40.0107,-11.0,-11.0,0.0,1526.04419,1326.9054,1523.03918,1321.76233,1534.74585,1341.7981,1541.512,1353.3783,926.0235,1355.20581,917.046448,1349.31763,951.9813,1372.23242,972.128662,1385.44788
User_01/Grid_15/HP_004/04.png,HP_004,9.0383,23.5103,4.9419,-10.7992,8.4071,40.0107,-11.0,-5.5,0.0,1524.54236,1340.8479,1521.2395,1338.40918,1534.095,1347.90161,1541.512,1353.3783,923.9983,1370.45068,914.607,1367.52454,951.117432,1378.90088,972.128662,1385.44788
User_01/Grid_15/HP_004/05.png,HP_004,9.0383,23.5103,4.9419,-10.7992,8.4071,40.0107,0.0,-5.5,0.0,1555.08374,1341.34143,1557.72144,1339.0022,1547.44775,1348.114,1541.512,1353.3783,958.7969,1370.70825,956.1964,1367.83313,966.307861,1379.01245,972.128662,1385.44788
User_01/Grid_15/HP_004/06.png,HP_004,9.0383,23.5103,4.9419,-10.7992,8.4071,40.0107,11.0,-5.5,0.0,1582.02185,1343.17224,1589.8584,1341.19788,1559.26855,1348.90479,1541.512,1353.3783,988.7472,1372.45386,991.976746,1369.92871,979.3973,1379.7644,972.128662,1385.44788
User_01/Grid_15/HP_004/07.png,HP_004,9.0383,23.5103,4.9419,-10.7992,8.4071,40.0107,11.0,0.0,0.0,1582.57056,1356.82178,1590.518,1357.4884,1559.50378,1354.88733,1541.512,1353.3783,989.4271,1387.24707,992.7913,1387.59692,979.6921,1386.23462,972.128662,1385.44788
User_01/Grid_15/HP_004/08.png,HP_004,9.0383,23.5103,4.9419,-10.7992,8.4071,40.0107,0.0,0.0,0.0,1555.05579,1356.57385,1557.69019,1357.19556,1547.433,1354.77539,1541.512,1353.3783,958.761963,1387.427,956.1516,1387.81348,966.2957,1386.31152,972.128662,1385.44788
User_01/Grid_15/HP_004/09.png,HP_004,9.0383,23.5103,4.9419,-10.7992,8.4071,40.0107,-11.0,0.0,0.0,1523.69019,1356.29053,1520.21826,1356.85791,1533.72607,1354.65063,1541.512,1353.3783,922.792969,1387.65015,913.154846,1388.08044,950.6036,1386.40869,972.128662,1385.44788
User_01/Grid_15/HP_004/10.png,HP_004,9.0383,23.5103,4.9419,-10.7992,8.4071,40.0107,-11.0,5.5,0.0,1523.67517,1372.14575,1520.20081,1375.80127,1533.719,1361.57788,1541.512,1353.3783,922.7082,1405.44165,913.0536,1409.34741,950.5665,1394.17114,972.128662,1385.44788
User_01/Grid_15/HP_004/11.png,HP_004,9.0383,23.5103,4.9419,-10.7992,8.4071,40.0107,0.0,5.5,0.0,1555.01843,1372.20007,1557.64514,1375.86084,1547.417,1361.60718,1541.512,1353.3783,958.7363,1404.69055,956.121033,1408.44824,966.284546,1393.84485,972.128662,1385.44788
User_01/Grid_15/HP_004/12.png,HP_004,9.0383,23.5103,4.9419,-10.7992,8.4071,40.0107,11.0,5.5,0.0,1582.48828,1370.74,1590.41846,1374.1001,1559.46924,1360.98682,1541.512,1353.3783,989.4541,1402.41138,992.8235,1405.71045,979.7036,1392.86475,972.128662,1385.44788
User_01/Grid_15/HP_004/13.png,HP_004,9.0383,23.5103,4.9419,-10.7992,8.4071,40.0107,11.0,11.0,0.0,1581.776,1383.98486,1589.56128,1389.90259,1559.16492,1366.79712,1541.512,1353.3783,988.8178,1416.95215,992.0612,1423.07471,979.428162,1399.227,972.128662,1385.44788
User_01/Grid_15/HP_004/14.png,HP_004,9.0383,23.5103,4.9419,-10.7992,8.4071,40.0107,0.0,11.0,0.0,1554.9729,1386.94507,1557.58777,1393.46606,1547.40051,1368.062,1541.512,1353.3783,958.721436,1421.01147,956.10614,1427.94873,966.275,1400.9751,972.128662,1385.44788
User_01/Grid_15/HP_004/15.png,HP_004,9.0383,23.5103,4.9419,-10.7992,8.4071,40.0107,-11.0,11.0,0.0,1524.50452,1387.12988,1521.1958,1393.69641,1534.07727,1368.13269,1541.512,1353.3783,923.7672,1422.14893,914.3314,1429.30957,951.0159,1401.47009,972.128662,1385.44788
User_01/Grid_15/HP_005/01.png,HP_005,12.5747,22.2863,-0.15007,-12.0238,10.0601,38.1585,11.0,-11.0,0.0,1476.53687,1505.97583,1484.563,1501.53076,1453.22107,1518.88867,1435.013,1528.97253,840.7901,1483.594,843.887451,1477.90942,831.8169,1500.06274,824.8347,1512.8772
User_01/Grid_15/HP_005/02.png,HP_005,12.5747,22.2863,-0.15007,-12.0238,10.0601,38.1585,0.0,-11.0,0.0,1448.98889,1502.50415,1451.70251,1497.3645,1441.12793,1517.39136,1435.013,1528.97253,810.436157,1479.87744,807.6313,1473.44861,818.54425,1498.46045,824.8347,1512.8772
User_01/Grid_15/HP_005/03.png,HP_005,12.5747,22.2863,-0.15007,-12.0238,10.0601,38.1585,-11.0,-11.0,0.0,1417.46533,1501.57007,1414.05237,1496.24,1427.34106,1516.99219,1435.013,1528.97253,774.991,1478.8363,765.27594,1472.20142,803.0645,1498.00916,824.8347,1512.8772
User_01/Grid_15/HP_005/04.png,HP_005,12.5747,22.2863,-0.15007,-12.0238,10.0601,38.1585,-11.0,-5.5,0.0,1415.47461,1516.47839,1411.666,1514.043,1426.47974,1523.51587,1435.013,1528.97253,772.3898,1495.11523,762.14,1491.64392,801.9575,1505.129,824.8347,1512.8772
User_01/Grid_15/HP_005/05.png,HP_005,12.5747,22.2863,-0.15007,-12.0238,10.0601,38.1585,0.0,-5.5,0.0,1448.9696,1517.1106,1451.68542,1514.80273,1441.11365,1523.7876,1435.013,1528.97253,810.4158,1495.71411,807.6,1492.36255,818.5424,1505.38745,824.8347,1512.8772
User_01/Grid_15/HP_005/06.png,HP_005,12.5747,22.2863,-0.15007,-12.0238,10.0601,38.1585,11.0,-5.5,0.0,1477.87061,1519.22217,1486.16614,1517.33472,1453.79309,1524.7,1435.013,1528.97253,842.277466,1497.87134,845.6692,1494.95374,832.462036,1506.31555,824.8347,1512.8772
User_01/Grid_15/HP_005/07.png,HP_005,12.5747,22.2863,-0.15007,-12.0238,10.0601,38.1585,11.0,0.0,0.0,1478.67859,1533.83228,1487.13757,1534.77368,1454.14,1531.10132,1435.013,1528.97253,843.228638,1513.64014,846.8089,1513.78857,832.8739,1513.21045,824.8347,1512.8772
User_01/Grid_15/HP_005/08.png,HP_005,12.5747,22.2863,-0.15007,-12.0238,10.0601,38.1585,0.0,0.0,0.0,1448.94128,1533.62329,1451.65491,1534.52942,1441.09753,1531.00439,1435.013,1528.97253,810.4023,1513.77515,807.579346,1513.95081,818.5413,1513.26868,824.8347,1512.8772
User_01/Grid_15/HP_005/09.png,HP_005,12.5747,22.2863,-0.15007,-12.0238,10.0601,38.1585,-11.0,0.0,0.0,1414.16309,1533.375,1410.09326,1534.23438,1425.913,1530.894,1435.013,1528.97253,770.6437,1513.94873,760.0338,1514.15869,801.215942,1513.34424,824.8347,1512.8772
User_01/Grid_15/HP_005/10.png,HP_005,12.5747,22.2863,-0.15007,-12.0238,10.0601,38.1585,-11.0,5.5,0.0,1413.83484,1551.06934,1409.7,1555.3833,1425.77039,1538.616,1435.013,1528.97253,770.209,1533.84509,759.509338,1537.95215,801.03125,1522.01416,824.8347,1512.8772
User_01/Grid_15/HP_005/11.png,HP_005,12.5747,22.2863,-0.15007,-12.0238,10.0601,38.1585,0.0,5.5,0.0,1448.90234,1550.8855,1451.60864,1555.1554,1441.08008,1538.54468,1435.013,1528.97253,810.3987,1532.75537,807.5741,1536.64478,818.540955,1521.54346,824.8347,1512.8772
User_01/Grid_15/HP_005/12.png,HP_005,12.5747,22.2863,-0.15007,-12.0238,10.0601,38.1585,11.0,5.5,0.0,1478.79077,1548.93945,1487.27148,1552.80737,1454.18909,1537.71875,1435.013,1528.97253,843.4747,1530.0061,847.1038,1533.34119,832.9803,1520.36243,824.8347,1512.8772
User_01/Grid_15/HP_005/13.png,HP_005,12.5747,22.2863,-0.15007,-12.0238,10.0601,38.1585,11.0,11.0,0.0,1478.16223,1563.46,1486.514,1570.13513,1453.92126,1544.08521,1435.013,1528.97253,842.969055,1545.85962,846.497742,1552.27783,832.7615,1527.294,824.8347,1512.8772
User_01/Grid_15/HP_005/14.png,HP_005,12.5747,22.2863,-0.15007,-12.0238,10.0601,38.1585,0.0,11.0,0.0,1448.854,1567.35913,1451.548,1574.83081,1441.06226,1545.74951,1435.013,1528.97253,810.4064,1550.908,807.585632,1558.34253,818.5416,1529.46448,824.8347,1512.8772
User_01/Grid_15/HP_005/15.png,HP_005,12.5747,22.2863,-0.15007,-12.0238,10.0601,38.1585,-11.0,11.0,0.0,1414.58423,1567.9696,1410.6001,1575.5752,1426.09265,1546.00049,1435.013,1528.97253,771.2153,1552.736,760.724,1560.53479,801.457764,1530.25476,824.8347,1512.8772
User_01/Grid_15/HP_006/01.png,HP_006,-7.1702,12.9518,-5.8237,-7.5157,-3.3481,41.5735,11.0,-11.0,0.0,1785.43127,607.8916,1793.61853,603.3285,1761.69348,621.1212,1743.20471,631.4254,1192.744,539.470459,1196.17151,533.5065,1182.82678,556.727661,1175.12268,570.133545
User_01/Grid_15/HP_006/02.png,HP_006,-7.1702,12.9518,-5.8237,-7.5157,-3.3481,41.5735,0.0,-11.0,0.0,1756.22327,604.776855,1758.75879,599.5868,1748.89282,619.78186,1743.20471,631.4254,1162.1637,535.9971,1159.6344,529.334961,1169.46606,555.232666,1175.12268,570.133545
User_01/Grid_15/HP_006/03.png,HP_006,-7.1702,12.9518,-5.8237,-7.5157,-3.3481,41.5735,-11.0,-11.0,0.0,1724.3717,604.9927,1720.70215,599.842163,1734.97778,619.878662,1743.20471,631.4254,1127.86377,535.876,1118.64673,529.1946,1154.4873,555.1752,1175.12268,570.133545
User_01/Grid_15/HP_006/04.png,HP_006,-7.1702,12.9518,-5.8237,-7.5157,-3.3481,41.5735,-11.0,-5.5,0.0,1724.02966,620.8058,1720.2926,618.7362,1734.82922,626.787,1743.20471,631.4254,1127.34131,552.681641,1118.01709,549.2759,1154.265,562.5154,1175.12268,570.133545
User_01/Grid_15/HP_006/05.png,HP_006,-7.1702,12.9518,-5.8237,-7.5157,-3.3481,41.5735,0.0,-5.5,0.0,1756.2157,620.75354,1758.75024,618.674438,1748.88892,626.763062,1743.20471,631.4254,1162.15686,552.7274,1159.62524,549.328735,1169.46436,562.5375,1175.12268,570.133545
User_01/Grid_15/HP_006/06.png,HP_006,-7.1702,12.9518,-5.8237,-7.5157,-3.3481,41.5735,11.0,-5.5,0.0,1785.6969,622.4231,1793.93713,620.677368,1761.80859,627.484131,1743.20471,631.4254,1193.06567,554.51355,1196.55676,551.4741,1182.966,563.305664,1175.12268,570.133545
User_01/Grid_15/HP_006/07.png,HP_006,-7.1702,12.9518,-5.8237,-7.5157,-3.3481,41.5735,11.0,0.0,0.0,1785.22388,637.2241,1793.36633,638.3478,1761.60767,633.9651,1743.20471,631.4254,1192.67627,569.8845,1196.09,569.8362,1182.79749,570.024658,1175.12268,570.133545
User_01/Grid_15/HP_006/08.png,HP_006,-7.1702,12.9518,-5.8237,-7.5157,-3.3481,41.5735,0.0,0.0,0.0,1756.201,637.097046,1758.73071,638.2009,1748.88489,633.9043,1743.20471,631.4254,1162.15808,569.9381,1159.62793,569.9,1169.46313,570.0482,1175.12268,570.133545
User_01/Grid_15/HP_006/09.png,HP_006,-7.1702,12.9518,-5.8237,-7.5157,-3.3481,41.5735,-11.0,0.0,0.0,1724.56555,636.9525,1720.93616,638.0288,1735.05994,633.8406,1743.20471,631.4254,1127.9093,570.0022,1118.7019,569.976563,1154.50671,570.07605,1175.12268,570.133545
User_01/Grid_15/HP_006/10.png,HP_006,-7.1702,12.9518,-5.8237,-7.5157,-3.3481,41.5735,-11.0,5.5,0.0,1725.87378,652.1571,1722.50513,656.186768,1735.62512,640.4922,1743.20471,631.4254,1129.42188,586.2905,1120.52441,589.436035,1155.15112,577.1942,1175.12268,570.133545
User_01/Grid_15/HP_006/11.png,HP_006,-7.1702,12.9518,-5.8237,-7.5157,-3.3481,41.5735,0.0,5.5,0.0,1756.18115,652.4425,1758.70215,656.5255,1748.88123,640.619263,1743.20471,631.4254,1162.16565,586.1581,1159.64148,589.2798,1169.46216,577.1343,1175.12268,570.133545
User_01/Grid_15/HP_006/12.png,HP_006,-7.1702,12.9518,-5.8237,-7.5157,-3.3481,41.5735,11.0,5.5,0.0,1784.095,651.2335,1792.00684,655.0663,1761.12585,640.1068,1743.20471,631.4254,1191.64929,584.5482,1194.85938,587.348145,1182.35266,576.439453,1175.12268,570.133545
User_01/Grid_15/HP_006/13.png,HP_006,-7.1702,12.9518,-5.8237,-7.5157,-3.3481,41.5735,11.0,11.0,0.0,1782.5072,663.6686,1790.09668,669.894531,1760.44653,645.5703,1743.20471,631.4254,1190.16077,597.7195,1193.07654,603.0685,1181.70679,582.2117,1175.12268,570.133545
User_01/Grid_15/HP_006/14.png,HP_006,-7.1702,12.9518,-5.8237,-7.5157,-3.3481,41.5735,0.0,11.0,0.0,1756.1582,665.8274,1758.66833,672.4938,1748.87793,646.4923,1743.20471,631.4254,1162.1781,600.353638,1159.66223,606.227051,1169.46118,583.3506,1175.12268,570.133545
User_01/Grid_15/HP_006/15.png,HP_006,-7.1702,12.9518,-5.8237,-7.5157,-3.3481,41.5735,-11.0,11.0,0.0,1727.70581,665.5029,1724.70068,672.1105,1736.41858,646.346069,1743.20471,631.4254,1131.54321,600.4767,1123.07922,606.3699,1156.05664,583.4088,1175.12268,570.133545
User_01/Grid_15/HP_007/01.png,HP_007,-4.0864,8.4311,-0.17547,-5.8919,1.9746,37.6259,11.0,-11.0,0.0,1839.90283,966.042847,1850.0365,959.8815,1810.58215,983.8701,1787.807,997.7175,1158.43982,964.097534,1162.838,957.135864,1145.738,984.202759,1135.89612,999.7811
User_01/Grid_15/HP_007/02.png,HP_007,-4.0864,8.4311,-0.17547,-5.8919,1.9746,37.6259,0.0,-11.0,0.0,1803.24316,961.889038,1806.26233,954.880859,1794.53772,982.094849,1787.807,997.7175,1121.17041,959.204956,1118.28577,951.256958,1129.47925,982.1001,1135.89612,999.7811
User_01/Grid_15/HP_007/03.png,HP_007,-4.0864,8.4311,-0.17547,-5.8919,1.9746,37.6259,-11.0,-11.0,0.0,1763.31519,962.8225,1758.52356,955.9957,1777.12854,982.5032,1787.807,997.7175,1079.08508,959.0913,1067.96863,951.1295,1111.1283,982.0416,1135.89612,999.7811
User_01/Grid_15/HP_007/04.png,HP_007,-4.0864,8.4311,-0.17547,-5.8919,1.9746,37.6259,-11.0,-5.5,0.0,1761.679,981.911743,1756.55933,978.8146,1776.42358,990.8313,1787.807,997.7175,1076.905,979.0554,1065.338,974.991333,1110.20349,990.7544,1135.89612,999.7811
User_01/Grid_15/HP_007/05.png,HP_007,-4.0864,8.4311,-0.17547,-5.8919,1.9746,37.6259,0.0,-5.5,0.0,1803.27148,981.339355,1806.30164,978.1301,1794.54443,990.5819,1787.807,997.7175,1121.1571,979.2042,1118.26428,975.1654,1129.47974,990.823364,1135.89612,999.7811
User_01/Grid_15/HP_007/06.png,HP_007,-4.0864,8.4311,-0.17547,-5.8919,1.9746,37.6259,11.0,-5.5,0.0,1841.30737,983.6575,1851.72729,980.918945,1811.1825,991.574341,1787.807,997.7175,1159.79663,982.0387,1164.46582,978.5725,1146.32373,992.040161,1135.89612,999.7811
User_01/Grid_15/HP_007/07.png,HP_007,-4.0864,8.4311,-0.17547,-5.8919,1.9746,37.6259,11.0,0.0,0.0,1841.583,1002.64832,1852.05774,1003.60876,1811.30212,999.8718,1787.807,997.7175,1160.14307,1001.34375,1164.88147,1001.64905,1146.47351,1000.46289,1135.89612,999.7811
User_01/Grid_15/HP_007/08.png,HP_007,-4.0864,8.4311,-0.17547,-5.8919,1.9746,37.6259,0.0,0.0,0.0,1803.28918,1002.66064,1806.32349,1003.62939,1794.55151,999.871,1787.807,997.7175,1121.15454,1001.27527,1118.25964,1001.56873,1129.4801,1000.43152,1135.89612,999.7811
User_01/Grid_15/HP_007/09.png,HP_007,-4.0864,8.4311,-0.17547,-5.8919,1.9746,37.6259,-11.0,0.0,0.0,1761.36682,1002.65894,1756.18518,1003.62732,1776.28845,999.870239,1787.807,997.7175,1076.318,1001.18713,1064.62939,1001.463,1109.95422,1000.39331,1135.89612,999.7811
User_01/Grid_15/HP_007/10.png,HP_007,-4.0864,8.4311,-0.17547,-5.8919,1.9746,37.6259,-11.0,5.5,0.0,1762.49658,1023.00562,1757.54321,1027.95471,1776.77344,1008.74133,1787.807,997.7175,1077.526,1023.01233,1066.08875,1027.56433,1110.46509,1009.90271,1135.89612,999.7811
User_01/Grid_15/HP_007/11.png,HP_007,-4.0864,8.4311,-0.17547,-5.8919,1.9746,37.6259,0.0,5.5,0.0,1803.29431,1023.54236,1806.32507,1028.59619,1794.55859,1008.97571,1787.807,997.7175,1121.16345,1023.048,1118.274,1027.61157,1129.48035,1009.91345,1135.89612,999.7811
User_01/Grid_15/HP_007/12.png,HP_007,-4.0864,8.4311,-0.17547,-5.8919,1.9746,37.6259,11.0,5.5,0.0,1840.6377,1021.29077,1850.91626,1025.877,1810.90173,1008.02246,1787.807,997.7175,1159.39185,1020.442,1163.97937,1024.47607,1146.14978,1008.79773,1135.89612,999.7811
User_01/Grid_15/HP_007/13.png,HP_007,-4.0864,8.4311,-0.17547,-5.8919,1.9746,37.6259,11.0,11.0,0.0,1838.699,1037.99524,1848.57874,1045.81445,1810.077,1015.3429,1787.807,997.7175,1157.71118,1037.845,1161.963,1045.26379,1145.42444,1016.40649,1135.89612,999.7811
User_01/Grid_15/HP_007/14.png,HP_007,-4.0864,8.4311,-0.17547,-5.8919,1.9746,37.6259,0.0,11.0,0.0,1803.28906,1041.87854,1806.31018,1050.49622,1794.56531,1016.995,1787.807,997.7175,1121.18176,1042.31055,1118.30322,1050.63037,1129.48047,1018.32458,1135.89612,999.7811
User_01/Grid_15/HP_007/15.png,HP_007,-4.0864,8.4311,-0.17547,-5.8919,1.9746,37.6259,-11.0,11.0,0.0,1764.78223,1041.06238,1760.28784,1049.52332,1777.75745,1016.63611,1787.807,997.7175,1080.15442,1042.22754,1069.26135,1050.52258,1111.57971,1018.29773,1135.89612,999.7811
User_01/Grid_15/HP_008/01.png,HP_008,4.5448,8.2657,-2.5685,-4.453,4.5421,37.6201,11.0,-11.0,0.0,1996.86084,1104.16125,2006.7041,1098.30969,1968.38513,1121.08948,1946.27063,1134.23621,1335.01868,1064.12585,1339.36487,1057.08545,1322.46423,1084.463,1312.73389,1100.22583
User_01/Grid_15/HP_008/02.png,HP_008,4.5448,8.2657,-2.5685,-4.453,4.5421,37.6201,0.0,-11.0,0.0,1961.2489,1100.72827,1964.17627,1094.17969,1952.8042,1119.61963,1946.27063,1134.23621,1298.43176,1060.35071,1295.63367,1052.54907,1306.49829,1082.8407,1312.73389,1100.22583
User_01/Grid_15/HP_008/03.png,HP_008,4.5448,8.2657,-2.5685,-4.453,4.5421,37.6201,-11.0,-11.0,0.0,1923.92346,1101.957,1919.55835,1095.65173,1936.52,1120.152,1946.27063,1134.23621,1258.71118,1061.31921,1248.16113,1053.72119,1289.16,1083.24817,1312.73389,1100.22583
User_01/Grid_15/HP_008/04.png,HP_008,4.5448,8.2657,-2.5685,-4.453,4.5421,37.6201,-11.0,-5.5,0.0,1922.20959,1119.83313,1917.50183,1117.01514,1935.78052,1127.95679,1946.27063,1134.23621,1256.50928,1080.03223,1245.50513,1076.08,1288.22461,1091.423,1312.73389,1100.22583
User_01/Grid_15/HP_008/05.png,HP_008,4.5448,8.2657,-2.5685,-4.453,4.5421,37.6201,0.0,-5.5,0.0,1961.25073,1119.21289,1964.18408,1116.27112,1952.799,1127.68884,1946.27063,1134.23621,1298.4137,1079.42078,1295.60559,1075.341,1306.49707,1091.16479,1312.73389,1100.22583
User_01/Grid_15/HP_008/06.png,HP_008,4.5448,8.2657,-2.5685,-4.453,4.5421,37.6201,11.0,-5.5,0.0,1998.439,1121.28479,2008.60376,1118.76111,1969.0592,1128.57861,1946.27063,1134.23621,1336.58459,1081.5553,1341.24365,1077.90784,1323.14,1092.07971,1312.73389,1100.22583
User_01/Grid_15/HP_008/07.png,HP_008,4.5448,8.2657,-2.5685,-4.453,4.5421,37.6201,11.0,0.0,0.0,1998.95435,1139.98682,2009.22339,1141.10779,1969.28076,1136.7478,1946.27063,1134.23621,1337.17346,1100.562,1341.95068,1100.62781,1323.3938,1100.37244,1312.73389,1100.22583
User_01/Grid_15/HP_008/08.png,HP_008,4.5448,8.2657,-2.5685,-4.453,4.5421,37.6201,0.0,0.0,0.0,1961.24158,1139.71753,1964.17493,1140.7915,1952.79321,1136.62439,1946.27063,1134.23621,1298.40527,1100.72754,1295.593,1100.826,1306.496,1100.44421,1312.73389,1100.22583
User_01/Grid_15/HP_008/09.png,HP_008,4.5448,8.2657,-2.5685,-4.453,4.5421,37.6201,-11.0,0.0,0.0,1921.604,1139.43042,1916.77539,1140.44727,1935.51892,1136.50024,1946.27063,1134.23621,1255.66687,1100.92053,1244.48889,1101.05664,1287.86682,1100.52856,1312.73389,1100.22583
User_01/Grid_15/HP_008/10.png,HP_008,4.5448,8.2657,-2.5685,-4.453,4.5421,37.6201,-11.0,5.5,0.0,1922.287,1158.978,1917.59668,1163.81665,1935.81189,1145.02563,1946.27063,1134.23621,1256.44543,1121.83191,1245.429,1126.06055,1288.19666,1109.64429,1312.73389,1100.22583
User_01/Grid_15/HP_008/11.png,HP_008,4.5448,8.2657,-2.5685,-4.453,4.5421,37.6201,0.0,5.5,0.0,1961.221,1160.15857,1964.14673,1165.23193,1952.78784,1145.53638,1946.27063,1134.23621,1298.4082,1122.07251,1295.59888,1126.35681,1306.49487,1109.74023,1312.73389,1100.22583
User_01/Grid_15/HP_008/12.png,HP_008,4.5448,8.2657,-2.5685,-4.453,4.5421,37.6201,11.0,5.5,0.0,1998.24207,1158.59912,2008.36279,1163.34351,1968.97974,1144.88184,1946.27063,1134.23621,1336.64307,1119.60132,1341.314,1123.3866,1323.16528,1108.67932,1312.73389,1100.22583
User_01/Grid_15/HP_008/13.png,HP_008,4.5448,8.2657,-2.5685,-4.453,4.5421,37.6201,11.0,11.0,0.0,1996.46411,1175.44958,2006.21838,1183.45874,1968.22424,1152.26221,1946.27063,1134.23621,1335.11926,1137.11157,1339.48535,1144.30591,1322.50781,1116.331,1312.73389,1100.22583
User_01/Grid_15/HP_008/14.png,HP_008,4.5448,8.2657,-2.5685,-4.453,4.5421,37.6201,0.0,11.0,0.0,1961.19116,1178.43042,1964.10388,1187.05811,1952.78247,1153.52441,1946.27063,1134.23621,1298.42114,1141.22925,1295.62061,1149.2522,1306.4939,1118.10242,1312.73389,1100.22583
User_01/Grid_15/HP_008/15.png,HP_008,4.5448,8.2657,-2.5685,-4.453,4.5421,37.6201,-11.0,11.0,0.0,1924.09692,1176.68713,1919.77026,1184.971,1936.59119,1152.76709,1946.27063,1134.23621,1258.60742,1140.5918,1248.03723,1148.47473,1289.1145,1117.84045,1312.73389,1100.22583
User_01/Grid_15/HP_009/01.png,HP_009,3.7403,9.8076,-2.1636,-7.8817,6.8554,39.754,11.0,-11.0,0.0,1694.11133,1327.27856,1702.5199,1322.54138,1669.7168,1341.02222,1650.70044,1351.7356,1068.856,1303.25049,1072.10022,1297.54333,1059.46021,1319.77832,1052.15332,1332.63184
User_01/Grid_15/HP_009/02.png,HP_009,3.7403,9.8076,-2.1636,-7.8817,6.8554,39.754,0.0,-11.0,0.0,1664.564,1324.1488,1667.26135,1318.78125,1656.7605,1339.67664,1650.70044,1351.7356,1038.54358,1299.75818,1035.89148,1293.35278,1046.208,1318.27148,1052.15332,1332.63184
User_01/Grid_15/HP_009/03.png,HP_009,3.7403,9.8076,-2.1636,-7.8817,6.8554,39.754,-11.0,-11.0,0.0,1631.88928,1324.14111,1628.22571,1318.767,1642.481,1339.67847,1650.70044,1351.7356,1004.31152,1299.21729,994.992249,1292.7085,1031.25134,1318.0332,1052.15332,1332.63184
User_01/Grid_15/HP_009/04.png,HP_009,3.7403,9.8076,-2.1636,-7.8817,6.8554,39.754,-11.0,-5.5,0.0,1630.18018,1339.55713,1626.17651,1337.18091,1641.74219,1346.41907,1650.70044,1351.7356,1002.19092,1315.28357,992.436462,1311.89661,1030.34839,1325.06055,1052.15332,1332.63184
User_01/Grid_15/HP_009/05.png,HP_009,3.7403,9.8076,-2.1636,-7.8817,6.8554,39.754,0.0,-5.5,0.0,1664.59875,1339.54114,1667.30811,1337.16382,1656.77026,1346.40991,1650.70044,1351.7356,1038.53027,1315.66089,1035.87,1312.34692,1046.20825,1325.22583,1052.15332,1332.63184
User_01/Grid_15/HP_009/06.png,HP_009,3.7403,9.8076,-2.1636,-7.8817,6.8554,39.754,11.0,-5.5,0.0,1695.488,1341.343,1704.175,1339.32715,1670.30725,1347.18591,1650.70044,1351.7356,1070.19751,1317.726,1073.70776,1314.82617,1060.0415,1326.11548,1052.15332,1332.63184
User_01/Grid_15/HP_009/07.png,HP_009,3.7403,9.8076,-2.1636,-7.8817,6.8554,39.754,11.0,0.0,0.0,1696.209,1356.748,1705.04114,1357.7207,1670.61719,1353.9292,1650.70044,1351.7356,1070.92773,1333.55176,1074.58289,1333.731,1060.35754,1333.03381,1052.15332,1332.63184
User_01/Grid_15/HP_009/08.png,HP_009,3.7403,9.8076,-2.1636,-7.8817,6.8554,39.754,0.0,0.0,0.0,1664.62854,1356.73511,1667.34644,1357.71057,1656.78064,1353.91821,1650.70044,1351.7356,1038.523,1333.51025,1035.858,1333.68188,1046.2085,1333.01489,1052.15332,1332.63184
User_01/Grid_15/HP_009/09.png,HP_009,3.7403,9.8076,-2.1636,-7.8817,6.8554,39.754,-11.0,0.0,0.0,1629.27417,1356.71069,1625.08972,1357.68225,1641.35083,1353.90662,1650.70044,1351.7356,1000.99414,1333.45752,990.993347,1333.6189,1029.8396,1332.992,1052.15332,1332.63184
User_01/Grid_15/HP_009/10.png,HP_009,3.7403,9.8076,-2.1636,-7.8817,6.8554,39.754,-11.0,5.5,0.0,1629.40662,1374.27271,1625.24915,1378.67261,1641.4071,1361.57129,1650.70044,1351.7356,1001.03931,1352.20435,991.048035,1356.03027,1029.85864,1341.169,1052.15332,1332.63184
User_01/Grid_15/HP_009/11.png,HP_009,3.7403,9.8076,-2.1636,-7.8817,6.8554,39.754,0.0,5.5,0.0,1664.651,1374.34937,1667.37207,1378.7605,1656.79138,1361.609,1650.70044,1351.7356,1038.52356,1351.887,1035.859,1355.65137,1046.20862,1341.03015,1052.15332,1332.63184
User_01/Grid_15/HP_009/12.png,HP_009,3.7403,9.8076,-2.1636,-7.8817,6.8554,39.754,11.0,5.5,0.0,1696.11145,1372.43652,1704.922,1376.45288,1670.57751,1360.79675,1650.70044,1351.7356,1070.906,1349.73364,1074.55713,1353.06323,1060.34839,1340.10522,1052.15332,1332.63184
User_01/Grid_15/HP_009/13.png,HP_009,3.7403,9.8076,-2.1636,-7.8817,6.8554,39.754,11.0,11.0,0.0,1695.20557,1387.20239,1703.82971,1394.07507,1670.19214,1367.269,1650.70044,1351.7356,1070.13611,1365.13867,1073.634,1371.46191,1060.015,1346.84326,1052.15332,1332.63184
User_01/Grid_15/HP_009/14.png,HP_009,3.7403,9.8076,-2.1636,-7.8817,6.8554,39.754,0.0,11.0,0.0,1664.66467,1390.75537,1667.3844,1398.35486,1656.80188,1368.78455,1650.70044,1351.7356,1038.53186,1369.1095,1035.87256,1376.23145,1046.20862,1348.55151,1052.15332,1332.63184
User_01/Grid_15/HP_009/15.png,HP_009,3.7403,9.8076,-2.1636,-7.8817,6.8554,39.754,-11.0,11.0,0.0,1630.56738,1390.68567,1626.64258,1398.27869,1641.90759,1368.74658,1650.70044,1351.7356,1002.31683,1369.68262,992.5891,1376.91479,1030.40137,1348.80322,1052.15332,1332.63184
User_01/Grid_15/HP_010/01.png,HP_010,8.2579,5.1084,-3.1163,-3.8708,9.1618,38.1712,11.0,-11.0,0.0,2006.37891,1494.46191,2015.58,1489.18481,1979.72852,1509.74683,1958.99829,1521.63647,1362.27393,1456.17688,1366.03772,1449.85669,1351.384,1474.46289,1342.92529,1488.66675
User_01/Grid_15/HP_010/02.png,HP_010,8.2579,5.1084,-3.1163,-3.8708,9.1618,38.1712,0.0,-11.0,0.0,1973.56091,1491.84253,1976.39917,1486.03491,1965.3584,1508.62378,1958.99829,1521.63647,1329.13977,1453.1936,1326.45178,1446.27686,1336.90527,1473.176,1342.92529,1488.66675
User_01/Grid_15/HP_010/03.png,HP_010,8.2579,5.1084,-3.1163,-3.8708,9.1618,38.1712,-11.0,-11.0,0.0,1939.35767,1492.947,1935.53052,1487.35657,1950.41882,1509.10425,1958.99829,1521.63647,1293.74133,1453.89307,1284.167,1447.124,1321.4303,1473.46948,1342.92529,1488.66675
User_01/Grid_15/HP_010/04.png,HP_010,8.2579,5.1084,-3.1163,-3.8708,9.1618,38.1712,-11.0,-5.5,0.0,1937.27209,1508.98389,1933.0293,1506.51306,1949.51758,1516.11523,1958.99829,1521.63647,1291.21851,1470.32581,1281.12671,1466.74609,1320.35547,1480.661,1342.92529,1488.66675
User_01/Grid_15/HP_010/05.png,HP_010,8.2579,5.1084,-3.1163,-3.8708,9.1618,38.1712,0.0,-5.5,0.0,1973.58691,1508.31543,1976.43774,1505.7124,1965.36255,1515.8252,1958.99829,1521.63647,1329.12207,1469.93872,1326.4231,1466.27673,1336.90527,1480.499,1342.92529,1488.66675
User_01/Grid_15/HP_010/06.png,HP_010,8.2579,5.1084,-3.1163,-3.8708,9.1618,38.1712,11.0,-5.5,0.0,2008.36829,1509.89832,2017.97424,1507.61438,1980.57959,1516.50537,1958.99829,1521.63647,1364.16858,1471.76489,1368.30957,1468.47034,1352.20325,1481.28479,1342.92529,1488.66675
User_01/Grid_15/HP_010/07.png,HP_010,8.2579,5.1084,-3.1163,-3.8708,9.1618,38.1712,11.0,0.0,0.0,2009.61023,1527.2981,2019.46863,1528.40088,1981.11072,1524.11011,1958.99829,1521.63647,1365.37585,1489.25989,1369.75793,1489.37573,1352.72461,1488.92554,1342.92529,1488.66675
User_01/Grid_15/HP_010/08.png,HP_010,8.2579,5.1084,-3.1163,-3.8708,9.1618,38.1712,0.0,0.0,0.0,1973.60754,1527.22009,1976.46655,1528.31274,1965.367,1524.07056,1958.99829,1521.63647,1329.11035,1489.262,1326.40417,1489.37866,1336.9054,1488.926,1342.92529,1488.66675
User_01/Grid_15/HP_010/09.png,HP_010,8.2579,5.1084,-3.1163,-3.8708,9.1618,38.1712,-11.0,0.0,0.0,1935.95581,1527.12842,1931.45007,1528.20227,1948.94922,1524.03149,1958.99829,1521.63647,1289.56689,1489.2627,1279.13525,1489.37915,1319.65344,1488.92664,1342.92529,1488.66675
User_01/Grid_15/HP_010/10.png,HP_010,8.2579,5.1084,-3.1163,-3.8708,9.1618,38.1712,-11.0,5.5,0.0,1935.73242,1546.05518,1931.18274,1550.8302,1948.85217,1532.28516,1958.99829,1521.63647,1289.219,1509.19116,1278.71545,1513.20508,1319.50562,1497.617,1342.92529,1488.66675
User_01/Grid_15/HP_010/11.png,HP_010,8.2579,5.1084,-3.1163,-3.8708,9.1618,38.1712,0.0,5.5,0.0,1973.619,1547.03992,1976.48047,1552.012,1965.3717,1532.71021,1958.99829,1521.63647,1329.10767,1509.61621,1326.3999,1513.72144,1336.90527,1497.794,1342.92529,1488.66675
User_01/Grid_15/HP_010/12.png,HP_010,8.2579,5.1084,-3.1163,-3.8708,9.1618,38.1712,11.0,5.5,0.0,2009.7959,1545.393,2019.69019,1550.02,1981.19226,1532.01587,1958.99829,1521.63647,1365.64148,1507.49585,1370.07666,1511.172,1352.83911,1496.884,1342.92529,1488.66675
User_01/Grid_15/HP_010/13.png,HP_010,8.2579,5.1084,-3.1163,-3.8708,9.1618,38.1712,11.0,11.0,0.0,2008.85449,1562.53882,2018.55334,1570.49573,1980.7937,1539.51758,1958.99829,1521.63647,1364.90381,1524.98853,1369.19153,1532.07446,1352.52063,1504.52417,1342.92529,1488.66675
User_01/Grid_15/HP_010/14.png,HP_010,8.2579,5.1084,-3.1163,-3.8708,9.1618,38.1712,0.0,11.0,0.0,1973.62036,1565.72266,1976.478,1574.33887,1965.37646,1540.86743,1958.99829,1521.63647,1329.1145,1528.90454,1326.41138,1536.78027,1336.90527,1506.20654,1342.92529,1488.66675
User_01/Grid_15/HP_010/15.png,HP_010,8.2579,5.1084,-3.1163,-3.8708,9.1618,38.1712,-11.0,11.0,0.0,1936.68323,1564.03088,1932.32458,1572.31116,1949.26123,1540.135,1958.99829,1521.63647,1290.2793,1528.06567,1279.99463,1535.76245,1319.95557,1505.85669,1342.92529,1488.66675
User_01/Grid_15/HP_011/01.png,HP_011,-10.1782,2.5308,1.3929,-1.1115,-1.066,41.4378,11.0,-11.0,0.0,2185.261,793.747559,2194.182,788.339966,2159.44116,809.3993,2139.37549,821.5625,1587.23438,807.8026,1591.01123,801.980957,1576.313,824.6367,1567.836,837.703
User_01/Grid_15/HP_011/02.png,HP_011,-10.1782,2.5308,1.3929,-1.1115,-1.066,41.4378,0.0,-11.0,0.0,2153.337,791.938843,2156.05981,786.1609,2145.47119,808.628052,2139.37549,821.5625,1555.38513,805.2958,1552.9563,798.9739,1562.4,823.5541,1567.836,837.703
User_01/Grid_15/HP_011/03.png,HP_011,-10.1782,2.5308,1.3929,-1.1115,-1.066,41.4378,-11.0,-11.0,0.0,2121.27515,793.855347,2117.749,788.457642,2131.468,809.458,2139.37549,821.5625,1522.57031,806.502441,1513.76172,800.431,1548.05,824.065063,1567.836,837.703
User_01/Grid_15/HP_011/04.png,HP_011,-10.1782,2.5308,1.3929,-1.1115,-1.066,41.4378,-11.0,-5.5,0.0,2120.57642,809.501953,2116.91162,807.150757,2131.16528,816.2953,2139.37549,821.5625,1521.618,822.385,1512.615,819.4011,1547.64355,831.010742,1567.836,837.703
User_01/Grid_15/HP_011/05.png,HP_011,-10.1782,2.5308,1.3929,-1.1115,-1.066,41.4378,0.0,-5.5,0.0,2153.34644,808.401855,2156.07373,805.832642,2145.473,815.8186,2139.37549,821.5625,1555.37134,821.8259,1552.93689,818.7252,1562.39685,830.774658,1567.836,837.703
User_01/Grid_15/HP_011/06.png,HP_011,-10.1782,2.5308,1.3929,-1.1115,-1.066,41.4378,11.0,-5.5,0.0,2186.04053,809.306,2195.11987,806.9214,2159.775,816.2047,2139.37549,821.5625,1588.00366,823.274536,1591.93359,820.4629,1576.64563,831.4004,1567.836,837.703
User_01/Grid_15/HP_011/07.png,HP_011,-10.1782,2.5308,1.3929,-1.1115,-1.066,41.4378,11.0,0.0,0.0,2185.897,825.635,2194.9458,826.427246,2159.715,823.343,2139.37549,821.5625,1587.94983,839.5249,1591.86865,839.8799,1576.62268,838.499,1567.836,837.703
User_01/Grid_15/HP_011/08.png,HP_011,-10.1782,2.5308,1.3929,-1.1115,-1.066,41.4378,0.0,0.0,0.0,2153.348,825.7511,2156.07471,826.5685,2145.47461,823.390869,2139.37549,821.5625,1555.36475,839.375732,1552.92944,839.7024,1562.39368,838.432861,1567.836,837.703
User_01/Grid_15/HP_011/09.png,HP_011,-10.1782,2.5308,1.3929,-1.1115,-1.066,41.4378,-11.0,0.0,0.0,2120.72827,825.8523,2117.09424,826.688232,2131.23047,823.4363,2139.37549,821.5625,1521.64575,839.2086,1512.64917,839.5017,1547.65491,838.36084,1567.836,837.703
User_01/Grid_15/HP_011/10.png,HP_011,-10.1782,2.5308,1.3929,-1.1115,-1.066,41.4378,-11.0,5.5,0.0,2121.71118,841.6312,2118.27344,845.5371,2131.65479,830.334,2139.37549,821.5625,1522.6521,855.516,1513.86194,858.9812,1548.08337,845.4901,1567.836,837.703
User_01/Grid_15/HP_011/11.png,HP_011,-10.1782,2.5308,1.3929,-1.1115,-1.066,41.4378,0.0,5.5,0.0,2153.3418,842.421143,2156.06323,846.4856,2145.47656,830.6743,2139.37549,821.5625,1555.36548,856.3517,1552.93347,859.9884,1562.3905,845.8462,1567.836,837.703
User_01/Grid_15/HP_011/12.png,HP_011,-10.1782,2.5308,1.3929,-1.1115,-1.066,41.4378,11.0,5.5,0.0,2184.85132,841.3716,2193.68457,845.21936,2159.27,830.2285,2139.37549,821.5625,1587.07727,855.3152,1590.82227,858.743042,1576.24585,845.400757,1567.836,837.703
User_01/Grid_15/HP_011/13.png,HP_011,-10.1782,2.5308,1.3929,-1.1115,-1.066,41.4378,11.0,11.0,0.0,2183.12573,855.3939,2191.606,861.95166,2158.53418,836.3777,2139.37549,821.5625,1585.55933,869.5846,1589.00256,875.7783,1575.589,851.6494,1567.836,837.703
User_01/Grid_15/HP_011/14.png,HP_011,-10.1782,2.5308,1.3929,-1.1115,-1.066,41.4378,0.0,11.0,0.0,2153.32983,857.141846,2156.04272,864.057861,2145.478,837.122437,2139.37549,821.5625,1555.37207,871.4259,1552.947,877.9874,1562.3877,852.444336,1567.836,837.703
User_01/Grid_15/HP_011/15.png,HP_011,-10.1782,2.5308,1.3929,-1.1115,-1.066,41.4378,-11.0,11.0,0.0,2123.333,855.7776,2120.21729,862.423,2132.357,836.5316,2139.37549,821.5625,1524.405,870.081665,1515.97314,876.3678,1548.83154,851.871338,1567.836,837.703
User_01/Grid_15/HP_012/01.png,HP_012,-4.2484,3.148,-4.6535,-1.4979,-0.026362,41.8138,11.0,-11.0,0.0,2176.291,836.6084,2184.81519,831.712769,2151.61133,850.782959,2132.42334,861.8032,1591.80139,785.4995,1595.38281,779.5604,1581.44067,802.680542,1573.39478,816.023438
User_01/Grid_15/HP_012/02.png,HP_012,-4.2484,3.148,-4.6535,-1.4979,-0.026362,41.8138,0.0,-11.0,0.0,2145.63184,834.749268,2148.206,829.47644,2138.19263,849.98645,2132.42334,861.8032,1561.04114,783.330444,1558.633,776.9579,1567.99927,801.7446,1573.39478,816.023438
User_01/Grid_15/HP_012/03.png,HP_012,-4.2484,3.148,-4.6535,-1.4979,-0.026362,41.8138,-11.0,-11.0,0.0,2114.88135,836.3202,2111.46655,831.3595,2124.757,850.6665,2132.42334,861.8032,1529.38635,784.6571,1520.82849,778.5575,1554.15234,802.3087,1573.39478,816.023438
User_01/Grid_15/HP_012/04.png,HP_012,-4.2484,3.148,-4.6535,-1.4979,-0.026362,41.8138,-11.0,-5.5,0.0,2114.2063,851.366455,2110.65771,849.3335,2124.46436,857.2435,2132.42334,861.8032,1528.51025,800.007446,1519.77319,796.8899,1553.77856,809.0238,1573.39478,816.023438
User_01/Grid_15/HP_012/05.png,HP_012,-4.2484,3.148,-4.6535,-1.4979,-0.026362,41.8138,0.0,-5.5,0.0,2145.64,850.5591,2148.21777,848.365967,2138.19385,856.8939,2132.42334,861.8032,1561.03345,799.28894,1558.62109,796.023438,1567.99866,808.7184,1573.39478,816.023438
User_01/Grid_15/HP_012/06.png,HP_012,-4.2484,3.148,-4.6535,-1.4979,-0.026362,41.8138,11.0,-5.5,0.0,2177.025,851.6035,2185.69727,849.6201,2151.926,857.343262,2132.42334,861.8032,1592.53015,800.46106,1596.25647,797.430542,1581.756,809.2234,1573.39478,816.023438
User_01/Grid_15/HP_012/07.png,HP_012,-4.2484,3.148,-4.6535,-1.4979,-0.026362,41.8138,11.0,0.0,0.0,2176.907,867.321167,2185.55347,868.3938,2151.87744,864.216553,2132.42334,861.8032,1592.48523,816.1576,1596.20264,816.1837,1581.73657,816.0819,1573.39478,816.023438
User_01/Grid_15/HP_012/08.png,HP_012,-4.2484,3.148,-4.6535,-1.4979,-0.026362,41.8138,0.0,0.0,0.0,2145.641,867.2108,2148.21851,868.265259,2138.19531,864.1648,2132.42334,861.8032,1561.03235,816.1902,1558.62024,816.2229,1567.998,816.0963,1573.39478,816.023438
User_01/Grid_15/HP_012/09.png,HP_012,-4.2484,3.148,-4.6535,-1.4979,-0.026362,41.8138,-11.0,0.0,0.0,2114.31738,867.0945,2110.79175,868.1249,2124.512,864.115356,2132.42334,861.8032,1528.55139,816.2256,1519.82288,816.265,1553.7959,816.1118,1573.39478,816.023438
User_01/Grid_15/HP_012/10.png,HP_012,-4.2484,3.148,-4.6535,-1.4979,-0.026362,41.8138,-11.0,5.5,0.0,2115.20752,882.3187,2111.85938,886.308838,2124.89624,870.7731,2132.42334,861.8032,1529.50049,831.9513,1520.96606,835.0482,1554.20081,822.9884,1573.39478,816.023438
User_01/Grid_15/HP_012/11.png,HP_012,-4.2484,3.148,-4.6535,-1.4979,-0.026362,41.8138,0.0,5.5,0.0,2145.63525,883.260864,2148.20776,887.4387,2138.197,871.1802,2132.42334,861.8032,1561.03821,832.5509,1558.63013,835.771851,1567.99744,823.242554,1573.39478,816.023438
User_01/Grid_15/HP_012/12.png,HP_012,-4.2484,3.148,-4.6535,-1.4979,-0.026362,41.8138,11.0,5.5,0.0,2175.947,882.4973,2184.396,886.5145,2151.46948,870.859131,2132.42334,861.8032,1591.67456,831.4258,1595.23059,834.4221,1581.386,822.756836,1573.39478,816.023438
User_01/Grid_15/HP_012/13.png,HP_012,-4.2484,3.148,-4.6535,-1.4979,-0.026362,41.8138,11.0,11.0,0.0,2174.34,896.071045,2182.46045,902.7095,2150.78418,876.8136,2132.42334,861.8032,1590.25891,845.2722,1593.53394,850.9523,1580.77307,828.8203,1573.39478,816.023438
User_01/Grid_15/HP_012/14.png,HP_012,-4.2484,3.148,-4.6535,-1.4979,-0.026362,41.8138,0.0,11.0,0.0,2145.62451,897.508545,2148.18872,904.4442,2138.19849,877.4232,2132.42334,861.8032,1561.04932,847.1388,1558.64832,853.1902,1567.99707,829.6279,1573.39478,816.023438
User_01/Grid_15/HP_012/15.png,HP_012,-4.2484,3.148,-4.6535,-1.4979,-0.026362,41.8138,-11.0,11.0,0.0,2116.709,896.03064,2113.659,902.6743,2125.54639,876.7822,2132.42334,861.8032,1531.14331,846.046631,1522.94385,851.8728,1554.90259,829.1636,1573.39478,816.023438
User_01/Grid_15/HP_013/01.png,HP_013,-0.93498,4.4426,-0.90611,-1.7521,5.0049,41.1605,11.0,-11.0,0.0,2161.309,1210.39038,2169.82715,1205.421,2136.63037,1224.78674,2117.428,1235.98877,1566.72437,1201.0376,1570.22058,1195.38232,1556.605,1217.40637,1548.74109,1230.12671
User_01/Grid_15/HP_013/02.png,HP_013,-0.93498,4.4426,-0.90611,-1.7521,5.0049,41.1605,0.0,-11.0,0.0,2131.16284,1208.727,2133.837,1203.41931,2123.43,1224.07568,2117.428,1235.98877,1536.2179,1198.82031,1533.77917,1192.72363,1543.269,1216.44751,1548.74109,1230.12671
User_01/Grid_15/HP_013/03.png,HP_013,-0.93498,4.4426,-0.90611,-1.7521,5.0049,41.1605,-11.0,-11.0,0.0,2100.73682,1210.26221,2097.48975,1205.25757,2110.13135,1224.74182,2117.428,1235.98877,1504.789,1199.86377,1496.24854,1193.98328,1529.51636,1216.88965,1548.74109,1230.12671
User_01/Grid_15/HP_013/04.png,HP_013,-0.93498,4.4426,-0.90611,-1.7521,5.0049,41.1605,-11.0,-5.5,0.0,2099.46118,1224.84033,2095.96143,1222.66846,2109.57861,1231.11816,2117.428,1235.98877,1503.21033,1214.726,1494.34753,1211.72815,1528.84216,1223.396,1548.74109,1230.12671
User_01/Grid_15/HP_013/05.png,HP_013,-0.93498,4.4426,-0.90611,-1.7521,5.0049,41.1605,0.0,-5.5,0.0,2131.169,1223.91052,2133.84839,1221.555,2123.428,1230.71484,2117.428,1235.98877,1536.20044,1214.2063,1533.75354,1211.1001,1543.26648,1223.17664,1548.74109,1230.12671
User_01/Grid_15/HP_013/06.png,HP_013,-0.93498,4.4426,-0.90611,-1.7521,5.0049,41.1605,11.0,-5.5,0.0,2162.649,1224.80994,2171.4397,1222.63684,2137.20386,1231.1001,2117.428,1235.98877,1568.03809,1215.55664,1571.79553,1212.7196,1557.17346,1223.75989,1548.74109,1230.12671
User_01/Grid_15/HP_013/07.png,HP_013,-0.93498,4.4426,-0.90611,-1.7521,5.0049,41.1605,11.0,0.0,0.0,2163.23584,1240.56482,2172.14526,1241.45483,2137.45557,1237.98938,2117.428,1235.98877,1568.66187,1231.39966,1572.54333,1231.64771,1557.443,1230.68274,1548.74109,1230.12671
User_01/Grid_15/HP_013/08.png,HP_013,-0.93498,4.4426,-0.90611,-1.7521,5.0049,41.1605,0.0,0.0,0.0,2131.16772,1240.637,2133.849,1241.544,2123.42554,1238.0177,2117.428,1235.98877,1536.18884,1231.28137,1533.73743,1231.50684,1543.26367,1230.63062,1548.74109,1230.12671
User_01/Grid_15/HP_013/09.png,HP_013,-0.93498,4.4426,-0.90611,-1.7521,5.0049,41.1605,-11.0,0.0,0.0,2098.89551,1240.69617,2095.28345,1241.61353,2109.33325,1238.04468,2117.428,1235.98877,1502.44263,1231.14832,1493.4231,1231.34729,1528.51453,1230.573,1548.74109,1230.12671
User_01/Grid_15/HP_013/10.png,HP_013,-0.93498,4.4426,-0.90611,-1.7521,5.0049,41.1605,-11.0,5.5,0.0,2099.17236,1256.68872,2095.616,1260.72144,2109.45264,1245.03223,2117.428,1235.98877,1502.67371,1247.83228,1493.7019,1251.28052,1528.61255,1237.86292,1548.74109,1230.12671
User_01/Grid_15/HP_013/11.png,HP_013,-0.93498,4.4426,-0.90611,-1.7521,5.0049,41.1605,0.0,5.5,0.0,2131.15918,1257.53931,2133.837,1261.74243,2123.42334,1245.39832,2117.428,1235.98877,1536.18469,1248.64111,1533.73328,1252.25562,1543.26111,1238.207,1548.74109,1230.12671
User_01/Grid_15/HP_013/12.png,HP_013,-0.93498,4.4426,-0.90611,-1.7521,5.0049,41.1605,11.0,5.5,0.0,2162.91846,1256.4585,2171.76147,1260.43774,2137.32178,1244.94043,2117.428,1235.98877,1568.46045,1247.45874,1572.30188,1250.835,1557.3562,1237.69885,1548.74109,1230.12671
User_01/Grid_15/HP_013/13.png,HP_013,-0.93498,4.4426,-0.90611,-1.7521,5.0049,41.1605,11.0,11.0,0.0,2161.75562,1271.2019,2170.35962,1278.03687,2136.827,1251.39893,2117.428,1235.98877,1567.47412,1262.53,1571.11914,1268.83472,1556.92981,1244.29114,1548.74109,1230.12671
User_01/Grid_15/HP_013/14.png,HP_013,-0.93498,4.4426,-0.90611,-1.7521,5.0049,41.1605,0.0,11.0,0.0,2131.14331,1273.13184,2133.814,1280.364,2123.42114,1252.21948,2117.428,1235.98877,1536.188,1264.73389,1533.74084,1271.4801,1543.25867,1245.241,1548.74109,1230.12671
User_01/Grid_15/HP_013/15.png,HP_013,-0.93498,4.4426,-0.90611,-1.7521,5.0049,41.1605,-11.0,11.0,0.0,2100.24316,1271.59351,2096.90015,1278.51965,2109.915,1251.5542,2117.428,1235.98877,1503.84814,1263.34875,1495.11719,1269.81,1529.113,1244.6521,1548.74109,1230.12671
User_01/Grid_15/HP_014/01.png,HP_014,8.5996,0.69262,-1.6157,0.81606,6.746,40.0597,11.0,-11.0,0.0,2351.724,1230.51318,2360.61768,1225.31421,2325.98169,1245.56128,2305.97583,1257.25586,1748.20007,1209.49487,1751.889,1203.49231,1737.52686,1226.86145,1729.23694,1240.35022
User_01/Grid_15/HP_014/02.png,HP_014,8.5996,0.69262,-1.6157,0.81606,6.746,40.0597,0.0,-11.0,0.0,2320.14648,1229.02148,2322.90771,1223.52,2312.166,1244.92224,2305.97583,1257.25586,1716.66772,1208.05286,1714.21973,1201.763,1723.74487,1226.23828,1729.23694,1240.35022
User_01/Grid_15/HP_014/03.png,HP_014,8.5996,0.69262,-1.6157,0.81606,6.746,40.0597,-11.0,-11.0,0.0,2289.46484,1230.85571,2286.25269,1225.71973,2298.758,1245.71484,2305.97583,1257.25586,1685.30737,1210.05811,1676.77686,1204.17554,1710.01611,1227.09631,1729.23694,1240.35022
User_01/Grid_15/HP_014/04.png,HP_014,8.5996,0.69262,-1.6157,0.81606,6.746,40.0597,-11.0,-5.5,0.0,2288.15942,1245.59009,2284.68848,1243.31738,2298.19238,1252.15942,2305.97583,1257.25586,1683.7417,1224.9165,1674.89209,1221.91443,1709.34717,1233.60291,1729.23694,1240.35022
User_01/Grid_15/HP_014/05.png,HP_014,8.5996,0.69262,-1.6157,0.81606,6.746,40.0597,0.0,-5.5,0.0,2320.15234,1244.65015,2322.91943,1242.1897,2312.16333,1251.75391,2305.97583,1257.25586,1716.65137,1223.67871,1714.19519,1220.42529,1723.743,1233.07275,1729.23694,1240.35022
User_01/Grid_15/HP_014/06.png,HP_014,8.5996,0.69262,-1.6157,0.81606,6.746,40.0597,11.0,-5.5,0.0,2353.24731,1245.63281,2362.45142,1243.36975,2326.63232,1252.17688,2305.97583,1257.25586,1749.67688,1224.44507,1753.66016,1221.3457,1738.16528,1233.40271,1729.23694,1240.35022
User_01/Grid_15/HP_014/07.png,HP_014,8.5996,0.69262,-1.6157,0.81606,6.746,40.0597,11.0,0.0,0.0,2353.938,1262.272,2363.28223,1263.24927,2326.92822,1259.44727,2305.97583,1257.25586,1750.40686,1240.88354,1754.53589,1240.98767,1738.48047,1240.583,1729.23694,1240.35022
User_01/Grid_15/HP_014/08.png,HP_014,8.5996,0.69262,-1.6157,0.81606,6.746,40.0597,0.0,0.0,0.0,2320.15063,1261.94885,2322.91968,1262.8656,2312.1604,1259.30347,2305.97583,1257.25586,1716.64111,1241.0957,1714.18066,1241.24121,1723.74121,1240.67542,1729.23694,1240.35022
User_01/Grid_15/HP_014/09.png,HP_014,8.5996,0.69262,-1.6157,0.81606,6.746,40.0597,-11.0,0.0,0.0,2287.554,1261.63965,2283.96338,1262.49414,2297.93018,1259.17053,2305.97583,1257.25586,1682.971,1241.31775,1673.96375,1241.5061,1709.01807,1240.773,1729.23694,1240.35022
User_01/Grid_15/HP_014/10.png,HP_014,8.5996,0.69262,-1.6157,0.81606,6.746,40.0597,-11.0,5.5,0.0,2287.7876,1277.87378,2284.24341,1281.89111,2298.03052,1266.26257,2305.97583,1257.25586,1683.17944,1257.98718,1674.21521,1261.41992,1709.10657,1248.05884,1729.23694,1240.35022
User_01/Grid_15/HP_014/11.png,HP_014,8.5996,0.69262,-1.6157,0.81606,6.746,40.0597,0.0,5.5,0.0,2320.14063,1279.47974,2322.906,1283.81873,2312.15747,1266.95483,2305.97583,1257.25586,1716.63867,1258.84338,1714.17847,1262.45483,1723.73938,1248.42017,1729.23694,1240.35022
User_01/Grid_15/HP_014/12.png,HP_014,8.5996,0.69262,-1.6157,0.81606,6.746,40.0597,11.0,5.5,0.0,2353.608,1279.09351,2362.883,1283.346,2326.78931,1266.79822,2305.97583,1257.25586,1750.22693,1257.602,1754.31982,1260.96619,1738.40283,1247.88379,1729.23694,1240.35022
User_01/Grid_15/HP_014/13.png,HP_014,8.5996,0.69262,-1.6157,0.81606,6.746,40.0597,11.0,11.0,0.0,2352.31934,1294.6355,2361.329,1301.90234,2326.242,1273.602,2305.97583,1257.25586,1749.17639,1273.2688,1753.05969,1279.67969,1737.94922,1254.7334,1729.23694,1240.35022
User_01/Grid_15/HP_014/14.png,HP_014,8.5996,0.69262,-1.6157,0.81606,6.746,40.0597,0.0,11.0,0.0,2320.1228,1295.65479,2322.88013,1303.139,2312.155,1274.02747,2305.97583,1257.25586,1716.644,1275.29028,1714.18848,1282.10327,1723.73767,1255.60791,1729.23694,1240.35022
User_01/Grid_15/HP_014/15.png,HP_014,8.5996,0.69262,-1.6157,0.81606,6.746,40.0597,-11.0,11.0,0.0,2288.81982,1293.06226,2285.4812,1300.02954,2298.47681,1272.90747,2305.97583,1257.25586,1684.31787,1273.518,1675.58691,1279.96484,1709.59192,1254.85583,1729.23694,1240.35022
User_01/Grid_15/HP_015/01.png,HP_015,8.3596,9.6439,4.2304,-2.6801,9.8993,41.6975,11.0,-11.0,0.0,2105.60449,1464.34033,2113.33545,1459.8103,2083.1687,1477.48621,2065.67139,1487.73853,1539.2644,1502.52258,1542.30652,1497.59375,1530.44788,1516.80762,1523.58435,1527.92847
User_01/Grid_15/HP_015/02.png,HP_015,8.3596,9.6439,4.2304,-2.6801,9.8993,41.6975,0.0,-11.0,0.0,2079.10327,1462.77661,2081.71021,1457.9314,2071.54956,1476.8147,2065.67139,1487.73853,1511.58081,1500.82,1509.24878,1495.55322,1518.3335,1516.07031,1523.58435,1527.92847
User_01/Grid_15/HP_015/03.png,HP_015,8.3596,9.6439,4.2304,-2.6801,9.8993,41.6975,-11.0,-11.0,0.0,2052.0813,1463.65527,2049.44458,1458.98254,2059.723,1477.197,2065.67139,1487.73853,1482.99365,1501.70215,1475.12122,1496.61572,1505.81409,1516.44678,1523.58435,1527.92847
User_01/Grid_15/HP_015/04.png,HP_015,8.3596,9.6439,4.2304,-2.6801,9.8993,41.6975,-11.0,-5.5,0.0,2050.69287,1476.54614,2047.78174,1474.371,2059.12036,1482.84338,2065.67139,1487.73853,1481.27417,1515.03906,1473.05261,1512.53442,1505.078,1522.29065,1523.58435,1527.92847
User_01/Grid_15/HP_015/05.png,HP_015,8.3596,9.6439,4.2304,-2.6801,9.8993,41.6975,0.0,-5.5,0.0,2079.1,1476.05273,2081.71167,1473.78,2071.543,1482.62915,2065.67139,1487.73853,1511.54883,1514.51855,1509.20557,1511.90771,1518.32471,1522.06836,1523.58435,1527.92847
User_01/Grid_15/HP_015/06.png,HP_015,8.3596,9.6439,4.2304,-2.6801,9.8993,41.6975,11.0,-5.5,0.0,2106.98242,1476.99072,2114.99268,1474.90674,2083.75879,1483.03271,2065.67139,1487.73853,1540.68518,1515.52612,1544.00854,1513.116,1531.06384,1522.50391,1523.58435,1527.92847
User_01/Grid_15/HP_015/07.png,HP_015,8.3596,9.6439,4.2304,-2.6801,9.8993,41.6975,11.0,0.0,0.0,2107.842,1491.02954,2116.027,1491.66846,2084.12671,1489.17883,2065.67139,1487.73853,1541.61462,1529.969,1545.12219,1530.366,1531.46619,1528.82031,1523.58435,1527.92847
User_01/Grid_15/HP_015/08.png,HP_015,8.3596,9.6439,4.2304,-2.6801,9.8993,41.6975,0.0,0.0,0.0,2079.09082,1490.93115,2081.70361,1491.55273,2071.53564,1489.13379,2065.67139,1487.73853,1511.52026,1530.00964,1509.16846,1530.41541,1518.3158,1528.8374,1523.58435,1527.92847
User_01/Grid_15/HP_015/09.png,HP_015,8.3596,9.6439,4.2304,-2.6801,9.8993,41.6975,-11.0,0.0,0.0,2049.8064,1490.82861,2046.71973,1491.42969,2058.73584,1489.08936,2065.67139,1487.73853,1480.12158,1530.05066,1471.66553,1530.46362,1504.58508,1528.8562,1523.58435,1527.92847
User_01/Grid_15/HP_015/10.png,HP_015,8.3596,9.6439,4.2304,-2.6801,9.8993,41.6975,-11.0,5.5,0.0,2049.5918,1505.653,2046.46289,1509.13867,2058.64258,1495.56934,2065.67139,1487.73853,1479.7782,1545.77539,1471.25269,1549.24878,1504.4375,1535.729,1523.58435,1527.92847
User_01/Grid_15/HP_015/11.png,HP_015,8.3596,9.6439,4.2304,-2.6801,9.8993,41.6975,0.0,5.5,0.0,2079.074,1506.43921,2081.684,1510.08081,2071.52759,1495.90991,2065.67139,1487.73853,1511.498,1546.27832,1509.14087,1549.85718,1518.307,1535.9408,1523.58435,1527.92847
User_01/Grid_15/HP_015/12.png,HP_015,8.3596,9.6439,4.2304,-2.6801,9.8993,41.6975,11.0,5.5,0.0,2108.00342,1505.595,2116.22046,1509.06116,2084.19653,1495.55286,2065.67139,1487.73853,1541.87756,1545.02417,1545.43762,1548.35107,1531.5802,1535.40088,1523.58435,1527.92847
User_01/Grid_15/HP_015/13.png,HP_015,8.3596,9.6439,4.2304,-2.6801,9.8993,41.6975,11.0,11.0,0.0,2107.41772,1519.59668,2115.51465,1525.77588,2083.94727,1501.68555,2065.67139,1487.73853,1541.41516,1559.62866,1544.88318,1565.79419,1531.38013,1541.78809,1523.58435,1527.92847
User_01/Grid_15/HP_015/14.png,HP_015,8.3596,9.6439,4.2304,-2.6801,9.8993,41.6975,0.0,11.0,0.0,2079.05,1521.31653,2081.653,1527.84973,2071.51953,1502.41675,2065.67139,1487.73853,1511.4834,1561.9574,1509.125,1568.589,1518.29858,1542.79224,1523.58435,1527.92847
User_01/Grid_15/HP_015/15.png,HP_015,8.3596,9.6439,4.2304,-2.6801,9.8993,41.6975,-11.0,11.0,0.0,2050.09814,1519.94958,2047.07019,1526.21252,2058.86157,1501.82361,2065.67139,1487.73853,1480.32666,1560.93213,1471.91431,1567.35034,1504.67078,1542.35864,1523.58435,1527.92847
User_01/Grid_15/HP_016/01.png,HP_016,-16.9951,-13.7954,-3.083,5.069,-3.3831,38.9885,11.0,-11.0,0.0,2558.55273,678.7921,2569.40332,672.186035,2527.266,697.8401,2503.07422,712.5686,1916.08,620.8168,1920.678,613.74,1902.81042,641.24,1892.53772,657.0508
User_01/Grid_15/HP_016/02.png,HP_016,-16.9951,-13.7954,-3.083,5.069,-3.3831,38.9885,0.0,-11.0,0.0,2517.851,678.0642,2520.74756,671.301147,2509.51123,697.5377,2503.07422,712.5686,1879.4126,618.8893,1876.847,611.430054,1886.81287,640.405151,1892.53772,657.0508
User_01/Grid_15/HP_016/03.png,HP_016,-16.9951,-13.7954,-3.083,5.069,-3.3831,38.9885,-11.0,-11.0,0.0,2480.36475,682.427,2475.929,676.5397,2493.16528,699.4169,2503.07422,712.5686,1844.33752,621.747559,1834.95764,614.877563,1871.46936,641.6196,1892.53772,657.0508
User_01/Grid_15/HP_016/04.png,HP_016,-16.9951,-13.7954,-3.083,5.069,-3.3831,38.9885,-11.0,-5.5,0.0,2479.831,700.544067,2475.28882,698.194336,2492.93457,707.3231,2503.07422,712.5686,1843.55713,639.0902,1834.01733,635.592163,1871.13708,649.203247,1892.53772,657.0508
User_01/Grid_15/HP_016/05.png,HP_016,-16.9951,-13.7954,-3.083,5.069,-3.3831,38.9885,0.0,-5.5,0.0,2517.9917,698.0853,2520.918,695.244263,2509.57031,706.2617,2503.07422,712.5686,1879.40942,637.731445,1876.84058,633.9514,1886.81409,648.628052,1892.53772,657.0508
User_01/Grid_15/HP_016/06.png,HP_016,-16.9951,-13.7954,-3.083,5.069,-3.3831,38.9885,11.0,-5.5,0.0,2559.65137,698.323242,2570.72485,695.535156,2527.73682,706.3589,2503.07422,712.5686,1916.85437,638.9354,1921.60742,635.3944,1903.14417,649.1492,1892.53772,657.0508
User_01/Grid_15/HP_016/07.png,HP_016,-16.9951,-13.7954,-3.083,5.069,-3.3831,38.9885,11.0,0.0,0.0,2559.244,718.8096,2570.22876,720.03,2527.56836,715.290161,2503.07422,712.5686,1916.47644,657.8185,1921.15356,657.9685,1902.98169,657.385742,1892.53772,657.0508
User_01/Grid_15/HP_016/08.png,HP_016,-16.9951,-13.7954,-3.083,5.069,-3.3831,38.9885,0.0,0.0,0.0,2518.11621,719.0945,2521.06421,720.3734,2509.627,715.4115,2503.07422,712.5686,1879.4176,657.511,1876.85181,657.600952,1886.81653,657.251465,1892.53772,657.0508
User_01/Grid_15/HP_016/09.png,HP_016,-16.9951,-13.7954,-3.083,5.069,-3.3831,38.9885,-11.0,0.0,0.0,2480.35938,719.314941,2475.92383,720.632446,2493.162,715.5126,2503.07422,712.5686,1843.88733,657.209,1834.41528,657.239746,1871.27771,657.1199,1892.53772,657.0508
User_01/Grid_15/HP_016/10.png,HP_016,-16.9951,-13.7954,-3.083,5.069,-3.3831,38.9885,-11.0,5.5,0.0,2481.874,737.1763,2477.74121,741.9735,2493.81543,723.315552,2503.07422,712.5686,1845.24146,674.4867,1836.04675,677.876465,1871.85522,664.6753,1892.53772,657.0508
User_01/Grid_15/HP_016/11.png,HP_016,-16.9951,-13.7954,-3.083,5.069,-3.3831,38.9885,0.0,5.5,0.0,2518.21875,738.86145,2521.18066,744.003052,2509.67847,724.0349,2503.07422,712.5686,1879.43628,676.219238,1876.87878,679.9608,1886.81946,665.417,1892.53772,657.0508
User_01/Grid_15/HP_016/12.png,HP_016,-16.9951,-13.7954,-3.083,5.069,-3.3831,38.9885,11.0,5.5,0.0,2557.445,738.0963,2568.05542,743.0779,2526.80835,723.712036,2503.07422,712.5686,1915.04248,675.7643,1919.43213,679.4144,1902.36389,665.221436,1892.53772,657.0508
User_01/Grid_15/HP_016/13.png,HP_016,-16.9951,-13.7954,-3.083,5.069,-3.3831,38.9885,11.0,11.0,0.0,2554.73267,754.6217,2564.78247,762.803,2525.65649,730.9523,2503.07422,712.5686,1912.87891,691.501343,1916.83667,698.2041,1901.42969,672.1105,1892.53772,657.0508
User_01/Grid_15/HP_016/14.png,HP_016,-16.9951,-13.7954,-3.083,5.069,-3.3831,38.9885,0.0,11.0,0.0,2518.2998,755.77,2521.26782,764.191162,2509.724,731.4369,2503.07422,712.5686,1879.46143,692.4026,1876.91614,699.284058,1886.82275,672.500854,1892.53772,657.0508
User_01/Grid_15/HP_016/15.png,HP_016,-16.9951,-13.7954,-3.083,5.069,-3.3831,38.9885,-11.0,11.0,0.0,2484.0896,752.9197,2480.39746,760.766846,2494.77344,730.2113,2503.07422,712.5686,1847.30859,689.7025,1838.5354,696.0359,1872.738,671.34436,1892.53772,657.0508
User_01/Grid_15/HP_017/01.png,HP_017,-9.7919,-1.7767,3.6548,2.7323,0.59667,41.36,11.0,-11.0,0.0,2464.68555,930.3069,2473.86743,924.6361,2438.13013,946.707642,2417.51367,959.440552,1864.38879,963.8596,1868.28955,958.0714,1853.11108,980.5947,1844.35938,993.5813
User_01/Grid_15/HP_017/02.png,HP_017,-9.7919,-1.7767,3.6548,2.7323,0.59667,41.36,0.0,-11.0,0.0,2431.911,929.642456,2434.719,923.830566,2423.7998,946.4298,2417.51367,959.440552,1832.13342,962.261353,1829.75049,956.1575,1839.01917,979.9011,1844.35938,993.5813
User_01/Grid_15/HP_017/03.png,HP_017,-9.7919,-1.7767,3.6548,2.7323,0.59667,41.36,-11.0,-11.0,0.0,2400.81226,932.4569,2397.56177,927.2051,2410.214,947.646851,2417.51367,959.440552,1800.81763,964.2671,1792.36157,958.5741,1825.30933,980.756,1844.35938,993.5813
User_01/Grid_15/HP_017/04.png,HP_017,-9.7919,-1.7767,3.6548,2.7323,0.59667,41.36,-11.0,-5.5,0.0,2399.95117,947.5581,2396.53,945.2434,2409.84082,954.249268,2417.51367,959.440552,1799.71228,979.2915,1791.03113,976.5132,1824.83655,987.3329,1844.35938,993.5813
User_01/Grid_15/HP_017/05.png,HP_017,-9.7919,-1.7767,3.6548,2.7323,0.59667,41.36,0.0,-5.5,0.0,2431.91357,945.8943,2434.72559,943.249,2423.79736,953.5293,2417.51367,959.440552,1832.11145,978.3165,1829.721,975.337158,1839.01318,986.918335,1844.35938,993.5813
User_01/Grid_15/HP_017/06.png,HP_017,-9.7919,-1.7767,3.6548,2.7323,0.59667,41.36,11.0,-5.5,0.0,2465.809,946.127563,2475.22046,943.5332,2438.60962,953.625244,2417.51367,959.440552,1865.462,979.3451,1869.57666,976.569336,1853.57471,987.3644,1844.35938,993.5813
User_01/Grid_15/HP_017/07.png,HP_017,-9.7919,-1.7767,3.6548,2.7323,0.59667,41.36,11.0,0.0,0.0,2465.954,963.071045,2475.3938,963.778564,2438.67261,961.026367,2417.51367,959.440552,1865.67944,995.918945,1869.83728,996.374756,1853.669,994.6019,1844.35938,993.5813
User_01/Grid_15/HP_017/08.png,HP_017,-9.7919,-1.7767,3.6548,2.7323,0.59667,41.36,0.0,0.0,0.0,2431.9082,963.311035,2434.71924,964.0669,2423.795,961.1294,2417.51367,959.440552,1832.09631,995.6675,1829.70239,996.0748,1839.00732,994.4918,1844.35938,993.5813
User_01/Grid_15/HP_017/09.png,HP_017,-9.7919,-1.7767,3.6548,2.7323,0.59667,41.36,-11.0,0.0,0.0,2399.84985,963.5167,2396.409,964.3109,2409.79639,961.2213,2417.51367,959.440552,1799.45581,995.403564,1790.7229,995.757935,1824.72644,994.378052,1844.35938,993.5813
User_01/Grid_15/HP_017/10.png,HP_017,-9.7919,-1.7767,3.6548,2.7323,0.59667,41.36,-11.0,5.5,0.0,2400.54,979.1687,2397.23657,983.008057,2410.09473,968.0635,2417.51367,959.440552,1800.11328,1011.31018,1791.5155,1014.75537,1825.00635,1001.33582,1844.35938,993.5813
User_01/Grid_15/HP_017/11.png,HP_017,-9.7919,-1.7767,3.6548,2.7323,0.59667,41.36,0.0,5.5,0.0,2431.895,980.345337,2434.7002,984.4231,2423.79272,968.5679,2417.51367,959.440552,1832.08923,1012.76392,1829.69617,1016.50513,1839.00159,1001.9574,1844.35938,993.5813
User_01/Grid_15/HP_017/12.png,HP_017,-9.7919,-1.7767,3.6548,2.7323,0.59667,41.36,11.0,5.5,0.0,2465.067,979.6544,2474.32349,983.589355,2438.29614,968.274658,2417.51367,959.440552,1864.98059,1012.26172,1868.99866,1015.90149,1853.36743,1001.74158,1844.35938,993.5813
User_01/Grid_15/HP_017/13.png,HP_017,-9.7919,-1.7767,3.6548,2.7323,0.59667,41.36,11.0,11.0,0.0,2463.35083,994.5421,2472.25513,1001.36084,2437.56567,974.796,2417.51367,959.440552,1863.513,1027.14075,1867.23828,1033.66809,1852.7334,1008.25366,1844.35938,993.5813
User_01/Grid_15/HP_017/14.png,HP_017,-9.7919,-1.7767,3.6548,2.7323,0.59667,41.36,0.0,11.0,0.0,2431.87549,995.606567,2434.67065,1002.64575,2423.79077,975.2473,2417.51367,959.440552,1832.08911,1028.165,1829.70081,1034.89612,1838.99646,1008.69666,1844.35938,993.5813
User_01/Grid_15/HP_017/15.png,HP_017,-9.7919,-1.7767,3.6548,2.7323,0.59667,41.36,-11.0,11.0,0.0,2401.89014,993.4507,2398.855,1000.058,2410.6792,974.3181,2417.51367,959.440552,1801.5376,1025.79993,1793.23047,1032.05,1825.61438,1007.68481,1844.35938,993.5813
User_01/Grid_15/HP_018/01.png,HP_018,-1.2287,-10.3639,2.1005,3.0742,3.2176,42.0951,11.0,-11.0,0.0,2345.76465,1046.017,2354.404,1040.90625,2320.75366,1060.8125,2301.31152,1072.3136,1772.91406,1062.842,1776.18335,1057.56506,1763.44763,1078.12244,1756.08655,1090.00452
User_01/Grid_15/HP_018/02.png,HP_018,-1.2287,-10.3639,2.1005,3.0742,3.2176,42.0951,0.0,-11.0,0.0,2315.0896,1044.82861,2317.77344,1039.47473,2307.331,1060.30566,2301.31152,1072.3136,1744.38208,1061.49866,1742.1062,1055.95593,1750.96863,1077.53992,1756.08655,1090.00452
User_01/Grid_15/HP_018/03.png,HP_018,-1.2287,-10.3639,2.1005,3.0742,3.2176,42.0951,-11.0,-11.0,0.0,2285.29736,1046.81458,2282.18262,1041.85535,2294.30957,1061.16492,2301.31152,1072.3136,1716.1283,1063.03748,1708.37964,1057.80811,1738.592,1078.19775,1756.08655,1090.00452
User_01/Grid_15/HP_018/04.png,HP_018,-1.2287,-10.3639,2.1005,3.0742,3.2176,42.0951,-11.0,-5.5,0.0,2284.39722,1061.04529,2281.10425,1058.85144,2293.92,1067.38928,2301.31152,1072.3136,1715.08008,1076.75171,1707.11829,1074.17847,1738.14355,1084.20557,1756.08655,1090.00452
User_01/Grid_15/HP_018/05.png,HP_018,-1.2287,-10.3639,2.1005,3.0742,3.2176,42.0951,0.0,-5.5,0.0,2315.162,1059.93738,2317.86353,1057.52344,2307.359,1066.90991,2301.31152,1072.3136,1744.38733,1075.92212,1742.10913,1073.17993,1750.97437,1083.851,1756.08655,1090.00452
User_01/Grid_15/HP_018/06.png,HP_018,-1.2287,-10.3639,2.1005,3.0742,3.2176,42.0951,11.0,-5.5,0.0,2346.96558,1060.59863,2355.84863,1058.31934,2321.268,1067.19275,2301.31152,1072.3136,1773.9353,1076.70422,1777.4071,1074.11707,1763.88989,1084.1897,1756.08655,1090.00452
User_01/Grid_15/HP_018/07.png,HP_018,-1.2287,-10.3639,2.1005,3.0742,3.2176,42.0951,11.0,0.0,0.0,2347.34448,1076.295,2356.30347,1077.07,2321.43164,1074.05383,2301.31152,1072.3136,1774.2937,1091.58423,1777.83655,1091.8916,1764.045,1090.695,1756.08655,1090.00452
User_01/Grid_15/HP_018/08.png,HP_018,-1.2287,-10.3639,2.1005,3.0742,3.2176,42.0951,0.0,0.0,0.0,2315.22754,1076.266,2317.94238,1077.037,2307.387,1074.03906,2301.31152,1072.3136,1744.39941,1091.55591,1742.12268,1091.858,1750.98083,1090.68225,1756.08655,1090.00452
User_01/Grid_15/HP_018/09.png,HP_018,-1.2287,-10.3639,2.1005,3.0742,3.2176,42.0951,-11.0,0.0,0.0,2284.18726,1076.23242,2280.85254,1076.99548,2293.82886,1074.026,2301.31152,1072.3136,1714.73,1091.524,1706.6969,1091.81921,1737.99377,1090.66919,1756.08655,1090.00452
User_01/Grid_15/HP_018/10.png,HP_018,-1.2287,-10.3639,2.1005,3.0742,3.2176,42.0951,-11.0,5.5,0.0,2284.72974,1091.306,2281.50317,1095.00171,2294.06348,1080.61548,2301.31152,1072.3136,1715.16125,1106.27051,1707.21643,1109.42822,1738.17773,1097.12244,1756.08655,1090.00452
User_01/Grid_15/HP_018/11.png,HP_018,-1.2287,-10.3639,2.1005,3.0742,3.2176,42.0951,0.0,5.5,0.0,2315.28223,1092.45508,2318.00537,1096.38123,2307.413,1081.11023,2301.31152,1072.3136,1744.41882,1107.16223,1742.147,1110.50269,1750.98767,1097.50244,1756.08655,1090.00452
User_01/Grid_15/HP_018/12.png,HP_018,-1.2287,-10.3639,2.1005,3.0742,3.2176,42.0951,11.0,5.5,0.0,2346.80957,1091.8479,2355.65723,1095.64648,2321.20557,1080.855,2301.31152,1072.3136,1773.914,1106.437,1777.3811,1109.63281,1763.88123,1097.18921,1756.08655,1090.00452
User_01/Grid_15/HP_018/13.png,HP_018,-1.2287,-10.3639,2.1005,3.0742,3.2176,42.0951,11.0,11.0,0.0,2345.4856,1106.037,2354.06079,1112.5835,2320.64233,1087.071,2301.31152,1072.3136,1772.87317,1120.22021,1776.13318,1126.0885,1763.43091,1103.22424,1756.08655,1090.00452
User_01/Grid_15/HP_018/14.png,HP_018,-1.2287,-10.3639,2.1005,3.0742,3.2176,42.0951,0.0,11.0,0.0,2315.325,1107.18311,2318.05127,1113.9679,2307.437,1087.55591,2301.31152,1072.3136,1744.44348,1121.50574,1742.18042,1127.62878,1750.99463,1103.781,1756.08655,1090.00452
User_01/Grid_15/HP_018/15.png,HP_018,-1.2287,-10.3639,2.1005,3.0742,3.2176,42.0951,-11.0,11.0,0.0,2285.93286,1105.22253,2282.94482,1111.61658,2294.58447,1086.70874,2301.31152,1072.3136,1716.28711,1119.90942,1708.57166,1125.70679,1738.65881,1103.09949,1756.08655,1090.00452
User_01/Grid_15/HP_019/01.png,HP_019,9.7467,-2.1584,-0.12337,2.7555,7.8622,41.9014,11.0,-11.0,0.0,2440.96533,1294.1189,2449.11279,1289.42944,2417.35986,1307.70581,2398.99,1318.27893,1871.22827,1291.77075,1874.40759,1286.51,1862.018,1307.01074,1854.85181,1318.86829
User_01/Grid_15/HP_019/02.png,HP_019,9.7467,-2.1584,-0.12337,2.7555,7.8622,41.9014,0.0,-11.0,0.0,2412.56226,1293.20264,2415.201,1288.32764,2404.925,1307.31323,2398.99,1318.27893,1843.153,1291.001,1840.88074,1285.5885,1849.73364,1306.67651,1854.85181,1318.86829
User_01/Grid_15/HP_019/03.png,HP_019,9.7467,-2.1584,-0.12337,2.7555,7.8622,41.9014,-11.0,-11.0,0.0,2385.40161,1294.87866,2382.76416,1290.33679,2393.04346,1308.03833,2398.99,1318.27893,1815.86353,1292.88525,1808.31238,1287.85315,1837.772,1307.48572,1854.85181,1318.86829
User_01/Grid_15/HP_019/04.png,HP_019,9.7467,-2.1584,-0.12337,2.7555,7.8622,41.9014,-11.0,-5.5,0.0,2384.30054,1307.9187,2381.4458,1305.90515,2392.56519,1313.74768,2398.99,1318.27893,1814.57654,1305.86426,1806.76453,1303.342,1837.22058,1313.17554,1854.85181,1318.86829
User_01/Grid_15/HP_019/05.png,HP_019,9.7467,-2.1584,-0.12337,2.7555,7.8622,41.9014,0.0,-5.5,0.0,2412.57446,1307.06079,2415.22,1304.87646,2404.926,1313.377,2398.99,1318.27893,1843.13818,1304.71362,1840.85889,1301.95947,1849.73145,1312.681,1854.85181,1318.86829
User_01/Grid_15/HP_019/06.png,HP_019,9.7467,-2.1584,-0.12337,2.7555,7.8622,41.9014,11.0,-5.5,0.0,2442.327,1307.695,2450.75122,1305.63757,2417.94238,1313.65039,2398.99,1318.27893,1872.53735,1305.09692,1875.97632,1302.41919,1862.58484,1312.8468,1854.85181,1318.86829
User_01/Grid_15/HP_019/07.png,HP_019,9.7467,-2.1584,-0.12337,2.7555,7.8622,41.9014,11.0,0.0,0.0,2443.02734,1322.61914,2451.59351,1323.46338,2418.24243,1320.17651,2398.99,1318.27893,1873.25781,1319.74365,1876.84,1319.91406,1862.89661,1319.25085,1854.85181,1318.86829
User_01/Grid_15/HP_019/08.png,HP_019,9.7467,-2.1584,-0.12337,2.7555,7.8622,41.9014,0.0,0.0,0.0,2412.582,1322.3363,2415.23071,1323.127,2404.92725,1320.05127,2398.99,1318.27893,1843.12769,1319.92651,1840.84424,1320.13257,1849.72937,1319.33057,1854.85181,1318.86829
User_01/Grid_15/HP_019/09.png,HP_019,9.7467,-2.1584,-0.12337,2.7555,7.8622,41.9014,-11.0,0.0,0.0,2383.735,1322.07275,2380.76855,1322.81055,2392.32,1319.93774,2398.99,1318.27893,1813.87329,1320.11108,1805.91846,1320.35254,1836.91943,1319.41211,1854.85181,1318.86829
User_01/Grid_15/HP_019/10.png,HP_019,9.7467,-2.1584,-0.12337,2.7555,7.8622,41.9014,-11.0,5.5,0.0,2383.81836,1336.47351,2380.86841,1340.011,2392.35571,1326.23511,2398.99,1318.27893,1813.89941,1334.68457,1805.9502,1337.75452,1836.93,1325.78979,1854.85181,1318.86829
User_01/Grid_15/HP_019/11.png,HP_019,9.7467,-2.1584,-0.12337,2.7555,7.8622,41.9014,0.0,5.5,0.0,2412.58276,1337.92554,2415.2312,1341.75317,2404.92822,1326.86182,2398.99,1318.27893,1843.123,1335.54346,1840.83875,1338.791,1849.727,1326.15417,1854.85181,1318.86829
User_01/Grid_15/HP_019/12.png,HP_019,9.7467,-2.1584,-0.12337,2.7555,7.8622,41.9014,11.0,5.5,0.0,2442.89966,1337.82153,2451.43823,1341.62183,2418.18921,1326.82385,2398.99,1318.27893,1873.24292,1334.74939,1876.822,1337.84009,1862.89014,1325.80957,1854.85181,1318.86829
User_01/Grid_15/HP_019/13.png,HP_019,9.7467,-2.1584,-0.12337,2.7555,7.8622,41.9014,11.0,11.0,0.0,2441.96,1352.08325,2450.30542,1358.64844,2417.78955,1333.06848,2398.99,1318.27893,1872.49292,1349.00574,1875.92285,1354.86548,1862.56592,1332.04663,1854.85181,1318.86829
User_01/Grid_15/HP_019/14.png,HP_019,9.7467,-2.1584,-0.12337,2.7555,7.8622,41.9014,0.0,11.0,0.0,2412.57764,1352.56384,2415.22119,1359.23486,2404.92944,1333.26575,2398.99,1318.27893,1843.12415,1350.28223,1840.84265,1356.39368,1849.7251,1332.60132,1854.85181,1318.86829
User_01/Grid_15/HP_019/15.png,HP_019,9.7467,-2.1584,-0.12337,2.7555,7.8622,41.9014,-11.0,11.0,0.0,2384.542,1350.148,2381.73584,1356.33789,2392.66919,1332.22131,2398.99,1318.27893,1814.65161,1348.5022,1806.85608,1354.24878,1837.25134,1331.84253,1854.85181,1318.86829
User_01/Grid_15/HP_020/01.png,HP_020,17.5233,-14.2905,-4.6851,5.6407,11.3181,40.5234,11.0,-11.0,0.0,2567.55225,1498.59937,2575.94214,1493.96826,2543.254,1512.01147,2524.356,1522.44275,1991.81787,1472.53735,1994.84546,1467.22607,1983.04089,1487.935,1976.20581,1499.92578
User_01/Grid_15/HP_020/02.png,HP_020,17.5233,-14.2905,-4.6851,5.6407,11.3181,40.5234,0.0,-11.0,0.0,2538.21851,1497.82715,2540.914,1493.04053,2530.41748,1511.67944,2524.356,1522.44275,1964.57019,1472.31,1962.3136,1466.95459,1971.11157,1487.83545,1976.20581,1499.92578
User_01/Grid_15/HP_020/03.png,HP_020,17.5233,-14.2905,-4.6851,5.6407,11.3181,40.5234,-11.0,-11.0,0.0,2510.74951,1499.6167,2508.109,1495.18652,2518.40112,1512.45288,2524.356,1522.44275,1938.63831,1474.45093,1931.374,1469.5249,1959.73572,1488.75732,1976.20581,1499.92578
User_01/Grid_15/HP_020/04.png,HP_020,17.5233,-14.2905,-4.6851,5.6407,11.3181,40.5234,-11.0,-5.5,0.0,2509.47559,1512.58911,2506.58325,1510.67383,2517.84814,1518.1333,2524.356,1522.44275,1937.26416,1486.82764,1929.7218,1484.29053,1959.14685,1494.18774,1976.20581,1499.92578
User_01/Grid_15/HP_020/05.png,HP_020,17.5233,-14.2905,-4.6851,5.6407,11.3181,40.5234,0.0,-5.5,0.0,2538.2854,1511.715,2540.999,1509.625,2530.44116,1517.75635,2524.356,1522.44275,1964.56055,1485.445,1962.29761,1482.63086,1971.11255,1493.592,1976.20581,1499.92578
User_01/Grid_15/HP_020/06.png,HP_020,17.5233,-14.2905,-4.6851,5.6407,11.3181,40.5234,11.0,-5.5,0.0,2569.332,1512.36792,2578.08374,1510.40735,2544.01563,1518.03882,2524.356,1522.44275,1993.33472,1485.454,1996.66309,1482.64209,1983.69824,1493.5957,1976.20581,1499.92578
User_01/Grid_15/HP_020/07.png,HP_020,17.5233,-14.2905,-4.6851,5.6407,11.3181,40.5234,11.0,0.0,0.0,2570.496,1527.82666,2579.48438,1528.87537,2544.51416,1524.7948,2524.356,1522.44275,1994.34583,1499.90771,1997.87524,1499.90417,1984.13562,1499.918,1976.20581,1499.92578
User_01/Grid_15/HP_020/08.png,HP_020,17.5233,-14.2905,-4.6851,5.6407,11.3181,40.5234,0.0,0.0,0.0,2538.351,1527.32629,2541.081,1528.27881,2530.46631,1524.575,2524.356,1522.44275,1964.5553,1500.2478,1962.288,1500.3103,1971.1134,1500.06653,1976.20581,1499.92578
User_01/Grid_15/HP_020/09.png,HP_020,17.5233,-14.2905,-4.6851,5.6407,11.3181,40.5234,-11.0,0.0,0.0,2508.686,1526.884,2505.6377,1527.74792,2517.50562,1524.38428,2524.356,1522.44275,1936.3678,1500.57739,1928.64355,1500.70374,1958.763,1500.211,1976.20581,1499.92578
User_01/Grid_15/HP_020/10.png,HP_020,17.5233,-14.2905,-4.6851,5.6407,11.3181,40.5234,-11.0,5.5,0.0,2508.535,1541.69653,2505.45654,1545.4425,2517.44019,1530.85913,2524.356,1522.44275,1936.11963,1514.90186,1928.345,1517.8064,1958.65649,1506.48218,1976.20581,1499.92578
User_01/Grid_15/HP_020/11.png,HP_020,17.5233,-14.2905,-4.6851,5.6407,11.3181,40.5234,0.0,5.5,0.0,2538.41162,1543.61841,2541.15381,1547.74951,2530.49243,1531.68774,2524.356,1522.44275,1964.55591,1515.77637,1962.288,1518.862,1971.11462,1506.85278,1976.20581,1499.92578
User_01/Grid_15/HP_020/12.png,HP_020,17.5233,-14.2905,-4.6851,5.6407,11.3181,40.5234,11.0,5.5,0.0,2570.78662,1543.92371,2579.83228,1548.10864,2544.64038,1531.82715,2524.356,1522.44275,1994.65784,1515.03589,1998.24927,1517.97681,1984.27051,1506.52979,1976.20581,1499.92578
User_01/Grid_15/HP_020/13.png,HP_020,17.5233,-14.2905,-4.6851,5.6407,11.3181,40.5234,11.0,11.0,0.0,2570.12817,1559.28467,2579.036,1566.45483,2544.3623,1538.54565,2524.356,1522.44275,1994.20374,1529.71191,1997.70471,1535.5061,1984.0741,1512.94751,1976.20581,1499.92578
User_01/Grid_15/HP_020/14.png,HP_020,17.5233,-14.2905,-4.6851,5.6407,11.3181,40.5234,0.0,11.0,0.0,2538.464,1559.22192,2541.21362,1566.39038,2530.51831,1538.507,2524.356,1522.44275,1964.56287,1530.779,1962.29785,1536.78149,1971.11621,1513.41333,1976.20581,1499.92578
User_01/Grid_15/HP_020/15.png,HP_020,17.5233,-14.2905,-4.6851,5.6407,11.3181,40.5234,-11.0,11.0,0.0,2509.06714,1556.0188,2506.09448,1562.54736,2517.67065,1537.12476,2524.356,1522.44275,1936.57471,1528.77759,1928.8927,1534.37012,1958.85107,1512.5603,1976.20581,1499.92578
User_01/Grid_15/HP_021/01.png,HP_021,-8.0183,-17.1084,3.5258,12.4474,-1.7833,41.3414,11.0,-11.0,0.0,3116.65552,700.032,3126.434,694.01355,3088.43042,717.4043,3066.57373,730.8567,2496.85,730.2803,2500.74585,724.411,2485.58862,747.2479,2476.85,760.413452
User_01/Grid_15/HP_021/02.png,HP_021,-8.0183,-17.1084,3.5258,12.4474,-1.7833,41.3414,0.0,-11.0,0.0,3081.87329,701.6738,3084.85742,695.981445,3073.254,718.114746,3066.57373,730.8567,2464.814,731.2129,2462.47388,725.5366,2471.58643,747.6433,2476.85,760.413452
User_01/Grid_15/HP_021/03.png,HP_021,-8.0183,-17.1084,3.5258,12.4474,-1.7833,41.3414,-11.0,-11.0,0.0,3052.866,705.785767,3050.203,700.9154,3060.57715,719.8894,3066.57373,730.8567,2437.45679,734.8336,2429.83887,729.8867,2459.58057,749.199463,2476.85,760.413452
User_01/Grid_15/HP_021/04.png,HP_021,-8.0183,-17.1084,3.5258,12.4474,-1.7833,41.3414,-11.0,-5.5,0.0,3052.49829,720.0404,3049.763,717.938354,3060.41748,726.125854,3066.57373,730.8567,2436.97461,748.2644,2429.259,745.9137,2459.37329,755.088745,2476.85,760.413452
User_01/Grid_15/HP_021/05.png,HP_021,-8.0183,-17.1084,3.5258,12.4474,-1.7833,41.3414,0.0,-5.5,0.0,3081.89478,717.8734,3084.885,715.3397,3073.26147,725.189453,3066.57373,730.8567,2464.80664,746.37915,2462.46338,743.6489,2471.585,754.2781,2476.85,760.413452
User_01/Grid_15/HP_021/06.png,HP_021,-8.0183,-17.1084,3.5258,12.4474,-1.7833,41.3414,11.0,-5.5,0.0,3117.436,716.988647,3127.37354,714.279053,3088.76318,724.8064,3066.57373,730.8567,2497.555,745.9221,2501.591,743.0973,2485.893,754.0845,2476.85,760.413452
User_01/Grid_15/HP_021/07.png,HP_021,-8.0183,-17.1084,3.5258,12.4474,-1.7833,41.3414,11.0,0.0,0.0,3117.08276,734.6986,3126.94556,735.448853,3088.615,732.5332,3066.57373,730.8567,2497.33643,762.274658,2501.32837,762.637451,2485.79858,761.2263,2476.85,760.413452
User_01/Grid_15/HP_021/08.png,HP_021,-8.0183,-17.1084,3.5258,12.4474,-1.7833,41.3414,0.0,0.0,0.0,3081.90869,734.6913,3084.90015,735.439331,3073.269,732.530762,3066.57373,730.8567,2464.80518,762.2217,2462.463,762.5735,2471.58374,761.2041,2476.85,760.413452
User_01/Grid_15/HP_021/09.png,HP_021,-8.0183,-17.1084,3.5258,12.4474,-1.7833,41.3414,-11.0,0.0,0.0,3052.73,734.6792,3050.041,735.421631,3060.51782,732.5288,3066.57373,730.8567,2437.11084,762.172,2429.42334,762.5123,2459.4314,761.1843,2476.85,760.413452
User_01/Grid_15/HP_021/10.png,HP_021,-8.0183,-17.1084,3.5258,12.4474,-1.7833,41.3414,-11.0,5.5,0.0,3053.531,748.811646,3051.00049,752.2958,3060.86523,738.7151,3066.57373,730.8567,2437.84277,775.6465,2430.3042,778.5906,2459.745,767.0934,2476.85,760.413452
User_01/Grid_15/HP_021/11.png,HP_021,-8.0183,-17.1084,3.5258,12.4474,-1.7833,41.3414,0.0,5.5,0.0,3081.915,750.7588,3084.903,754.635254,3073.27661,739.5521,3066.57373,730.8567,2464.80957,777.450439,2462.471,780.7594,2471.58228,767.866943,2476.85,760.413452
User_01/Grid_15/HP_021/12.png,HP_021,-8.0183,-17.1084,3.5258,12.4474,-1.7833,41.3414,11.0,5.5,0.0,3115.67554,751.517944,3125.24731,755.5454,3088.01855,739.880249,3066.57373,730.8567,2496.24,777.967163,2500.01318,781.383057,2485.32544,768.0862,2476.85,760.413452
User_01/Grid_15/HP_021/13.png,HP_021,-8.0183,-17.1084,3.5258,12.4474,-1.7833,41.3414,11.0,11.0,0.0,3113.54,766.2052,3122.67236,773.0785,3087.11,746.313354,3066.57373,730.8567,2494.49976,791.910645,2497.92676,798.026367,2484.57275,774.195068,2476.85,760.413452
User_01/Grid_15/HP_021/14.png,HP_021,-8.0183,-17.1084,3.5258,12.4474,-1.7833,41.3414,0.0,11.0,0.0,3081.91479,765.0062,3084.89648,771.642944,3073.28345,745.7925,3066.57373,730.8567,2464.818,791.032349,2462.486,796.9673,2471.5813,773.8219,2476.85,760.413452
User_01/Grid_15/HP_021/15.png,HP_021,-8.0183,-17.1084,3.5258,12.4474,-1.7833,41.3414,-11.0,11.0,0.0,3054.78,761.6991,3052.49487,767.675049,3061.4082,744.3656,3066.57373,730.8567,2439.04346,787.9276,2431.747,793.237549,2460.25977,772.4872,2476.85,760.413452
User_01/Grid_15/HP_022/01.png,HP_022,-2.3419,-25.6391,-2.6957,11.7813,1.8755,40.0406,11.0,-11.0,0.0,2971.82227,931.728638,2981.82422,925.8345,2942.96,948.7374,2920.61816,961.9033,2360.97119,907.6526,2364.72266,901.5836,2350.121,925.205566,2341.69727,938.8336
User_01/Grid_15/HP_022/02.png,HP_022,-2.3419,-25.6391,-2.6957,11.7813,1.8755,40.0406,0.0,-11.0,0.0,2935.58813,932.609741,2938.51123,926.8894,2927.151,949.1199,2920.61816,961.9033,2329.627,908.222168,2327.28076,902.272339,2336.41821,925.4458,2341.69727,938.8336
User_01/Grid_15/HP_022/03.png,HP_022,-2.3419,-25.6391,-2.6957,11.7813,1.8755,40.0406,-11.0,-11.0,0.0,2904.60718,936.5502,2901.493,931.6185,2913.61816,950.8192,2920.61816,961.9033,2302.068,911.5968,2294.40161,906.3279,2324.32715,926.895264,2341.69727,938.8336
User_01/Grid_15/HP_022/04.png,HP_022,-2.3419,-25.6391,-2.6957,11.7813,1.8755,40.0406,-11.0,-5.5,0.0,2903.963,951.444458,2900.72144,949.4088,2913.339,957.3323,2920.61816,961.9033,2301.30078,925.168945,2293.479,922.5231,2323.99854,932.8469,2341.69727,938.8336
User_01/Grid_15/HP_022/05.png,HP_022,-2.3419,-25.6391,-2.6957,11.7813,1.8755,40.0406,0.0,-5.5,0.0,2935.72388,949.3528,2938.67676,946.8993,2927.20679,956.4293,2920.61816,961.9033,2329.62354,923.308,2327.274,920.2865,2336.42,932.0476,2341.69727,938.8336
User_01/Grid_15/HP_022/06.png,HP_022,-2.3419,-25.6391,-2.6957,11.7813,1.8755,40.0406,11.0,-5.5,0.0,2973.28735,948.936157,2983.588,946.400146,2943.58618,956.248657,2920.61816,961.9033,2362.02979,922.97876,2365.99243,919.8889,2350.57813,931.9083,2341.69727,938.8336
User_01/Grid_15/HP_022/07.png,HP_022,-2.3419,-25.6391,-2.6957,11.7813,1.8755,40.0406,11.0,0.0,0.0,2973.55859,967.4309,2983.91138,968.511841,2943.705,964.313843,2920.61816,961.9033,2362.21436,939.3745,2366.21387,939.4801,2350.6582,939.069946,2341.69727,938.8336
User_01/Grid_15/HP_022/08.png,HP_022,-2.3419,-25.6391,-2.6957,11.7813,1.8755,40.0406,0.0,0.0,0.0,2935.84985,967.2428,2938.82715,968.2865,2927.26172,964.2323,2920.61816,961.9033,2329.62915,939.447754,2327.28,939.567139,2336.42285,939.102051,2341.69727,938.8336
User_01/Grid_15/HP_022/09.png,HP_022,-2.3419,-25.6391,-2.6957,11.7813,1.8755,40.0406,-11.0,0.0,0.0,2904.00049,967.0873,2900.766,968.0963,2913.35522,964.169067,2920.61816,961.9033,2301.17871,939.510742,2293.332,939.641846,2323.946,939.1304,2341.69727,938.8336
User_01/Grid_15/HP_022/10.png,HP_022,-2.3419,-25.6391,-2.6957,11.7813,1.8755,40.0406,-11.0,5.5,0.0,2904.74121,982.440552,2901.65356,986.4343,2913.67627,970.882935,2920.61816,961.9033,2301.72729,953.646,2293.992,956.512451,2324.181,945.324951,2341.69727,938.8336
User_01/Grid_15/HP_022/11.png,HP_022,-2.3419,-25.6391,-2.6957,11.7813,1.8755,40.0406,0.0,5.5,0.0,2935.96021,984.706543,2938.95557,989.158569,2927.31372,971.855347,2920.61816,961.9033,2329.64355,955.3058,2327.29932,958.509155,2336.427,946.035767,2341.69727,938.8336
User_01/Grid_15/HP_022/12.png,HP_022,-2.3419,-25.6391,-2.6957,11.7813,1.8755,40.0406,11.0,5.5,0.0,2972.56226,985.4198,2982.70581,990.011963,2943.28564,972.1654,2920.61816,961.9033,2361.48071,955.484741,2365.3335,958.7273,2350.34155,946.109253,2341.69727,938.8336
User_01/Grid_15/HP_022/13.png,HP_022,-2.3419,-25.6391,-2.6957,11.7813,1.8755,40.0406,11.0,11.0,0.0,2970.57275,1001.32385,2980.30371,1009.00305,2942.44214,979.125366,2920.61816,961.9033,2359.99658,970.079346,2363.55347,976.152832,2349.7,952.4984,2341.69727,938.8336
User_01/Grid_15/HP_022/14.png,HP_022,-2.3419,-25.6391,-2.6957,11.7813,1.8755,40.0406,0.0,11.0,0.0,2936.052,1000.33508,2939.05859,1007.822,2927.3606,978.693237,2920.61816,961.9033,2329.66479,969.671753,2327.329,975.657959,2336.43164,952.328735,2341.69727,938.8336
User_01/Grid_15/HP_022/15.png,HP_022,-2.3419,-25.6391,-2.6957,11.7813,1.8755,40.0406,-11.0,11.0,0.0,2906.07324,996.5502,2903.249,1003.27783,2914.254,977.063,2920.61816,961.9033,2302.84326,966.6747,2295.33423,972.0554,2324.65918,951.0425,2341.69727,938.8336
User_01/Grid_15/HP_023/01.png,HP_023,-3.5092,-19.1174,1.1369,9.2692,4.1332,37.5976,11.0,-11.0,0.0,2913.922,1179.2334,2925.35425,1172.22217,2880.972,1199.44116,2855.50684,1215.05811,2235.16577,1169.1355,2239.759,1162.19507,2221.902,1189.17578,2211.62646,1204.70129
User_01/Grid_15/HP_023/02.png,HP_023,-3.5092,-19.1174,1.1369,9.2692,4.1332,37.5976,0.0,-11.0,0.0,2872.231,1180.02393,2875.50562,1173.16431,2862.796,1199.78918,2855.50684,1215.05811,2198.30835,1168.78223,2195.71167,1161.77881,2205.81055,1189.01538,2211.62646,1204.70129
User_01/Grid_15/HP_023/03.png,HP_023,-3.5092,-19.1174,1.1369,9.2692,4.1332,37.5976,-11.0,-11.0,0.0,2836.02319,1184.9718,2832.22339,1179.10425,2846.999,1201.92065,2855.50684,1215.05811,2165.23145,1172.45947,2156.23169,1166.20532,2191.31641,1190.58716,2211.62646,1204.70129
User_01/Grid_15/HP_023/04.png,HP_023,-3.5092,-19.1174,1.1369,9.2692,4.1332,37.5976,-11.0,-5.5,0.0,2834.61353,1202.12207,2830.53345,1199.596,2846.3894,1209.41309,2855.50684,1215.05811,2163.67188,1188.34253,2154.35449,1185.164,2190.65015,1197.54565,2211.62646,1204.70129
User_01/Grid_15/HP_023/05.png,HP_023,-3.5092,-19.1174,1.1369,9.2692,4.1332,37.5976,0.0,-5.5,0.0,2872.32568,1199.168,2875.62549,1196.04993,2862.82959,1208.13965,2855.50684,1215.05811,2198.306,1186.33228,2195.703,1182.74255,2205.81567,1196.68823,2211.62646,1204.70129
User_01/Grid_15/HP_023/06.png,HP_023,-3.5092,-19.1174,1.1369,9.2692,4.1332,37.5976,11.0,-5.5,0.0,2916.53735,1198.56543,2928.50879,1195.33032,2882.08325,1207.87622,2855.50684,1215.05811,2237.18481,1186.68445,2242.18335,1183.16089,2222.772,1196.84448,2211.62646,1204.70129
User_01/Grid_15/HP_023/07.png,HP_023,-3.5092,-19.1174,1.1369,9.2692,4.1332,37.5976,11.0,0.0,0.0,2917.716,1220.39233,2929.9292,1221.4397,2882.58569,1217.38,2855.50684,1215.05811,2238.122,1206.25537,2243.309,1206.55957,2223.17554,1205.37866,2211.62646,1204.70129
User_01/Grid_15/HP_023/08.png,HP_023,-3.5092,-19.1174,1.1369,9.2692,4.1332,37.5976,0.0,0.0,0.0,2872.41113,1220.60083,2875.73071,1221.68921,2862.864,1217.47046,2855.50684,1215.05811,2198.313,1206.01428,2195.70874,1206.27112,2205.82153,1205.2738,2211.62646,1204.70129
User_01/Grid_15/HP_023/09.png,HP_023,-3.5092,-19.1174,1.1369,9.2692,4.1332,37.5976,-11.0,0.0,0.0,2834.079,1220.74731,2829.89282,1221.85889,2846.1582,1217.54016,2855.50684,1215.05811,2162.9707,1205.79187,2153.51,1206.00391,2190.35083,1205.17822,2211.62646,1204.70129
User_01/Grid_15/HP_023/10.png,HP_023,-3.5092,-19.1174,1.1369,9.2692,4.1332,37.5976,-11.0,5.5,0.0,2834.566,1239.458,2830.47729,1244.22217,2846.36816,1225.7063,2855.50684,1215.05811,2163.30054,1223.44019,2153.908,1227.08252,2190.49121,1212.89673,2211.62646,1204.70129
User_01/Grid_15/HP_023/11.png,HP_023,-3.5092,-19.1174,1.1369,9.2692,4.1332,37.5976,0.0,5.5,0.0,2872.48169,1242.20178,2875.8125,1247.52783,2862.89746,1226.87622,2855.50684,1215.05811,2198.3313,1225.9707,2195.732,1230.12939,2205.82813,1213.97754,2211.62646,1204.70129
User_01/Grid_15/HP_023/12.png,HP_023,-3.5092,-19.1174,1.1369,9.2692,4.1332,37.5976,11.0,5.5,0.0,2917.067,1242.39734,2929.14136,1247.75977,2882.315,1226.96362,2855.50684,1215.05811,2237.72144,1226.07471,2242.827,1230.25659,2223.00342,1214.01978,2211.62646,1204.70129
User_01/Grid_15/HP_023/13.png,HP_023,-3.5092,-19.1174,1.1369,9.2692,4.1332,37.5976,11.0,11.0,0.0,2914.792,1262.08569,2926.391,1271.28687,2881.35425,1235.56152,2855.50684,1215.05811,2236.09058,1244.22278,2240.86816,1251.9408,2222.302,1221.94751,2211.62646,1204.70129
User_01/Grid_15/HP_023/14.png,HP_023,-3.5092,-19.1174,1.1369,9.2692,4.1332,37.5976,0.0,11.0,0.0,2872.53442,1261.697,2875.86768,1270.82739,2862.92871,1235.38647,2855.50684,1215.05811,2198.359,1244.17822,2195.76953,1251.88159,2205.83472,1221.93433,2211.62646,1204.70129
User_01/Grid_15/HP_023/15.png,HP_023,-3.5092,-19.1174,1.1369,9.2692,4.1332,37.5976,-11.0,11.0,0.0,2835.99243,1256.79565,2832.188,1264.93262,2846.98438,1233.28564,2855.50684,1215.05811,2164.58813,1239.81982,2155.45874,1246.63586,2191.04077,1220.07056,2211.62646,1204.70129
User_01/Grid_15/HP_024/01.png,HP_024,5.247,-13.0924,1.8618,8.6753,8.164,42.2772,11.0,-11.0,0.0,2781.39917,1380.8313,2789.78857,1376.00293,2757.1062,1394.81189,2738.2168,1405.68274,2206.347,1393.76782,2209.42188,1388.76379,2197.43555,1408.27051,2190.49756,1419.561
User_01/Grid_15/HP_024/02.png,HP_024,5.247,-13.0924,1.8618,8.6753,8.164,42.2772,0.0,-11.0,0.0,2752.357,1381.10718,2755.10547,1376.33057,2744.401,1394.93481,2738.2168,1405.68274,2179.10425,1393.77539,2176.89575,1388.77661,2185.50854,1408.26978,2190.49756,1419.561
User_01/Grid_15/HP_024/03.png,HP_024,5.247,-13.0924,1.8618,8.6753,8.164,42.2772,-11.0,-11.0,0.0,2726.14233,1383.60522,2723.801,1379.32434,2732.93018,1396.01636,2738.2168,1405.68274,2154.168,1395.99048,2147.15,1391.43726,2174.563,1409.22278,2190.49756,1419.561
User_01/Grid_15/HP_024/04.png,HP_024,5.247,-13.0924,1.8618,8.6753,8.164,42.2772,-11.0,-5.5,0.0,2725.10742,1396.09937,2722.56226,1394.239,2732.48022,1401.48926,2738.2168,1405.68274,2153.02759,1407.911,2145.779,1405.65747,2174.07349,1414.45459,2190.49756,1419.561
User_01/Grid_15/HP_024/05.png,HP_024,5.247,-13.0924,1.8618,8.6753,8.164,42.2772,0.0,-5.5,0.0,2752.39233,1394.66333,2755.15234,1392.518,2744.41162,1400.86731,2738.2168,1405.68274,2179.097,1406.66431,2176.88281,1404.15967,2185.50952,1413.91846,2190.49756,1419.561
User_01/Grid_15/HP_024/06.png,HP_024,5.247,-13.0924,1.8618,8.6753,8.164,42.2772,11.0,-5.5,0.0,2782.99585,1394.48987,2791.71069,1392.31152,2757.78857,1400.79053,2738.2168,1405.68274,2207.756,1406.69653,2211.11035,1404.19629,2198.046,1413.93457,2190.49756,1419.561
User_01/Grid_15/HP_024/07.png,HP_024,5.247,-13.0924,1.8618,8.6753,8.164,42.2772,11.0,0.0,0.0,2783.9397,1409.69873,2792.84717,1410.4812,2758.19238,1407.43726,2738.2168,1405.68274,2208.62231,1421.04211,2212.14844,1421.33032,2198.421,1420.2085,2190.49756,1419.561
User_01/Grid_15/HP_024/08.png,HP_024,5.247,-13.0924,1.8618,8.6753,8.164,42.2772,0.0,0.0,0.0,2752.424,1409.67725,2755.19263,1410.45581,2744.42285,1407.42761,2738.2168,1405.68274,2179.09326,1421.00488,2176.87622,1421.28552,2185.5105,1420.19238,2190.49756,1419.561
User_01/Grid_15/HP_024/09.png,HP_024,5.247,-13.0924,1.8618,8.6753,8.164,42.2772,-11.0,0.0,0.0,2724.53052,1409.653,2721.87158,1410.42407,2732.22974,1407.41943,2738.2168,1405.68274,2152.343,1420.96753,2144.95654,1421.23975,2173.77979,1420.17725,2190.49756,1419.561
User_01/Grid_15/HP_024/10.png,HP_024,5.247,-13.0924,1.8618,8.6753,8.164,42.2772,-11.0,5.5,0.0,2724.5166,1423.52319,2721.85522,1426.98877,2732.22363,1413.4873,2738.2168,1405.68274,2152.24048,1434.41736,2144.8335,1437.29382,2173.73535,1426.07031,2190.49756,1419.561
User_01/Grid_15/HP_024/11.png,HP_024,5.247,-13.0924,1.8618,8.6753,8.164,42.2772,0.0,5.5,0.0,2752.44971,1425.14087,2755.223,1428.93262,2744.434,1414.1825,2738.2168,1405.68274,2179.09473,1435.865,2176.87744,1439.03516,2185.51147,1426.69019,2190.49756,1419.561
User_01/Grid_15/HP_024/12.png,HP_024,5.247,-13.0924,1.8618,8.6753,8.164,42.2772,11.0,5.5,0.0,2784.01416,1425.38025,2792.935,1429.21716,2758.22559,1414.28845,2738.2168,1405.68274,2208.77026,1435.89526,2212.326,1439.07361,2198.48486,1426.70117,2190.49756,1419.561
User_01/Grid_15/HP_024/13.png,HP_024,5.247,-13.0924,1.8618,8.6753,8.164,42.2772,11.0,11.0,0.0,2783.19385,1440.21924,2791.945,1446.93921,2757.87744,1420.77954,2738.2168,1405.68274,2208.16455,1450.135,2211.59937,1456.07935,2198.22314,1432.93066,2190.49756,1419.561
User_01/Grid_15/HP_024/14.png,HP_024,5.247,-13.0924,1.8618,8.6753,8.164,42.2772,0.0,11.0,0.0,2752.468,1439.83643,2755.242,1446.48486,2744.445,1420.60889,2738.2168,1405.68274,2179.10132,1450.08838,2176.88745,1456.01917,2185.51245,1432.915,2190.49756,1419.561
User_01/Grid_15/HP_024/15.png,HP_024,5.247,-13.0924,1.8618,8.6753,8.164,42.2772,-11.0,11.0,0.0,2725.07813,1436.84814,2722.52759,1442.89758,2732.467,1419.32117,2738.2168,1405.68274,2152.74365,1447.36938,2145.43921,1452.74976,2173.95068,1431.749,2190.49756,1419.561
User_01/Grid_15/HP_025/01.png,HP_025,9.8456,-25.6692,-0.28476,10.9147,11.2058,37.4965,11.0,-11.0,0.0,2933.14771,1656.28723,2943.45874,1650.381,2903.363,1673.34827,2880.27686,1686.57227,2291.67285,1642.937,2295.324,1636.95825,2281.101,1660.2478,2272.88232,1673.7063
User_01/Grid_15/HP_025/02.png,HP_025,9.8456,-25.6692,-0.28476,10.9147,11.2058,37.4965,0.0,-11.0,0.0,2896.66675,1656.80383,2899.86426,1650.9967,2887.43262,1673.57556,2880.27686,1686.57227,2260.228,1643.10425,2257.77173,1637.16406,2267.34448,1660.31421,2272.88232,1673.7063
User_01/Grid_15/HP_025/03.png,HP_025,9.8456,-25.6692,-0.28476,10.9147,11.2058,37.4965,-11.0,-11.0,0.0,2864.49878,1660.40955,2861.43042,1655.3219,2873.378,1675.13293,2880.27686,1686.57227,2231.90479,1645.99634,2223.983,1640.63965,2254.91528,1661.55664,2272.88232,1673.7063
User_01/Grid_15/HP_025/04.png,HP_025,9.8456,-25.6692,-0.28476,10.9147,11.2058,37.4965,-11.0,-5.5,0.0,2862.79248,1675.32166,2859.38623,1673.12988,2872.63843,1681.65723,2880.27686,1686.57227,2230.19849,1659.495,2221.93115,1656.74243,2254.184,1667.48083,2272.88232,1673.7063
User_01/Grid_15/HP_025/05.png,HP_025,9.8456,-25.6692,-0.28476,10.9147,11.2058,37.4965,0.0,-5.5,0.0,2896.788,1673.1333,2900.017,1670.50476,2887.47656,1680.71191,2880.27686,1686.57227,2260.22876,1657.78906,2257.76636,1654.69128,2267.35156,1666.74915,2272.88232,1673.7063
User_01/Grid_15/HP_025/06.png,HP_025,9.8456,-25.6692,-0.28476,10.9147,11.2058,37.4965,11.0,-5.5,0.0,2936.1355,1672.78772,2947.05859,1670.092,2904.63647,1680.56091,2880.27686,1686.57227,2293.923,1657.73987,2298.02246,1654.62915,2282.07422,1666.73108,2272.88232,1673.7063
User_01/Grid_15/HP_025/07.png,HP_025,9.8456,-25.6692,-0.28476,10.9147,11.2058,37.4965,11.0,0.0,0.0,2938.34814,1692.09155,2949.726,1693.173,2905.57837,1688.977,2880.27686,1686.57227,2295.59521,1674.81348,2300.02832,1675.02979,2282.79565,1674.18945,2272.88232,1673.7063
User_01/Grid_15/HP_025/08.png,HP_025,9.8456,-25.6692,-0.28476,10.9147,11.2058,37.4965,0.0,0.0,0.0,2896.90747,1692.05444,2900.16577,1693.12854,2887.52271,1688.96069,2880.27686,1686.57227,2260.23877,1674.76563,2257.77344,1674.97217,2267.36084,1674.16882,2272.88232,1673.7063
User_01/Grid_15/HP_025/09.png,HP_025,9.8456,-25.6692,-0.28476,10.9147,11.2058,37.4965,-11.0,0.0,0.0,2861.64087,1692.01367,2858.00586,1693.0752,2872.14014,1688.94812,2880.27686,1686.57227,2228.98584,1674.72083,2220.47217,1674.91772,2253.66528,1674.15039,2272.88232,1673.7063
User_01/Grid_15/HP_025/10.png,HP_025,9.8456,-25.6692,-0.28476,10.9147,11.2058,37.4965,-11.0,5.5,0.0,2861.27686,1709.53784,2857.569,1714.019,2871.98242,1696.59778,2880.27686,1686.57227,2228.50415,1690.822,2219.892,1694.14355,2253.459,1681.19739,2272.88232,1673.7063
User_01/Grid_15/HP_025/11.png,HP_025,9.8456,-25.6692,-0.28476,10.9147,11.2058,37.4965,0.0,5.5,0.0,2897.016,1712.24976,2900.29736,1717.28394,2887.56787,1697.75647,2880.27686,1686.57227,2260.261,1692.9552,2257.798,1696.71143,2267.37256,1682.10889,2272.88232,1673.7063
User_01/Grid_15/HP_025/12.png,HP_025,9.8456,-25.6692,-0.28476,10.9147,11.2058,37.4965,11.0,5.5,0.0,2939.22632,1712.774,2950.7832,1717.91064,2905.95386,1697.98511,2880.27686,1686.57227,2296.3313,1693.08875,2300.91235,1696.87512,2283.11328,1682.163,2272.88232,1673.7063
User_01/Grid_15/HP_025/13.png,HP_025,9.8456,-25.6692,-0.28476,10.9147,11.2058,37.4965,11.0,11.0,0.0,2938.50586,1732.61768,2949.90967,1741.6355,2905.652,1706.63818,2880.27686,1686.57227,2295.94629,1710.9458,2300.44922,1718.21667,2282.94751,1689.958,2272.88232,1673.7063
User_01/Grid_15/HP_025/14.png,HP_025,9.8456,-25.6692,-0.28476,10.9147,11.2058,37.4965,0.0,11.0,0.0,2897.10571,1731.73169,2900.402,1740.57776,2887.60986,1706.25012,2880.27686,1686.57227,2260.29565,1710.7074,2257.84082,1717.92383,2267.38623,1689.86255,2272.88232,1673.7063
User_01/Grid_15/HP_025/15.png,HP_025,9.8456,-25.6692,-0.28476,10.9147,11.2058,37.4965,-11.0,11.0,0.0,2861.79834,1726.60852,2858.19458,1734.41614,2872.20825,1704.05457,2880.27686,1686.57227,2228.86816,1706.59351,2220.33081,1712.97266,2253.6145,1688.103,2272.88232,1673.7063
User_01/Grid_15/HP_026/01.png,HP_026,-15.6294,16.5485,3.0493,-10.5055,-4.5781,44.2768,11.0,-11.0,0.0,1576.0719,581.471069,1583.24548,577.3318,1555.22449,593.499756,1538.93652,602.8978,1024.74438,622.9209,1027.471,618.4009,1016.83984,636.026,1010.6828,646.2335
User_01/Grid_15/HP_026/02.png,HP_026,-15.6294,16.5485,3.0493,-10.5055,-4.5781,44.2768,0.0,-11.0,0.0,1551.70154,578.841553,1554.1781,574.1741,1544.52393,592.3679,1538.93652,602.8978,998.885864,619.7932,996.5911,614.650146,1005.52527,634.6741,1010.6828,646.2335
User_01/Grid_15/HP_026/03.png,HP_026,-15.6294,16.5485,3.0493,-10.5055,-4.5781,44.2768,-11.0,-11.0,0.0,1524.10669,578.474243,1521.22534,573.7289,1532.44958,592.2145,1538.93652,602.8978,969.168335,618.8323,961.0903,613.5005,992.536,634.255859,1010.6828,646.2335
User_01/Grid_15/HP_026/04.png,HP_026,-15.6294,16.5485,3.0493,-10.5055,-4.5781,44.2768,-11.0,-5.5,0.0,1523.89771,592.197,1520.97522,590.117432,1532.35876,598.2174,1538.93652,602.8978,968.755554,633.366333,960.5942,630.8617,992.3591,640.61,1010.6828,646.2335
User_01/Grid_15/HP_026/05.png,HP_026,-15.6294,16.5485,3.0493,-10.5055,-4.5781,44.2768,0.0,-5.5,0.0,1551.69519,592.3231,1554.171,590.2711,1544.52075,598.269531,1538.93652,602.8978,998.8559,633.9448,996.5546,631.5536,1005.51306,640.8618,1010.6828,646.2335
User_01/Grid_15/HP_026/06.png,HP_026,-15.6294,16.5485,3.0493,-10.5055,-4.5781,44.2768,11.0,-5.5,0.0,1576.22583,593.611938,1583.43018,591.818,1555.291,598.8252,1538.93652,602.8978,1024.93579,635.622437,1027.70007,633.5648,1016.92291,641.5879,1010.6828,646.2335
User_01/Grid_15/HP_026/07.png,HP_026,-15.6294,16.5485,3.0493,-10.5055,-4.5781,44.2768,11.0,0.0,0.0,1575.87488,605.912354,1583.00793,606.4945,1555.141,604.220337,1538.93652,602.8978,1024.63074,648.542236,1027.33423,648.989746,1016.79065,647.2444,1010.6828,646.2335
User_01/Grid_15/HP_026/08.png,HP_026,-15.6294,16.5485,3.0493,-10.5055,-4.5781,44.2768,0.0,0.0,0.0,1551.68384,606.0134,1554.15576,606.6177,1544.51758,604.261963,1538.93652,602.8978,998.8321,648.427856,996.527466,648.854736,1005.50122,647.1929,1010.6828,646.2335
User_01/Grid_15/HP_026/09.png,HP_026,-15.6294,16.5485,3.0493,-10.5055,-4.5781,44.2768,-11.0,0.0,0.0,1524.35815,606.1188,1521.52722,606.744263,1532.558,604.3071,1538.93652,602.8978,969.1576,648.284668,961.079163,648.683838,992.5296,647.1301,1010.6828,646.2335
User_01/Grid_15/HP_026/10.png,HP_026,-15.6294,16.5485,3.0493,-10.5055,-4.5781,44.2768,-11.0,5.5,0.0,1525.402,619.270752,1522.77771,622.4453,1533.0105,610.06665,1538.93652,602.8978,970.2866,662.424561,962.4395,665.5698,993.0109,653.31665,1010.6828,646.2335
User_01/Grid_15/HP_026/11.png,HP_026,-15.6294,16.5485,3.0493,-10.5055,-4.5781,44.2768,0.0,5.5,0.0,1551.66821,618.957153,1554.13379,622.0669,1544.51453,609.9337,1538.93652,602.8978,998.814941,662.2052,996.5101,665.3071,1005.49048,653.2213,1010.6828,646.2335
User_01/Grid_15/HP_026/12.png,HP_026,-15.6294,16.5485,3.0493,-10.5055,-4.5781,44.2768,11.0,5.5,0.0,1575.07446,617.6472,1582.04517,620.4923,1554.7981,609.37146,1538.93652,602.8978,1023.87018,660.9518,1026.42383,663.8019,1016.46033,652.681763,1010.6828,646.2335
User_01/Grid_15/HP_026/13.png,HP_026,-15.6294,16.5485,3.0493,-10.5055,-4.5781,44.2768,11.0,11.0,0.0,1573.944,628.2645,1580.68628,633.15,1554.31274,614.039551,1538.93652,602.8978,1022.76056,672.27,1025.096,677.3048,1015.97766,657.6481,1010.6828,646.2335
User_01/Grid_15/HP_026/14.png,HP_026,-15.6294,16.5485,3.0493,-10.5055,-4.5781,44.2768,0.0,11.0,0.0,1551.65039,630.4634,1554.10742,635.7908,1544.51184,614.98584,1538.93652,602.8978,998.8036,674.4961,996.501038,679.974243,1005.4809,658.61,1010.6828,646.2335
User_01/Grid_15/HP_026/15.png,HP_026,-15.6294,16.5485,3.0493,-10.5055,-4.5781,44.2768,-11.0,11.0,0.0,1526.84985,630.952637,1524.51123,636.3812,1533.63928,615.193359,1538.93652,602.8978,971.9195,674.932251,964.4053,680.4955,993.7087,658.800537,1010.6828,646.2335
User_01/Grid_15/HP_027/01.png,HP_027,-5.9103,29.8599,-5.8839,-16.1819,-0.32639,44.4583,11.0,-11.0,0.0,1321.8739,890.8229,1328.17041,887.62146,1303.5415,900.1439,1289.18359,907.4446,788.5153,848.8823,790.7238,844.454834,782.105164,861.7344,777.1046,871.7605
User_01/Grid_15/HP_027/02.png,HP_027,-5.9103,29.8599,-5.8839,-16.1819,-0.32639,44.4583,0.0,-11.0,0.0,1300.9231,888.3611,1303.19348,884.6704,1294.32971,899.078857,1289.18359,907.4446,764.8857,845.8727,762.5132,840.846436,771.757935,860.432739,777.1046,871.7605
User_01/Grid_15/HP_027/03.png,HP_027,-5.9103,29.8599,-5.8839,-16.1819,-0.32639,44.4583,-11.0,-11.0,0.0,1276.43726,887.387939,1273.9668,883.500732,1283.60144,898.661,1289.18359,907.4446,736.926147,844.4149,729.1166,839.099731,759.5327,859.801147,777.1046,871.7605
User_01/Grid_15/HP_027/04.png,HP_027,-5.9103,29.8599,-5.8839,-16.1819,-0.32639,44.4583,-11.0,-5.5,0.0,1275.89722,899.520752,1273.32068,897.984131,1283.36658,903.975342,1289.18359,907.4446,736.1783,857.7886,728.216431,855.070557,759.2133,865.6526,777.1046,871.7605
User_01/Grid_15/HP_027/05.png,HP_027,-5.9103,29.8599,-5.8839,-16.1819,-0.32639,44.4583,0.0,-5.5,0.0,1300.87622,899.997437,1303.13867,898.5565,1294.308,904.180664,1289.18359,907.4446,764.863831,858.6465,762.4853,856.098267,771.7502,866.024048,777.1046,871.7605
User_01/Grid_15/HP_027/06.png,HP_027,-5.9103,29.8599,-5.8839,-16.1819,-0.32639,44.4583,11.0,-5.5,0.0,1322.15222,901.2617,1328.50452,900.070435,1303.6615,904.7294,1289.18359,907.4446,788.9001,860.2992,791.18396,858.0801,782.2726,866.7389,777.1046,871.7605
User_01/Grid_15/HP_027/07.png,HP_027,-5.9103,29.8599,-5.8839,-16.1819,-0.32639,44.4583,11.0,0.0,0.0,1322.06067,912.0221,1328.39429,912.904053,1303.62256,909.454834,1289.18359,907.4446,788.8876,872.118164,791.168945,872.1875,782.2672,871.917358,777.1046,871.7605
User_01/Grid_15/HP_027/08.png,HP_027,-5.9103,29.8599,-5.8839,-16.1819,-0.32639,44.4583,0.0,0.0,0.0,1300.82349,912.080566,1303.07532,912.977539,1294.2854,909.476563,1289.18359,907.4446,764.8501,872.016846,762.468933,872.06665,771.744263,871.8727,777.1046,871.7605
User_01/Grid_15/HP_027/09.png,HP_027,-5.9103,29.8599,-5.8839,-16.1819,-0.32639,44.4583,-11.0,0.0,0.0,1275.90039,912.142334,1273.32532,913.0532,1283.36743,909.501465,1289.18359,907.4446,736.149353,871.8861,728.1815,871.910645,759.2007,871.8154,777.1046,871.7605
User_01/Grid_15/HP_027/10.png,HP_027,-5.9103,29.8599,-5.8839,-16.1819,-0.32639,44.4583,-11.0,5.5,0.0,1276.44751,924.4243,1273.98071,927.713135,1283.60437,914.882935,1289.18359,907.4446,736.845154,885.651367,729.019653,888.35144,759.497559,877.8356,777.1046,871.7605
User_01/Grid_15/HP_027/11.png,HP_027,-5.9103,29.8599,-5.8839,-16.1819,-0.32639,44.4583,0.0,5.5,0.0,1300.7666,923.858643,1303.00549,927.0311,1294.26257,914.641968,1289.18359,907.4446,764.845032,885.10376,762.4649,887.694336,771.7401,877.5991,777.1046,871.7605
User_01/Grid_15/HP_027/12.png,HP_027,-5.9103,29.8599,-5.8839,-16.1819,-0.32639,44.4583,11.0,5.5,0.0,1321.60144,922.5531,1327.84241,925.4618,1303.42542,914.082031,1289.18359,907.4446,788.4771,883.7388,790.6777,886.056763,782.088562,877.01,777.1046,871.7605
User_01/Grid_15/HP_027/13.png,HP_027,-5.9103,29.8599,-5.8839,-16.1819,-0.32639,44.4583,11.0,11.0,0.0,1320.8302,932.3596,1326.91589,937.150757,1303.09387,918.3959,1289.18359,907.4446,787.72406,894.614868,789.777161,899.0333,781.7607,881.781,777.1046,871.7605
User_01/Grid_15/HP_027/14.png,HP_027,-5.9103,29.8599,-5.8839,-16.1819,-0.32639,44.4583,0.0,11.0,0.0,1300.70776,934.668457,1302.932,939.922852,1294.24036,919.390259,1289.18359,907.4446,764.8478,897.1273,762.4713,902.045532,771.7379,882.867432,777.1046,871.7605
User_01/Grid_15/HP_027/15.png,HP_027,-5.9103,29.8599,-5.8839,-16.1819,-0.32639,44.4583,-11.0,11.0,0.0,1277.44031,935.6415,1275.16943,941.0939,1284.0354,919.806152,1289.18359,907.4446,738.12146,898.1633,730.5564,903.287231,760.0431,883.316162,777.1046,871.7605
User_01/Grid_15/HP_028/01.png,HP_028,2.4445,18.4992,4.1736,-10.7417,2.816,42.5035,11.0,-11.0,0.0,1553.08728,939.9446,1560.37988,935.807739,1531.89429,951.9667,1515.33594,961.359741,982.738953,959.6201,985.4791,954.7748,974.7954,973.6666,968.609253,984.605469
User_01/Grid_15/HP_028/02.png,HP_028,2.4445,18.4992,4.1736,-10.7417,2.816,42.5035,0.0,-11.0,0.0,1528.341,936.916748,1530.864,932.1747,1521.02856,950.6604,1515.33594,961.359741,956.1352,956.652954,953.7085,951.2146,963.1562,972.3862,968.609253,984.605469
User_01/Grid_15/HP_028/03.png,HP_028,2.4445,18.4992,4.1736,-10.7417,2.816,42.5035,-11.0,-11.0,0.0,1500.294,936.1221,1497.37122,931.2185,1508.7561,950.3202,1515.33594,961.359741,925.4705,955.9691,917.074463,950.3956,949.7546,972.0895,968.609253,984.605469
User_01/Grid_15/HP_028/04.png,HP_028,2.4445,18.4992,4.1736,-10.7417,2.816,42.5035,-11.0,-5.5,0.0,1499.49023,949.8175,1496.40857,947.5729,1508.40784,956.313232,1515.33594,961.359741,924.3751,970.681,915.755554,967.967651,949.286865,978.5231,968.609253,984.605469
User_01/Grid_15/HP_028/05.png,HP_028,2.4445,18.4992,4.1736,-10.7417,2.816,42.5035,0.0,-5.5,0.0,1528.337,950.371,1530.86157,948.2372,1521.02441,956.551758,1515.33594,961.359741,956.1113,970.9689,953.6771,968.313,963.1485,978.647339,968.609253,984.605469
User_01/Grid_15/HP_028/06.png,HP_028,2.4445,18.4992,4.1736,-10.7417,2.816,42.5035,11.0,-5.5,0.0,1553.65247,952.118164,1561.05884,950.3318,1532.13733,957.3074,1515.33594,961.359741,983.374451,972.5066,986.2399,970.158569,975.071167,979.3104,968.609253,984.605469
User_01/Grid_15/HP_028/07.png,HP_028,2.4445,18.4992,4.1736,-10.7417,2.816,42.5035,11.0,0.0,0.0,1553.696,964.86084,1561.1106,965.5376,1532.15649,962.8949,1515.33594,961.359741,983.491638,986.046143,986.3804,986.3257,975.1222,985.235962,968.609253,984.605469
User_01/Grid_15/HP_028/08.png,HP_028,2.4445,18.4992,4.1736,-10.7417,2.816,42.5035,0.0,0.0,0.0,1528.32739,964.605835,1530.8501,965.2362,1521.02014,962.78,1515.33594,961.359741,956.0929,986.2289,953.6546,986.545166,963.1409,985.3148,968.609253,984.605469
User_01/Grid_15/HP_028/09.png,HP_028,2.4445,18.4992,4.1736,-10.7417,2.816,42.5035,-11.0,0.0,0.0,1499.38428,964.318359,1496.282,964.8938,1508.36157,962.653442,1515.33594,961.359741,924.1371,986.4519,915.4693,986.811646,949.1845,985.412,968.609253,984.605469
User_01/Grid_15/HP_028/10.png,HP_028,2.4445,18.4992,4.1736,-10.7417,2.816,42.5035,-11.0,5.5,0.0,1500.00513,978.552,1497.02637,981.8926,1508.63013,968.879761,1515.33594,961.359741,924.816956,1001.97876,916.289551,1005.36182,949.4735,992.197,968.609253,984.605469
User_01/Grid_15/HP_028/11.png,HP_028,2.4445,18.4992,4.1736,-10.7417,2.816,42.5035,0.0,5.5,0.0,1528.31213,978.570068,1530.82959,981.909058,1521.01587,968.893066,1515.33594,961.359741,956.081055,1001.28259,953.642456,1004.52881,963.1337,991.894165,968.609253,984.605469
User_01/Grid_15/HP_028/12.png,HP_028,2.4445,18.4992,4.1736,-10.7417,2.816,42.5035,11.0,5.5,0.0,1553.20215,977.386353,1560.51587,980.481934,1531.94556,968.389648,1515.33594,961.359741,983.0658,999.4446,985.870056,1002.32324,974.9374,991.1012,968.609253,984.605469
User_01/Grid_15/HP_028/13.png,HP_028,2.4445,18.4992,4.1736,-10.7417,2.816,42.5035,11.0,11.0,0.0,1552.25,988.9707,1559.37073,994.2971,1531.53772,973.4784,1515.33594,961.359741,982.1633,1011.94971,984.789734,1017.24829,974.545654,996.581665,968.609253,984.605469
User_01/Grid_15/HP_028/14.png,HP_028,2.4445,18.4992,4.1736,-10.7417,2.816,42.5035,0.0,11.0,0.0,1528.2926,991.307,1530.80225,997.107544,1521.012,974.47876,1515.33594,961.359741,956.0755,1015.05664,953.6397,1020.97461,963.1272,997.9241,968.609253,984.605469
User_01/Grid_15/HP_028/15.png,HP_028,2.4445,18.4992,4.1736,-10.7417,2.816,42.5035,-11.0,11.0,0.0,1501.23083,991.5398,1498.49475,997.3938,1509.16125,974.5714,1515.33594,961.359741,926.2577,1016.0575,918.025269,1022.17126,950.0876,998.3605,968.609253,984.605469
User_01/Grid_15/HP_029/01.png,HP_029,1.7195,21.6155,-0.60615,-15.1326,8.4028,45.3836,11.0,-11.0,0.0,1309.34766,1421.30835,1315.396,1418.185,1291.723,1430.40967,1277.904,1437.54565,774.2268,1431.07178,776.0462,1427.30115,768.938049,1442.03247,764.804749,1450.59888
User_01/Grid_15/HP_029/02.png,HP_029,1.7195,21.6155,-0.60615,-15.1326,8.4028,45.3836,0.0,-11.0,0.0,1289.67419,1419.25171,1291.94641,1415.72,1283.06812,1429.51929,1277.904,1437.54565,752.987,1428.67676,750.699,1424.43262,759.6268,1440.99353,764.804749,1450.59888
User_01/Grid_15/HP_029/03.png,HP_029,1.7195,21.6155,-0.60615,-15.1326,8.4028,45.3836,-11.0,-11.0,0.0,1266.94739,1418.43213,1264.828,1414.73511,1273.1012,1429.16736,1277.904,1437.54565,728.3543,1427.48,721.291443,1423.00024,748.8403,1440.47339,764.804749,1450.59888
User_01/Grid_15/HP_029/04.png,HP_029,1.7195,21.6155,-0.60615,-15.1326,8.4028,45.3836,-11.0,-5.5,0.0,1265.93738,1429.30029,1263.61951,1427.70337,1272.66174,1433.93359,1277.904,1437.54565,727.0862,1439.07214,719.7656,1436.83508,748.2971,1445.5542,764.804749,1450.59888
User_01/Grid_15/HP_029/05.png,HP_029,1.7195,21.6155,-0.60615,-15.1326,8.4028,45.3836,0.0,-5.5,0.0,1289.6759,1429.7113,1291.95129,1428.19714,1283.066,1434.11035,1277.904,1437.54565,752.971558,1439.83325,750.6775,1437.74609,759.6231,1445.88489,764.804749,1450.59888
User_01/Grid_15/HP_029/06.png,HP_029,1.7195,21.6155,-0.60615,-15.1326,8.4028,45.3836,11.0,-5.5,0.0,1310.02539,1430.81689,1316.20935,1429.52148,1292.01514,1434.5896,1277.904,1437.54565,774.9645,1441.23608,776.9283,1439.42627,769.2596,1446.49341,764.804749,1450.59888
User_01/Grid_15/HP_029/07.png,HP_029,1.7195,21.6155,-0.60615,-15.1326,8.4028,45.3836,11.0,0.0,0.0,1310.4209,1441.00256,1316.68384,1441.66846,1292.18579,1439.06409,1277.904,1437.54565,775.4165,1452.14661,777.468933,1452.446,769.456665,1451.27734,764.804749,1450.59888
User_01/Grid_15/HP_029/08.png,HP_029,1.7195,21.6155,-0.60615,-15.1326,8.4028,45.3836,0.0,0.0,0.0,1289.67468,1441.0874,1291.95129,1441.77246,1283.06372,1439.09827,1277.904,1437.54565,752.959,1452.043,750.660645,1452.32324,759.6199,1451.231,764.804749,1450.59888
User_01/Grid_15/HP_029/09.png,HP_029,1.7195,21.6155,-0.60615,-15.1326,8.4028,45.3836,-11.0,0.0,0.0,1265.31873,1441.17969,1262.87939,1441.884,1272.39282,1439.13708,1277.904,1437.54565,726.2717,1451.91089,718.7855,1452.16577,747.9487,1451.17285,764.804749,1450.59888
User_01/Grid_15/HP_029/10.png,HP_029,1.7195,21.6155,-0.60615,-15.1326,8.4028,45.3836,-11.0,5.5,0.0,1265.20251,1453.421,1262.74036,1456.49829,1272.342,1444.49756,1277.904,1437.54565,726.0631,1465.24841,718.5348,1468.09521,747.8594,1457.00647,764.804749,1450.59888
User_01/Grid_15/HP_029/11.png,HP_029,1.7195,21.6155,-0.60615,-15.1326,8.4028,45.3836,0.0,5.5,0.0,1289.66943,1452.78735,1291.94519,1455.73535,1283.0614,1444.22693,1277.904,1437.54565,752.950867,1464.66724,750.6504,1467.39758,759.6168,1456.7561,764.804749,1450.59888
User_01/Grid_15/HP_029/12.png,HP_029,1.7195,21.6155,-0.60615,-15.1326,8.4028,45.3836,11.0,5.5,0.0,1310.47473,1451.4165,1316.748,1454.08813,1292.20972,1443.638,1277.904,1437.54565,775.5224,1463.34253,777.595337,1465.80737,769.5027,1456.18494,764.804749,1450.59888
User_01/Grid_15/HP_029/13.png,HP_029,1.7195,21.6155,-0.60615,-15.1326,8.4028,45.3836,11.0,11.0,0.0,1310.17358,1461.53662,1316.38574,1466.15527,1292.081,1448.08557,1277.904,1437.54565,775.265442,1474.28491,777.2881,1478.865,769.391,1460.98315,764.804749,1450.59888
User_01/Grid_15/HP_029/14.png,HP_029,1.7195,21.6155,-0.60615,-15.1326,8.4028,45.3836,0.0,11.0,0.0,1289.66052,1464.09839,1291.93311,1469.231,1283.0592,1449.18872,1277.904,1437.54565,752.9471,1476.92517,750.647034,1482.03174,759.613831,1462.12354,764.804749,1450.59888
User_01/Grid_15/HP_029/15.png,HP_029,1.7195,21.6155,-0.60615,-15.1326,8.4028,45.3836,-11.0,11.0,0.0,1265.6167,1465.23621,1263.23669,1470.6001,1272.52173,1449.67542,1277.904,1437.54565,726.50415,1478.1438,719.06604,1483.49316,748.0476,1462.65039,764.804749,1450.59888
User_01/Grid_15/HP_030/01.png,HP_030,9.7567,16.6627,0.48826,-13.8946,10.8679,45.9118,11.0,-11.0,0.0,1351.49219,1505.08521,1357.35425,1502.13745,1334.408,1513.676,1321.01013,1520.41309,830.1251,1503.26538,831.793457,1499.60791,825.2733,1513.90308,821.478333,1522.223
User_01/Grid_15/HP_030/02.png,HP_030,9.7567,16.6627,0.48826,-13.8946,10.8679,45.9118,0.0,-11.0,0.0,1332.47412,1503.07861,1334.686,1499.73389,1326.04114,1512.80591,1321.01013,1520.41309,810.07666,1501.28931,807.871765,1497.24121,816.479736,1513.0459,821.478333,1522.223
User_01/Grid_15/HP_030/03.png,HP_030,9.7567,16.6627,0.48826,-13.8946,10.8679,45.9118,-11.0,-11.0,0.0,1310.74536,1502.22119,1308.76147,1498.70508,1316.509,1512.436,1321.01013,1520.41309,787.12085,1500.4364,780.4723,1496.22046,806.4211,1512.67493,821.478333,1522.223
User_01/Grid_15/HP_030/04.png,HP_030,9.7567,16.6627,0.48826,-13.8946,10.8679,45.9118,-11.0,-5.5,0.0,1309.75488,1512.55994,1307.57654,1511.04,1316.07788,1516.97168,1321.01013,1520.41309,785.927246,1511.29175,779.036743,1509.1731,805.9094,1517.43591,821.478333,1522.223
User_01/Grid_15/HP_030/05.png,HP_030,9.7567,16.6627,0.48826,-13.8946,10.8679,45.9118,0.0,-5.5,0.0,1332.49353,1513.07983,1334.712,1511.66284,1326.04688,1517.19666,1321.01013,1520.41309,810.0679,1511.777,807.8582,1509.75415,816.4792,1517.64648,821.478333,1522.223
User_01/Grid_15/HP_030/06.png,HP_030,9.7567,16.6627,0.48826,-13.8946,10.8679,45.9118,11.0,-5.5,0.0,1352.20142,1514.2395,1358.2052,1513.05127,1334.71411,1517.70068,1321.01013,1520.41309,830.863037,1512.88452,832.6753,1511.081,825.595,1518.12659,821.478333,1522.223
User_01/Grid_15/HP_030/07.png,HP_030,9.7567,16.6627,0.48826,-13.8946,10.8679,45.9118,11.0,0.0,0.0,1352.65613,1524.08337,1358.75061,1524.79028,1334.91052,1522.02527,1321.01013,1520.41309,831.3501,1523.24658,833.257935,1523.44434,825.8074,1522.67188,821.478333,1522.223
User_01/Grid_15/HP_030/08.png,HP_030,9.7567,16.6627,0.48826,-13.8946,10.8679,45.9118,0.0,0.0,0.0,1332.51135,1524.0022,1334.73511,1524.696,1326.05273,1521.98682,1321.01013,1520.41309,810.061462,1523.28381,807.848633,1523.48938,816.4785,1522.6875,821.478333,1522.223
User_01/Grid_15/HP_030/09.png,HP_030,9.7567,16.6627,0.48826,-13.8946,10.8679,45.9118,-11.0,0.0,0.0,1309.105,1523.90771,1306.799,1524.58459,1315.79517,1521.94385,1321.01013,1520.41309,785.112549,1523.32788,778.056763,1523.54224,805.5606,1522.70667,821.478333,1522.223
User_01/Grid_15/HP_030/10.png,HP_030,9.7567,16.6627,0.48826,-13.8946,10.8679,45.9118,-11.0,5.5,0.0,1308.907,1535.69507,1306.56189,1538.656,1315.709,1527.10669,1321.01013,1520.41309,784.8175,1535.91113,777.7019,1538.56787,805.4344,1528.21338,821.478333,1522.223
User_01/Grid_15/HP_030/11.png,HP_030,9.7567,16.6627,0.48826,-13.8946,10.8679,45.9118,0.0,5.5,0.0,1332.52673,1535.31738,1334.75366,1538.19922,1326.0592,1526.94727,1321.01013,1520.41309,810.0582,1535.25879,807.8442,1537.78613,816.478,1527.93066,821.478333,1522.223
User_01/Grid_15/HP_030/12.png,HP_030,9.7567,16.6627,0.48826,-13.8946,10.8679,45.9118,11.0,5.5,0.0,1352.79321,1534.20581,1358.91455,1536.8623,1334.97034,1526.47144,1321.01013,1520.41309,831.5259,1533.94263,833.46814,1536.208,825.8839,1527.36194,821.478333,1522.223
User_01/Grid_15/HP_030/13.png,HP_030,9.7567,16.6627,0.48826,-13.8946,10.8679,45.9118,11.0,11.0,0.0,1352.58984,1544.11133,1358.66931,1548.67358,1334.88379,1530.82422,1321.01013,1520.41309,831.366455,1544.479,833.2775,1548.78015,825.814453,1531.98291,821.478333,1522.223
User_01/Grid_15/HP_030/14.png,HP_030,9.7567,16.6627,0.48826,-13.8946,10.8679,45.9118,0.0,11.0,0.0,1332.53857,1546.35974,1334.7666,1551.37439,1326.06555,1531.791,1321.01013,1520.41309,810.0587,1547.001,807.8454,1551.80359,816.4775,1533.074,821.478333,1522.223
User_01/Grid_15/HP_030/15.png,HP_030,9.7567,16.6627,0.48826,-13.8946,10.8679,45.9118,-11.0,11.0,0.0,1309.20447,1547.19617,1306.91821,1552.38281,1315.838,1532.14673,1321.01013,1520.41309,785.1,1548.21094,778.0418,1553.253,805.5549,1533.59839,821.478333,1522.223
User_01/Grid_15/HP_031/01.png,HP_031,-3.9106,9.581,-0.42746,-5.5291,-2.5319,44.8141,11.0,-11.0,0.0,1896.58289,634.3164,1903.75842,630.307739,1875.75171,645.953735,1859.4989,655.033447,1360.94788,619.182,1363.724,614.3408,1352.90112,633.2146,1346.6355,644.1406
User_01/Grid_15/HP_031/02.png,HP_031,-3.9106,9.581,-0.42746,-5.5291,-2.5319,44.8141,0.0,-11.0,0.0,1871.722,632.1593,1874.095,627.7185,1864.84766,645.0239,1859.4989,655.033447,1335.21667,617.1173,1332.99683,611.864,1341.642,632.323,1346.6355,644.1406
User_01/Grid_15/HP_031/03.png,HP_031,-3.9106,9.581,-0.42746,-5.5291,-2.5319,44.8141,-11.0,-11.0,0.0,1845.38525,632.402344,1842.64478,628.008057,1853.32324,645.130859,1859.4989,655.033447,1307.49,617.499146,1299.88745,612.3252,1329.50879,632.4846,1346.6355,644.1406
User_01/Grid_15/HP_031/04.png,HP_031,-3.9106,9.581,-0.42746,-5.5291,-2.5319,44.8141,-11.0,-5.5,0.0,1845.15869,645.5049,1842.37378,643.6544,1853.22473,650.8645,1859.4989,655.033447,1307.13428,631.123657,1299.46,628.5947,1329.35645,638.446655,1346.6355,644.1406
User_01/Grid_15/HP_031/05.png,HP_031,-3.9106,9.581,-0.42746,-5.5291,-2.5319,44.8141,0.0,-5.5,0.0,1871.72009,645.4884,1874.09314,643.635,1864.84619,650.857056,1859.4989,655.033447,1335.206,630.8512,1332.98315,628.266846,1341.63818,638.3302,1346.6355,644.1406
User_01/Grid_15/HP_031/06.png,HP_031,-3.9106,9.581,-0.42746,-5.5291,-2.5319,44.8141,11.0,-5.5,0.0,1896.77856,646.704346,1903.993,645.0925,1875.83643,651.3833,1859.4989,655.033447,1361.193,631.853,1364.01758,629.469,1353.00757,638.7623,1346.6355,644.1406
User_01/Grid_15/HP_031/07.png,HP_031,-3.9106,9.581,-0.42746,-5.5291,-2.5319,44.8141,11.0,0.0,0.0,1896.426,659.2864,1903.568,660.109131,1875.68628,656.8978,1859.4989,655.033447,1360.91284,644.7793,1363.68188,644.9032,1352.886,644.4203,1346.6355,644.1406
User_01/Grid_15/HP_031/08.png,HP_031,-3.9106,9.581,-0.42746,-5.5291,-2.5319,44.8141,0.0,0.0,0.0,1871.71326,659.0653,1874.0835,659.8478,1864.84485,656.7981,1859.4989,655.033447,1335.20056,644.9248,1332.97778,645.0773,1341.63477,644.483643,1346.6355,644.1406
User_01/Grid_15/HP_031/09.png,HP_031,-3.9106,9.581,-0.42746,-5.5291,-2.5319,44.8141,-11.0,0.0,0.0,1845.532,658.8334,1842.82129,659.5708,1853.38623,656.6964,1859.4989,655.033447,1307.48816,645.089233,1299.88623,645.273438,1329.50732,644.555664,1346.6355,644.1406
User_01/Grid_15/HP_031/10.png,HP_031,-3.9106,9.581,-0.42746,-5.5291,-2.5319,44.8141,-11.0,5.5,0.0,1846.44214,671.511,1843.9115,674.7047,1853.78088,662.2495,1859.4989,655.033447,1308.478,658.3789,1301.07788,661.140259,1329.9303,650.374146,1346.6355,644.1406
User_01/Grid_15/HP_031/11.png,HP_031,-3.9106,9.581,-0.42746,-5.5291,-2.5319,44.8141,0.0,5.5,0.0,1871.70227,671.936768,1874.06689,675.212036,1864.84363,662.436646,1859.4989,655.033447,1335.20032,658.328247,1332.98035,661.0825,1341.63135,650.3491,1346.6355,644.1406
User_01/Grid_15/HP_031/12.png,HP_031,-3.9106,9.581,-0.42746,-5.5291,-2.5319,44.8141,11.0,5.5,0.0,1895.58142,671.2727,1902.55164,674.4098,1875.32507,662.1561,1859.4989,655.033447,1360.1521,657.190552,1362.77087,659.7189,1352.55566,649.856445,1346.6355,644.1406
User_01/Grid_15/HP_031/13.png,HP_031,-3.9106,9.581,-0.42746,-5.5291,-2.5319,44.8141,11.0,11.0,0.0,1894.37732,682.061157,1901.10376,687.27356,1874.809,666.897461,1859.4989,655.033447,1359.027,668.4783,1361.42432,673.1869,1352.06677,654.808,1346.6355,644.1406
User_01/Grid_15/HP_031/14.png,HP_031,-3.9106,9.581,-0.42746,-5.5291,-2.5319,44.8141,0.0,11.0,0.0,1871.68848,683.3954,1874.04578,688.880249,1864.84265,667.4669,1859.4989,655.033447,1335.20374,670.302,1332.98853,675.37146,1341.62866,655.599,1346.6355,644.1406
User_01/Grid_15/HP_031/15.png,HP_031,-3.9106,9.581,-0.42746,-5.5291,-2.5319,44.8141,-11.0,11.0,0.0,1847.74121,682.8745,1845.46667,688.2605,1854.34521,667.2366,1859.4989,655.033447,1309.91919,670.2328,1302.8114,675.2838,1330.54712,655.5737,1346.6355,644.1406
User_01/Grid_15/HP_032/01.png,HP_032,-12.8204,7.3884,0.56052,-6.2289,-0.99441,43.3216,11.0,-11.0,0.0,1804.4043,857.755859,1812.173,853.2621,1781.86023,870.796,1764.28027,880.964844,1234.89636,871.5697,1237.88489,866.6332,1226.23779,885.872559,1219.5,897.002441
User_01/Grid_15/HP_032/02.png,HP_032,-12.8204,7.3884,0.56052,-6.2289,-0.99441,43.3216,0.0,-11.0,0.0,1777.29773,855.4618,1779.82825,850.50415,1769.9729,869.812,1764.28027,880.964844,1207.43359,868.6007,1205.08508,863.073,1214.2262,884.588867,1219.5,897.002441
User_01/Grid_15/HP_032/03.png,HP_032,-12.8204,7.3884,0.56052,-6.2289,-0.99441,43.3216,-11.0,-11.0,0.0,1747.914,855.975342,1744.73059,851.114868,1757.12476,870.0394,1764.28027,880.964844,1177.1709,868.241333,1168.93811,862.6476,1200.99341,884.427856,1219.5,897.002441
User_01/Grid_15/HP_032/04.png,HP_032,-12.8204,7.3884,0.56052,-6.2289,-0.99441,43.3216,-11.0,-5.5,0.0,1747.25159,870.228638,1743.937,868.139038,1756.83765,876.2726,1764.28027,880.964844,1176.267,882.891357,1167.84961,880.1439,1200.60718,890.835938,1219.5,897.002441
User_01/Grid_15/HP_032/05.png,HP_032,-12.8204,7.3884,0.56052,-6.2289,-0.99441,43.3216,0.0,-5.5,0.0,1777.3219,869.824463,1779.85938,867.657,1769.98132,876.094849,1764.28027,880.964844,1207.426,883.2346,1205.07385,880.5525,1214.22522,890.9877,1219.5,897.002441
User_01/Grid_15/HP_032/06.png,HP_032,-12.8204,7.3884,0.56052,-6.2289,-0.99441,43.3216,11.0,-5.5,0.0,1805.0116,870.9326,1812.90259,868.9889,1782.12109,876.570557,1764.28027,880.964844,1235.49634,884.9592,1238.60339,882.6201,1226.498,891.733765,1219.5,897.002441
User_01/Grid_15/HP_032/07.png,HP_032,-12.8204,7.3884,0.56052,-6.2289,-0.99441,43.3216,11.0,0.0,0.0,1804.98132,884.6964,1812.86511,885.4193,1782.10938,882.5995,1764.28027,880.964844,1235.51282,898.95166,1238.62317,899.3302,1226.50537,897.8552,1219.5,897.002441
User_01/Grid_15/HP_032/08.png,HP_032,-12.8204,7.3884,0.56052,-6.2289,-0.99441,43.3216,0.0,0.0,0.0,1777.33984,884.9308,1779.88013,885.7023,1769.98975,882.6987,1764.28027,880.964844,1207.42407,898.717651,1205.07153,899.0515,1214.22437,897.7517,1219.5,897.002441
User_01/Grid_15/HP_032/09.png,HP_032,-12.8204,7.3884,0.56052,-6.2289,-0.99441,43.3216,-11.0,0.0,0.0,1747.33362,885.1637,1744.03589,885.980835,1756.87292,882.8002,1764.28027,880.964844,1176.21,898.4409,1167.78149,898.720947,1200.58252,897.6311,1219.5,897.002441
User_01/Grid_15/HP_032/10.png,HP_032,-12.8204,7.3884,0.56052,-6.2289,-0.99441,43.3216,-11.0,5.5,0.0,1748.1582,899.6593,1745.02454,903.292969,1757.22937,889.140747,1764.28027,880.964844,1177.01917,913.619751,1168.75671,916.8517,1200.92725,904.2676,1219.5,897.002441
User_01/Grid_15/HP_032/11.png,HP_032,-12.8204,7.3884,0.56052,-6.2289,-0.99441,43.3216,0.0,5.5,0.0,1777.35083,899.582764,1779.89038,903.2001,1769.9978,889.109,1764.28027,880.964844,1207.42773,913.832153,1205.07825,917.107544,1214.22327,904.3584,1219.5,897.002441
User_01/Grid_15/HP_032/12.png,HP_032,-12.8204,7.3884,0.56052,-6.2289,-0.99441,43.3216,11.0,5.5,0.0,1804.313,898.1013,1812.06,901.4175,1781.82434,888.474854,1764.28027,880.964844,1234.93823,912.6626,1237.93445,915.702,1226.25659,903.8561,1219.5,897.002441
User_01/Grid_15/HP_032/13.png,HP_032,-12.8204,7.3884,0.56052,-6.2289,-0.99441,43.3216,11.0,11.0,0.0,1803.12817,910.3219,1810.634,915.994141,1781.31775,893.8401,1764.28027,880.964844,1233.869,925.2977,1236.65381,930.7816,1225.79272,909.394043,1219.5,897.002441
User_01/Grid_15/HP_032/14.png,HP_032,-12.8204,7.3884,0.56052,-6.2289,-0.99441,43.3216,0.0,11.0,0.0,1777.356,912.755249,1779.89136,918.919556,1770.00525,894.8839,1764.28027,880.964844,1207.43591,927.508667,1205.09216,933.435059,1214.22253,910.347534,1219.5,897.002441
User_01/Grid_15/HP_032/15.png,HP_032,-12.8204,7.3884,0.56052,-6.2289,-0.99441,43.3216,-11.0,11.0,0.0,1749.57092,912.750366,1746.71716,918.917,1757.84143,894.8784,1764.28027,880.964844,1178.51672,927.313843,1170.56018,933.1985,1201.56641,910.266235,1219.5,897.002441
User_01/Grid_15/HP_033/01.png,HP_033,-0.62819,18.4105,5.6261,-7.8933,4.1145,42.7528,11.0,-11.0,0.0,1780.97363,1069.52075,1788.343,1065.1521,1759.56848,1082.21,1742.85583,1092.11743,1227.95215,1121.37451,1230.905,1116.61072,1219.39465,1135.17957,1212.7334,1145.92566
User_01/Grid_15/HP_033/02.png,HP_033,-0.62819,18.4105,5.6261,-7.8933,4.1145,42.7528,0.0,-11.0,0.0,1755.87671,1067.1908,1758.4032,1062.35388,1748.55493,1081.20728,1742.85583,1092.11743,1200.72034,1118.801,1198.38342,1113.52441,1207.48169,1134.0675,1212.7334,1145.92566
User_01/Grid_15/HP_033/03.png,HP_033,-0.62819,18.4105,5.6261,-7.8933,4.1145,42.7528,-11.0,-11.0,0.0,1728.65747,1067.22815,1725.90039,1062.39539,1736.64319,1081.22693,1742.85583,1092.11743,1170.74878,1118.76062,1162.58655,1113.47949,1194.3739,1134.04651,1212.7334,1145.92566
User_01/Grid_15/HP_033/04.png,HP_033,-0.62819,18.4105,5.6261,-7.8933,4.1145,42.7528,-11.0,-5.5,0.0,1727.70227,1080.49561,1724.75647,1078.23645,1736.229,1087.03491,1742.85583,1092.11743,1169.43457,1132.94067,1161.00464,1130.41272,1193.81165,1140.25122,1212.7334,1145.92566
User_01/Grid_15/HP_033/05.png,HP_033,-0.62819,18.4105,5.6261,-7.8933,4.1145,42.7528,0.0,-5.5,0.0,1755.86121,1080.50085,1758.3877,1078.244,1748.54492,1087.03577,1742.85583,1092.11743,1200.67224,1132.95984,1198.32251,1130.434,1207.46411,1140.261,1212.7334,1145.92566
User_01/Grid_15/HP_033/06.png,HP_033,-0.62819,18.4105,5.6261,-7.8933,4.1145,42.7528,11.0,-5.5,0.0,1781.7373,1081.81335,1789.26135,1079.81934,1759.896,1087.60156,1742.85583,1092.11743,1228.79907,1134.389,1231.91943,1132.14844,1219.76184,1140.87854,1212.7334,1145.92566
User_01/Grid_15/HP_033/07.png,HP_033,-0.62819,18.4105,5.6261,-7.8933,4.1145,42.7528,11.0,0.0,0.0,1781.959,1094.88953,1789.52747,1095.426,1759.99121,1093.33215,1742.85583,1092.11743,1229.10352,1148.28491,1232.284,1148.74329,1219.89392,1146.95764,1212.7334,1145.92566
User_01/Grid_15/HP_033/08.png,HP_033,-0.62819,18.4105,5.6261,-7.8933,4.1145,42.7528,0.0,0.0,0.0,1755.83826,1094.80408,1758.36121,1095.32629,1748.534,1093.29248,1742.85583,1092.11743,1200.62988,1148.32617,1198.271,1148.79419,1207.4469,1146.97412,1212.7334,1145.92566
User_01/Grid_15/HP_033/09.png,HP_033,-0.62819,18.4105,5.6261,-7.8933,4.1145,42.7528,-11.0,0.0,0.0,1727.37646,1094.70874,1724.36646,1095.21265,1736.08752,1093.25049,1742.85583,1092.11743,1168.89612,1148.37109,1160.35718,1148.84741,1193.58081,1146.994,1212.7334,1145.92566
User_01/Grid_15/HP_033/10.png,HP_033,-0.62819,18.4105,5.6261,-7.8933,4.1145,42.7528,-11.0,5.5,0.0,1727.74927,1108.87317,1724.81372,1112.12939,1736.24866,1099.446,1742.85583,1092.11743,1169.26,1163.84277,1160.79688,1167.33081,1193.735,1153.75562,1212.7334,1145.92566
User_01/Grid_15/HP_033/11.png,HP_033,-0.62819,18.4105,5.6261,-7.8933,4.1145,42.7528,0.0,5.5,0.0,1755.80835,1109.05457,1758.32385,1112.344,1748.52271,1099.52759,1742.85583,1092.11743,1200.59607,1163.74023,1198.23193,1167.21057,1207.43079,1153.70862,1212.7334,1145.92566
User_01/Grid_15/HP_033/12.png,HP_033,-0.62819,18.4105,5.6261,-7.8933,4.1145,42.7528,11.0,5.5,0.0,1781.58655,1107.91443,1789.079,1110.97034,1759.83228,1099.0415,1742.85583,1092.11743,1228.8009,1162.21289,1231.92151,1165.37634,1219.76282,1153.05127,1212.7334,1145.92566
User_01/Grid_15/HP_033/13.png,HP_033,-0.62819,18.4105,5.6261,-7.8933,4.1145,42.7528,11.0,11.0,0.0,1780.68079,1120.06042,1787.98926,1125.45959,1759.4447,1104.37219,1742.85583,1092.11743,1227.9375,1175.3042,1230.88733,1181.00415,1219.38855,1158.78516,1212.7334,1145.92566
User_01/Grid_15/HP_033/14.png,HP_033,-0.62819,18.4105,5.6261,-7.8933,4.1145,42.7528,0.0,11.0,0.0,1755.77319,1122.21387,1758.27832,1128.05042,1748.51135,1105.294,1742.85583,1092.11743,1200.57153,1178.00708,1198.20581,1184.24731,1207.41638,1159.95117,1212.7334,1145.92566
User_01/Grid_15/HP_033/15.png,HP_033,-0.62819,18.4105,5.6261,-7.8933,4.1145,42.7528,-11.0,11.0,0.0,1728.74719,1122.001,1726.00928,1127.80017,1736.68091,1105.19666,1742.85583,1092.11743,1170.44031,1178.11145,1162.21912,1184.36792,1194.23743,1160.00134,1212.7334,1145.92566
User_01/Grid_15/HP_034/01.png,HP_034,-0.32625,11.7705,-0.58494,-6.4498,6.6853,46.3052,11.0,-11.0,0.0,1853.09351,1312.449,1859.45715,1309.02112,1834.58557,1322.4187,1820.11035,1330.21606,1343.7334,1313.93335,1345.95337,1309.89844,1337.28625,1325.65063,1332.254,1334.79688
User_01/Grid_15/HP_034/02.png,HP_034,-0.32625,11.7705,-0.58494,-6.4498,6.6853,46.3052,0.0,-11.0,0.0,1831.71265,1311.05981,1833.95728,1307.35376,1825.1958,1321.81982,1820.11035,1330.21606,1321.35767,1312.2196,1319.24719,1307.84631,1327.48083,1324.907,1332.254,1334.79688
User_01/Grid_15/HP_034/03.png,HP_034,-0.32625,11.7705,-0.58494,-6.4498,6.6853,46.3052,-11.0,-11.0,0.0,1809.034,1311.33447,1806.89038,1307.68018,1815.25647,1321.94165,1820.11035,1330.21606,1297.48462,1312.20422,1290.75488,1307.8313,1317.01782,1324.89661,1332.254,1334.79688
User_01/Grid_15/HP_034/04.png,HP_034,-0.32625,11.7705,-0.58494,-6.4498,6.6853,46.3052,-11.0,-5.5,0.0,1808.16528,1322.25977,1805.85083,1320.71814,1814.87842,1326.7312,1820.11035,1330.21606,1296.41418,1323.51221,1289.46753,1321.3252,1316.55872,1329.855,1332.254,1334.79688
User_01/Grid_15/HP_034/05.png,HP_034,-0.32625,11.7705,-0.58494,-6.4498,6.6853,46.3052,0.0,-5.5,0.0,1831.71021,1322.05225,1833.957,1320.47107,1825.19177,1326.63989,1820.11035,1330.21606,1321.34106,1323.596,1319.22437,1321.4231,1327.47668,1329.89343,1332.254,1334.79688
User_01/Grid_15/HP_034/06.png,HP_034,-0.32625,11.7705,-0.58494,-6.4498,6.6853,46.3052,11.0,-5.5,0.0,1853.85413,1322.77856,1860.37085,1321.34229,1834.91272,1326.95337,1820.11035,1330.21606,1344.53345,1324.62341,1346.91064,1322.65381,1337.6344,1330.33923,1332.254,1334.79688
User_01/Grid_15/HP_034/07.png,HP_034,-0.32625,11.7705,-0.58494,-6.4498,6.6853,46.3052,11.0,0.0,0.0,1854.24744,1333.8728,1860.8429,1334.57922,1835.082,1331.81982,1820.11035,1330.21606,1344.97546,1336.12354,1347.4397,1336.38062,1337.82642,1335.378,1332.254,1334.79688
User_01/Grid_15/HP_034/08.png,HP_034,-0.32625,11.7705,-0.58494,-6.4498,6.6853,46.3052,0.0,0.0,0.0,1831.704,1333.96277,1833.95081,1334.689,1825.18762,1331.85693,1820.11035,1330.21606,1321.32776,1336.00635,1319.20691,1336.24121,1327.47253,1335.32617,1332.254,1334.79688
User_01/Grid_15/HP_034/09.png,HP_034,-0.32625,11.7705,-0.58494,-6.4498,6.6853,46.3052,-11.0,0.0,0.0,1807.69922,1334.05017,1805.29309,1334.79346,1814.67578,1331.895,1820.11035,1330.21606,1295.80212,1335.87036,1288.73157,1336.07861,1316.29651,1335.26685,1332.254,1334.79688
User_01/Grid_15/HP_034/10.png,HP_034,-0.32625,11.7705,-0.58494,-6.4498,6.6853,46.3052,-11.0,5.5,0.0,1807.71924,1346.05322,1805.31738,1349.123,1814.68408,1337.15125,1820.11035,1330.21606,1295.76257,1348.543,1288.6842,1351.20947,1316.27917,1340.81458,1332.254,1334.79688
User_01/Grid_15/HP_034/11.png,HP_034,-0.32625,11.7705,-0.58494,-6.4498,6.6853,46.3052,0.0,5.5,0.0,1831.69348,1346.10156,1833.938,1349.17969,1825.18347,1337.17346,1820.11035,1330.21606,1321.319,1348.72559,1319.19617,1351.42944,1327.46875,1340.89233,1332.254,1334.79688
User_01/Grid_15/HP_034/12.png,HP_034,-0.32625,11.7705,-0.58494,-6.4498,6.6853,46.3052,11.0,5.5,0.0,1854.20251,1345.14941,1860.78833,1348.03418,1835.0636,1336.766,1820.11035,1330.21606,1344.99,1347.86,1347.45715,1350.39063,1337.83289,1340.519,1332.254,1334.79688
User_01/Grid_15/HP_034/13.png,HP_034,-0.32625,11.7705,-0.58494,-6.4498,6.6853,46.3052,11.0,11.0,0.0,1853.71924,1355.95557,1860.20679,1360.92407,1834.85693,1341.50977,1820.11035,1330.21606,1344.57227,1359.18347,1346.957,1363.90479,1337.65137,1345.48218,1332.254,1334.79688
User_01/Grid_15/HP_034/14.png,HP_034,-0.32625,11.7705,-0.58494,-6.4498,6.6853,46.3052,0.0,11.0,0.0,1831.6792,1357.68311,1833.91882,1363.001,1825.17932,1342.251,1820.11035,1330.21606,1321.315,1360.91235,1319.193,1365.978,1327.46521,1346.22925,1332.254,1334.79688
User_01/Grid_15/HP_034/15.png,HP_034,-0.32625,11.7705,-0.58494,-6.4498,6.6853,46.3052,-11.0,11.0,0.0,1808.22742,1357.53149,1805.926,1362.82178,1814.90454,1342.18262,1820.11035,1330.21606,1296.30383,1360.674,1289.33582,1365.68945,1316.51074,1346.12891,1332.254,1334.79688
User_01/Grid_15/HP_035/01.png,HP_035,12.4341,8.3906,1.6474,-5.1993,12.4946,45.8932,11.0,-11.0,0.0,1892.078,1586.60864,1898.248,1583.34351,1874.12378,1596.10962,1860.072,1603.54565,1388.3396,1595.19653,1390.34192,1591.3822,1382.51978,1606.28345,1377.9718,1614.94727
User_01/Grid_15/HP_035/02.png,HP_035,12.4341,8.3906,1.6474,-5.1993,12.4946,45.8932,0.0,-11.0,0.0,1871.66077,1585.25378,1873.9,1581.71912,1865.15417,1595.52368,1860.072,1603.54565,1367.29736,1593.9574,1365.2334,1589.89819,1373.29211,1605.74536,1377.9718,1614.94727
User_01/Grid_15/HP_035/03.png,HP_035,12.4341,8.3906,1.6474,-5.1993,12.4946,45.8932,-11.0,-11.0,0.0,1850.214,1585.35669,1848.30872,1581.84082,1855.74927,1595.57,1860.072,1603.54565,1345.12415,1594.197,1338.7771,1590.18762,1363.566,1605.84717,1377.9718,1614.94727
User_01/Grid_15/HP_035/04.png,HP_035,12.4341,8.3906,1.6474,-5.1993,12.4946,45.8932,-11.0,-5.5,0.0,1849.19177,1595.56445,1847.08582,1594.01978,1855.3042,1600.04834,1860.072,1603.54565,1343.92773,1604.64832,1337.33911,1602.65527,1363.05249,1610.43384,1377.9718,1614.94727
User_01/Grid_15/HP_035/05.png,HP_035,12.4341,8.3906,1.6474,-5.1993,12.4946,45.8932,0.0,-5.5,0.0,1871.67224,1595.54773,1873.917,1594.0,1865.15576,1600.04053,1860.072,1603.54565,1367.28491,1604.4895,1365.21509,1602.464,1373.29016,1610.36609,1377.9718,1614.94727
User_01/Grid_15/HP_035/06.png,HP_035,12.4341,8.3906,1.6474,-5.1993,12.4946,45.8932,11.0,-5.5,0.0,1893.01428,1596.37085,1899.37231,1594.98608,1874.52673,1600.39746,1860.072,1603.54565,1389.29126,1605.18652,1391.48022,1603.29907,1382.93408,1610.66821,1377.9718,1614.94727
User_01/Grid_15/HP_035/07.png,HP_035,12.4341,8.3906,1.6474,-5.1993,12.4946,45.8932,11.0,0.0,0.0,1893.66138,1607.05811,1900.14954,1607.73669,1874.80518,1605.08643,1860.072,1603.54565,1389.96753,1616.1355,1392.28943,1616.3656,1383.22827,1615.4679,1377.9718,1614.94727
User_01/Grid_15/HP_035/08.png,HP_035,12.4341,8.3906,1.6474,-5.1993,12.4946,45.8932,0.0,0.0,0.0,1871.68152,1606.9353,1873.93042,1607.5918,1865.15747,1605.03052,1860.072,1603.54565,1367.27466,1616.20361,1365.20032,1616.44727,1373.28833,1615.49731,1377.9718,1614.94727
User_01/Grid_15/HP_035/09.png,HP_035,12.4341,8.3906,1.6474,-5.1993,12.4946,45.8932,-11.0,0.0,0.0,1848.47546,1606.80652,1846.22864,1607.43811,1854.99255,1604.97388,1860.072,1603.54565,1343.06152,1616.27808,1336.29773,1616.53589,1362.68091,1615.53027,1377.9718,1614.94727
User_01/Grid_15/HP_035/10.png,HP_035,12.4341,8.3906,1.6474,-5.1993,12.4946,45.8932,-11.0,5.5,0.0,1848.17737,1618.56323,1845.872,1621.47388,1854.86292,1610.12256,1860.072,1603.54565,1342.66687,1628.52478,1335.82312,1631.15674,1362.5116,1620.89282,1377.9718,1614.94727
User_01/Grid_15/HP_035/11.png,HP_035,12.4341,8.3906,1.6474,-5.1993,12.4946,45.8932,0.0,5.5,0.0,1871.68774,1618.8667,1873.93848,1621.83545,1865.1593,1610.25586,1860.072,1603.54565,1367.26733,1628.54053,1365.19055,1631.17773,1373.28625,1620.89722,1377.9718,1614.94727
User_01/Grid_15/HP_035/12.png,HP_035,12.4341,8.3906,1.6474,-5.1993,12.4946,45.8932,11.0,5.5,0.0,1893.91992,1618.19,1900.45972,1621.01929,1874.91687,1609.96838,1860.072,1603.54565,1390.2749,1627.58142,1392.65735,1630.02783,1383.36194,1620.48242,1377.9718,1614.94727
User_01/Grid_15/HP_035/13.png,HP_035,12.4341,8.3906,1.6474,-5.1993,12.4946,45.8932,11.0,11.0,0.0,1893.742,1629.13916,1900.245,1634.08228,1874.84155,1614.77246,1860.072,1603.54565,1390.165,1638.91919,1392.52563,1643.56055,1383.31421,1625.45044,1377.9718,1614.94727
User_01/Grid_15/HP_035/14.png,HP_035,12.4341,8.3906,1.6474,-5.1993,12.4946,45.8932,0.0,11.0,0.0,1871.69006,1630.60107,1873.94043,1635.84167,1865.16125,1615.39746,1860.072,1603.54565,1367.26416,1640.73157,1365.187,1645.73291,1373.2843,1626.23486,1377.9718,1614.94727
User_01/Grid_15/HP_035/15.png,HP_035,12.4341,8.3906,1.6474,-5.1993,12.4946,45.8932,-11.0,11.0,0.0,1848.35352,1630.14661,1846.083,1635.30029,1854.93921,1615.197,1860.072,1603.54565,1342.8175,1640.61414,1336.00476,1645.58826,1362.57568,1626.18823,1377.9718,1614.94727
User_01/Grid_15/HP_036/01.png,HP_036,-7.6181,3.3198,-0.29108,-2.9792,-2.154,44.5287,11.0,-11.0,0.0,2020.48193,706.0759,2028.013,701.7849,1998.636,718.5232,1981.60974,728.224365,1476.5282,700.5471,1479.4364,695.6367,1468.10071,714.775757,1461.54163,725.8502
User_01/Grid_15/HP_036/02.png,HP_036,-7.6181,3.3198,-0.29108,-2.9792,-2.154,44.5287,0.0,-11.0,0.0,1994.10461,704.2383,1996.53284,699.57666,1987.07471,717.7335,1981.60974,728.224365,1450.1344,698.5587,1447.9165,693.252441,1456.55347,713.916,1461.54163,725.8502
User_01/Grid_15/HP_036/03.png,HP_036,-7.6181,3.3198,-0.29108,-2.9792,-2.154,44.5287,-11.0,-11.0,0.0,1966.81848,705.0531,1963.94507,700.5515,1975.1394,718.088257,1981.60974,728.224365,1422.351,699.1522,1414.74243,693.969238,1444.39221,714.1675,1461.54163,725.8502
User_01/Grid_15/HP_036/04.png,HP_036,-7.6181,3.3198,-0.29108,-2.9792,-2.154,44.5287,-11.0,-5.5,0.0,1966.48792,718.4779,1963.54907,716.583862,1974.99573,723.961548,1981.60974,728.224365,1421.86682,712.7926,1414.15991,710.256348,1444.185,720.1378,1461.54163,725.8502
User_01/Grid_15/HP_036/05.png,HP_036,-7.6181,3.3198,-0.29108,-2.9792,-2.154,44.5287,0.0,-5.5,0.0,1994.12549,718.07605,1996.55872,716.1029,1987.08276,723.7866,1981.60974,728.224365,1450.12952,712.488037,1447.9093,709.8887,1456.55273,720.0088,1461.54163,725.8502
User_01/Grid_15/HP_036/06.png,HP_036,-7.6181,3.3198,-0.29108,-2.9792,-2.154,44.5287,11.0,-5.5,0.0,2020.84253,719.060059,2028.4458,717.284058,1998.79163,724.210938,1981.60974,728.224365,1476.89978,713.536743,1479.88135,711.14624,1468.262,720.462036,1461.54163,725.8502
User_01/Grid_15/HP_036/07.png,HP_036,-7.6181,3.3198,-0.29108,-2.9792,-2.154,44.5287,11.0,0.0,0.0,2020.58008,732.3822,2028.12878,733.1876,1998.68066,730.0458,1981.60974,728.224365,1476.70435,726.902,1479.64734,727.1061,1468.17737,726.3104,1461.54163,725.8502
User_01/Grid_15/HP_036/08.png,HP_036,-7.6181,3.3198,-0.29108,-2.9792,-2.154,44.5287,0.0,0.0,0.0,1994.1405,732.319946,1996.57544,733.1157,1987.09082,730.015747,1981.60974,728.224365,1450.12952,726.9076,1447.91016,727.113159,1456.55188,726.3125,1461.54163,725.8502
User_01/Grid_15/HP_036/09.png,HP_036,-7.6181,3.3198,-0.29108,-2.9792,-2.154,44.5287,-11.0,0.0,0.0,1966.79053,732.2522,1963.91211,733.034546,1975.12671,729.9866,1981.60974,728.224365,1422.09778,726.912,1414.43823,727.118164,1444.28357,726.3148,1461.54163,725.8502
User_01/Grid_15/HP_036/10.png,HP_036,-7.6181,3.3198,-0.29108,-2.9792,-2.154,44.5287,-11.0,5.5,0.0,1967.68018,745.4429,1964.978,748.7831,1975.51208,735.7617,1981.60974,728.224365,1422.99707,740.468262,1415.52087,743.3036,1444.66785,732.249634,1461.54163,725.8502
User_01/Grid_15/HP_036/11.png,HP_036,-7.6181,3.3198,-0.29108,-2.9792,-2.154,44.5287,0.0,5.5,0.0,1994.1499,745.9087,1996.58337,749.339966,1987.09851,735.9647,1981.60974,728.224365,1450.13416,740.7427,1447.91846,743.635254,1456.55115,732.365356,1461.54163,725.8502
User_01/Grid_15/HP_036/12.png,HP_036,-7.6181,3.3198,-0.29108,-2.9792,-2.154,44.5287,11.0,5.5,0.0,2019.73962,745.1389,2027.1167,748.4114,1998.32178,735.637939,1981.60974,728.224365,1475.97449,739.803,1478.77307,742.5084,1467.86084,731.959351,1461.54163,725.8502
User_01/Grid_15/HP_036/13.png,HP_036,-7.6181,3.3198,-0.29108,-2.9792,-2.154,44.5287,11.0,11.0,0.0,2018.4668,756.617554,2025.58521,762.1012,1997.77722,740.6792,1981.60974,728.224365,1474.82922,751.5525,1477.40173,756.528564,1467.36365,737.1118,1461.54163,725.8502
User_01/Grid_15/HP_036/14.png,HP_036,-7.6181,3.3198,-0.29108,-2.9792,-2.154,44.5287,0.0,11.0,0.0,1994.15454,758.021362,1996.58386,763.7914,1987.10559,741.2787,1981.60974,728.224365,1450.14246,753.145264,1447.93237,758.437,1456.55029,737.801758,1461.54163,725.8502
User_01/Grid_15/HP_036/15.png,HP_036,-7.6181,3.3198,-0.29108,-2.9792,-2.154,44.5287,-11.0,11.0,0.0,1969.00928,757.311035,1966.56946,762.943237,1976.08911,740.968,1981.60974,728.224365,1424.39209,752.6377,1417.19946,757.8241,1445.26477,737.5869,1461.54163,725.8502
User_01/Grid_15/HP_037/01.png,HP_037,-6.9236,-2.2898,-5.359,0.63022,2.119,44.3755,11.0,-11.0,0.0,2256.47534,1069.43237,2264.061,1065.27869,2234.4834,1081.47461,2217.35571,1090.85339,1714.12537,1013.84814,1717.0354,1008.803,1705.69116,1028.47046,1699.125,1039.854
User_01/Grid_15/HP_037/02.png,HP_037,-6.9236,-2.2898,-5.359,0.63022,2.119,44.3755,0.0,-11.0,0.0,2229.56128,1068.49243,2231.933,1064.14709,2222.69434,1081.073,2217.35571,1090.85339,1687.82092,1012.40784,1685.626,1007.07825,1694.179,1027.84521,1699.125,1039.854
User_01/Grid_15/HP_037/03.png,HP_037,-6.9236,-2.2898,-5.359,0.63022,2.119,44.3755,-11.0,-11.0,0.0,2203.027,1070.0509,2200.24561,1066.01306,2211.085,1081.74963,2217.35571,1090.85339,1661.486,1013.44482,1654.19373,1008.32849,1682.63855,1028.28662,1699.125,1039.854
User_01/Grid_15/HP_037/04.png,HP_037,-6.9236,-2.2898,-5.359,0.63022,2.119,44.3755,-11.0,-5.5,0.0,2202.30371,1082.84668,2199.38,1081.29126,2210.771,1087.35083,2217.35571,1090.85339,1660.59351,1026.17957,1653.12,1023.52722,1682.25684,1033.86755,1699.125,1039.854
User_01/Grid_15/HP_037/05.png,HP_037,-6.9236,-2.2898,-5.359,0.63022,2.119,44.3755,0.0,-5.5,0.0,2229.6,1081.924,2231.98218,1080.18689,2222.70874,1086.94958,2217.35571,1090.85339,1687.81445,1025.7063,1685.61536,1022.95544,1694.1792,1033.66748,1699.125,1039.854
User_01/Grid_15/HP_037/06.png,HP_037,-6.9236,-2.2898,-5.359,0.63022,2.119,44.3755,11.0,-5.5,0.0,2257.36279,1082.37048,2265.1272,1080.72412,2234.8645,1087.14087,2217.35571,1090.85339,1714.93811,1026.59546,1718.009,1024.02063,1706.04358,1034.05322,1699.125,1039.854
User_01/Grid_15/HP_037/07.png,HP_037,-6.9236,-2.2898,-5.359,0.63022,2.119,44.3755,11.0,0.0,0.0,2257.61523,1096.154,2265.43,1097.18286,2234.97437,1093.1731,2217.35571,1090.85339,1715.18372,1040.15942,1718.30334,1040.21863,1706.15,1039.98767,1699.125,1039.854
User_01/Grid_15/HP_037/08.png,HP_037,-6.9236,-2.2898,-5.359,0.63022,2.119,44.3755,0.0,0.0,0.0,2229.63452,1096.28455,2232.02368,1097.34131,2222.72339,1093.22766,2217.35571,1090.85339,1687.81262,1039.98535,1685.6123,1040.01086,1694.1792,1039.9115,1699.125,1039.854
User_01/Grid_15/HP_037/09.png,HP_037,-6.9236,-2.2898,-5.359,0.63022,2.119,44.3755,-11.0,0.0,0.0,2202.14331,1096.39624,2199.188,1097.47314,2210.70117,1093.27808,2217.35571,1090.85339,1660.315,1039.8031,1652.78479,1039.79321,1682.1377,1039.83179,1699.125,1039.854
User_01/Grid_15/HP_037/10.png,HP_037,-6.9236,-2.2898,-5.359,0.63022,2.119,44.3755,-11.0,5.5,0.0,2202.59229,1109.82886,2199.726,1113.5127,2210.89551,1099.15674,2217.35571,1090.85339,1660.70728,1053.37231,1653.257,1055.9939,1682.30554,1045.77246,1699.125,1039.854
User_01/Grid_15/HP_037/11.png,HP_037,-6.9236,-2.2898,-5.359,0.63022,2.119,44.3755,0.0,5.5,0.0,2229.663,1110.51526,2232.05566,1114.3374,2222.738,1099.4519,2217.35571,1090.85339,1687.8158,1054.19568,1685.61719,1056.98352,1694.1792,1046.126,1699.125,1039.854
User_01/Grid_15/HP_037/12.png,HP_037,-6.9236,-2.2898,-5.359,0.63022,2.119,44.3755,11.0,5.5,0.0,2257.172,1109.811,2264.89478,1113.488,2234.78662,1099.15271,2217.35571,1090.85339,1714.815,1053.65894,1717.86157,1056.33948,1705.99023,1045.89441,1699.125,1039.854
User_01/Grid_15/HP_037/13.png,HP_037,-6.9236,-2.2898,-5.359,0.63022,2.119,44.3755,11.0,11.0,0.0,2256.11646,1122.39355,2263.62256,1128.50159,2234.33667,1104.671,2217.35571,1090.85339,1713.90088,1066.2356,1716.76636,1071.352,1705.59375,1051.40393,1699.125,1039.854
User_01/Grid_15/HP_037/14.png,HP_037,-6.9236,-2.2898,-5.359,0.63022,2.119,44.3755,0.0,11.0,0.0,2229.685,1123.58179,2232.078,1129.93335,2222.752,1105.17725,2217.35571,1090.85339,1687.82312,1067.31567,1685.62915,1072.64636,1694.1792,1051.87158,1699.125,1039.854
User_01/Grid_15/HP_037/15.png,HP_037,-6.9236,-2.2898,-5.359,0.63022,2.119,44.3755,-11.0,11.0,0.0,2203.583,1122.29346,2200.91284,1128.38879,2211.325,1104.62012,2217.35571,1090.85339,1661.691,1065.96582,1654.44031,1071.02332,1682.72656,1051.2926,1699.125,1039.854
User_01/Grid_15/HP_038/01.png,HP_038,-0.33178,-4.5856,3.6703,-0.61733,3.5816,43.4254,11.0,-11.0,0.0,2089.57471,1057.8092,2097.4458,1053.20728,2066.74854,1071.1543,2048.96484,1081.55115,1538.446,1090.26514,1541.32751,1085.49414,1530.094,1104.09424,1523.591,1114.86157
User_01/Grid_15/HP_038/02.png,HP_038,-0.33178,-4.5856,3.6703,-0.61733,3.5816,43.4254,0.0,-11.0,0.0,2062.11255,1056.08984,2064.66846,1051.14,2054.7146,1070.41663,2048.96484,1081.55115,1512.16687,1088.5238,1509.94751,1083.4071,1518.59351,1103.34009,1523.591,1114.86157
User_01/Grid_15/HP_038/03.png,HP_038,-0.33178,-4.5856,3.6703,-0.61733,3.5816,43.4254,-11.0,-11.0,0.0,2034.04956,1057.11487,2031.15137,1052.367,2042.44055,1070.8623,2048.96484,1081.55115,1484.92969,1089.26392,1477.43152,1084.29919,1506.66541,1103.655,1523.591,1114.86157
User_01/Grid_15/HP_038/04.png,HP_038,-0.33178,-4.5856,3.6703,-0.61733,3.5816,43.4254,-11.0,-5.5,0.0,2033.18774,1070.52832,2030.11914,1068.3844,2042.067,1076.73193,2048.96484,1081.55115,1483.91309,1102.46265,1476.20813,1100.055,1506.23035,1109.43652,1523.591,1114.86157
User_01/Grid_15/HP_038/05.png,HP_038,-0.33178,-4.5856,3.6703,-0.61733,3.5816,43.4254,0.0,-5.5,0.0,2062.16846,1069.96582,2064.73877,1067.71094,2054.73584,1076.48767,2048.96484,1081.55115,1512.173,1102.06873,1509.95178,1099.5802,1518.59924,1109.2688,1523.591,1114.86157
User_01/Grid_15/HP_038/06.png,HP_038,-0.33178,-4.5856,3.6703,-0.61733,3.5816,43.4254,11.0,-5.5,0.0,2090.53784,1070.92725,2098.60376,1068.866,2067.16187,1076.901,2048.96484,1081.55115,1539.31213,1103.05261,1542.36487,1100.75964,1530.46973,1109.69458,1523.591,1114.86157
User_01/Grid_15/HP_038/07.png,HP_038,-0.33178,-4.5856,3.6703,-0.61733,3.5816,43.4254,11.0,0.0,0.0,2090.851,1084.94336,2098.97974,1085.60168,2067.297,1083.03589,2048.96484,1081.55115,1539.63269,1116.70178,1542.74878,1117.05933,1530.60889,1115.66663,1523.591,1114.86157
User_01/Grid_15/HP_038/08.png,HP_038,-0.33178,-4.5856,3.6703,-0.61733,3.5816,43.4254,0.0,0.0,0.0,2062.21875,1084.89758,2064.79883,1085.54907,2054.75684,1083.01355,2048.96484,1081.55115,1512.18481,1116.69678,1509.96509,1117.05383,1518.60559,1115.66357,1523.591,1114.86157
User_01/Grid_15/HP_038/09.png,HP_038,-0.33178,-4.5856,3.6703,-0.61733,3.5816,43.4254,-11.0,0.0,0.0,2032.96167,1084.84814,2029.84814,1085.48962,2041.96887,1082.99255,2048.96484,1081.55115,1483.55212,1116.688,1475.774,1117.04285,1506.07593,1115.66052,1523.591,1114.86157
User_01/Grid_15/HP_038/10.png,HP_038,-0.33178,-4.5856,3.6703,-0.61733,3.5816,43.4254,-11.0,5.5,0.0,2033.432,1099.087,2030.41211,1102.49634,2042.17261,1089.21936,2048.96484,1081.55115,1483.932,1130.91846,1476.23181,1134.036,1506.23779,1121.88745,1523.591,1114.86157
User_01/Grid_15/HP_038/11.png,HP_038,-0.33178,-4.5856,3.6703,-0.61733,3.5816,43.4254,0.0,5.5,0.0,2062.26,1099.73486,2064.84644,1103.27246,2054.77686,1089.50024,2048.96484,1081.55115,1512.20288,1131.33276,1509.98767,1134.5365,1518.612,1122.06262,1523.591,1114.86157
User_01/Grid_15/HP_038/12.png,HP_038,-0.33178,-4.5856,3.6703,-0.61733,3.5816,43.4254,11.0,5.5,0.0,2090.44751,1098.86511,2098.49268,1102.223,2067.12622,1089.13135,2048.96484,1081.55115,1539.3468,1130.35352,1542.40613,1133.36145,1530.48523,1121.64026,1523.591,1114.86157
User_01/Grid_15/HP_038/13.png,HP_038,-0.33178,-4.5856,3.6703,-0.61733,3.5816,43.4254,11.0,11.0,0.0,2089.411,1111.72021,2097.24365,1117.563,2066.684,1094.76819,2048.96484,1081.55115,1538.506,1143.14038,1541.39856,1148.62476,1530.12085,1127.24219,1523.591,1114.86157
User_01/Grid_15/HP_038/14.png,HP_038,-0.33178,-4.5856,3.6703,-0.61733,3.5816,43.4254,0.0,11.0,0.0,2062.29175,1113.349,2064.88013,1119.52527,2054.79517,1095.46228,2048.96484,1081.55115,1512.22546,1144.88806,1510.018,1150.72021,1518.61865,1127.9978,1523.591,1114.86157
User_01/Grid_15/HP_038/15.png,HP_038,-0.33178,-4.5856,3.6703,-0.61733,3.5816,43.4254,-11.0,11.0,0.0,2034.51941,1112.27344,2031.715,1118.23792,2042.6438,1094.99463,2048.96484,1081.55115,1484.979,1144.12024,1477.492,1149.7937,1506.68518,1127.67212,1523.591,1114.86157
User_01/Grid_15/HP_039/01.png,HP_039,8.9349,0.33104,-2.8077,3.1397,8.7122,45.1067,11.0,-11.0,0.0,2472.962,1368.12451,2479.908,1364.37744,2452.802,1379.00024,2437.07715,1387.4834,1955.37415,1339.69446,1957.934,1335.17285,1947.94531,1352.81592,1942.15234,1363.04834
User_01/Grid_15/HP_039/02.png,HP_039,8.9349,0.33104,-2.8077,3.1397,8.7122,45.1067,0.0,-11.0,0.0,2449.287,1367.66321,2451.653,1363.82275,2442.42456,1378.80249,2437.07715,1387.4834,1931.4187,1339.32422,1929.34045,1334.73071,1937.44946,1352.65381,1942.15234,1363.04834
User_01/Grid_15/HP_039/03.png,HP_039,8.9349,0.33104,-2.8077,3.1397,8.7122,45.1067,-11.0,-11.0,0.0,2426.74487,1368.97021,2424.74536,1365.388,2432.54858,1379.36963,2437.07715,1387.4834,1908.438,1340.84521,1901.92688,1336.55725,1927.36316,1353.30859,1942.15234,1363.04834
User_01/Grid_15/HP_039/04.png,HP_039,8.9349,0.33104,-2.8077,3.1397,8.7122,45.1067,-11.0,-5.5,0.0,2425.89551,1379.88184,2423.72949,1378.40942,2432.179,1384.15356,2437.07715,1387.4834,1907.45215,1351.75671,1900.74207,1349.57336,1926.9397,1358.09814,1942.15234,1363.04834
User_01/Grid_15/HP_039/05.png,HP_039,8.9349,0.33104,-2.8077,3.1397,8.7122,45.1067,0.0,-5.5,0.0,2449.27881,1379.20557,2451.64624,1377.59937,2442.41772,1383.86011,2437.07715,1387.4834,1931.40479,1350.85938,1929.32056,1348.49585,1937.44678,1357.71167,1942.15234,1363.04834
User_01/Grid_15/HP_039/06.png,HP_039,8.9349,0.33104,-2.8077,3.1397,8.7122,45.1067,11.0,-5.5,0.0,2473.984,1379.53149,2481.13672,1377.99048,2453.24023,1384.001,2437.07715,1387.4834,1956.4165,1351.04126,1959.182,1348.71338,1948.39783,1357.791,1942.15234,1363.04834
User_01/Grid_15/HP_039/07.png,HP_039,8.9349,0.33104,-2.8077,3.1397,8.7122,45.1067,11.0,0.0,0.0,2474.55078,1391.97363,2481.81787,1392.84436,2453.4834,1389.44922,2437.07715,1387.4834,1957.03235,1363.43689,1959.91968,1363.51221,1948.66492,1363.21851,1942.15234,1363.04834
User_01/Grid_15/HP_039/08.png,HP_039,8.9349,0.33104,-2.8077,3.1397,8.7122,45.1067,0.0,0.0,0.0,2449.26538,1391.80188,2451.632,1392.64038,2442.41016,1389.373,2437.07715,1387.4834,1931.39441,1363.53455,1929.30652,1363.62891,1937.44421,1363.26111,1942.15234,1363.04834
User_01/Grid_15/HP_039/09.png,HP_039,8.9349,0.33104,-2.8077,3.1397,8.7122,45.1067,-11.0,0.0,0.0,2425.4126,1391.63892,2423.15186,1392.44434,2431.96851,1389.30334,2437.07715,1387.4834,1906.8728,1363.633,1900.04578,1363.74609,1926.69116,1363.30457,1942.15234,1363.04834
User_01/Grid_15/HP_039/10.png,HP_039,8.9349,0.33104,-2.8077,3.1397,8.7122,45.1067,-11.0,5.5,0.0,2425.37427,1403.645,2423.1062,1406.7771,2431.95166,1394.56128,2437.07715,1387.4834,1906.79907,1375.82251,1899.9574,1378.29468,1926.6593,1368.64648,1942.15234,1363.04834
User_01/Grid_15/HP_039/11.png,HP_039,8.9349,0.33104,-2.8077,3.1397,8.7122,45.1067,0.0,5.5,0.0,2449.24683,1404.71265,2451.60938,1408.0575,2442.40234,1395.02271,2437.07715,1387.4834,1931.38916,1376.59106,1929.29993,1379.21973,1937.44214,1368.97485,1942.15234,1363.04834
User_01/Grid_15/HP_039/12.png,HP_039,8.9349,0.33104,-2.8077,3.1397,8.7122,45.1067,11.0,5.5,0.0,2474.54541,1404.71362,2481.81055,1408.05469,2453.482,1395.02747,2437.07715,1387.4834,1957.1145,1376.185,1960.01819,1378.73462,1948.70068,1368.79761,1942.15234,1363.04834
User_01/Grid_15/HP_039/13.png,HP_039,8.9349,0.33104,-2.8077,3.1397,8.7122,45.1067,11.0,11.0,0.0,2473.95532,1416.885,2481.09961,1422.58093,2453.23047,1400.36182,2437.07715,1387.4834,1956.64673,1388.46545,1959.45789,1393.395,1948.4978,1374.17566,1942.15234,1363.04834
User_01/Grid_15/HP_039/14.png,HP_039,8.9349,0.33104,-2.8077,3.1397,8.7122,45.1067,0.0,11.0,0.0,2449.22388,1417.06531,2451.57959,1422.80322,2442.39453,1400.43335,2437.07715,1387.4834,1931.3894,1389.12439,1929.30176,1394.18237,1937.4408,1374.46362,1942.15234,1363.04834
User_01/Grid_15/HP_039/15.png,HP_039,8.9349,0.33104,-2.8077,3.1397,8.7122,45.1067,-11.0,11.0,0.0,2425.79126,1415.21411,2423.60571,1420.58472,2432.13281,1399.632,2437.07715,1387.4834,1907.24475,1387.56348,1900.49353,1392.30493,1926.85022,1373.79492,1942.15234,1363.04834
User_01/Grid_15/HP_040/01.png,HP_040,14.5715,2.4766,4.4268,1.5968,10.6586,44.0915,11.0,-11.0,0.0,2330.12378,1424.01135,2337.15259,1419.99866,2309.71558,1435.66309,2293.78833,1444.7561,1807.02185,1458.56323,1809.583,1454.23718,1799.58911,1471.11768,1793.79272,1480.9082
User_01/Grid_15/HP_040/02.png,HP_040,14.5715,2.4766,4.4268,1.5968,10.6586,44.0915,0.0,-11.0,0.0,2306.42065,1423.07275,2308.868,1418.87183,2299.32129,1435.25854,2293.78833,1444.7561,1782.997,1457.96924,1780.90588,1453.52612,1789.0636,1470.85962,1793.79272,1480.9082
User_01/Grid_15/HP_040/03.png,HP_040,14.5715,2.4766,4.4268,1.5968,10.6586,44.0915,-11.0,-11.0,0.0,2283.24316,1424.00671,2281.20239,1419.99048,2289.16748,1435.66357,2293.78833,1444.7561,1759.32434,1459.31616,1752.662,1455.14258,1778.67859,1471.44019,1793.79272,1480.9082
User_01/Grid_15/HP_040/04.png,HP_040,14.5715,2.4766,4.4268,1.5968,10.6586,44.0915,-11.0,-5.5,0.0,2282.25757,1435.12219,2280.023,1433.25513,2288.73853,1440.53711,2293.78833,1444.7561,1758.16736,1470.54346,1751.27161,1468.53723,1778.18176,1476.36633,1793.79272,1480.9082
User_01/Grid_15/HP_040/05.png,HP_040,14.5715,2.4766,4.4268,1.5968,10.6586,44.0915,0.0,-5.5,0.0,2306.42773,1434.70215,2308.88013,1432.75122,2299.32031,1440.35547,2293.78833,1444.7561,1782.97644,1469.67883,1780.87793,1467.50012,1789.05835,1475.99292,1793.79272,1480.9082
User_01/Grid_15/HP_040/06.png,HP_040,14.5715,2.4766,4.4268,1.5968,10.6586,44.0915,11.0,-5.5,0.0,2331.245,1435.3623,2338.50049,1433.54272,2310.196,1440.64136,2293.78833,1444.7561,1808.14624,1469.94067,1810.9292,1467.81421,1800.07739,1476.10608,1793.79272,1480.9082
User_01/Grid_15/HP_040/07.png,HP_040,14.5715,2.4766,4.4268,1.5968,10.6586,44.0915,11.0,0.0,0.0,2331.9314,1447.82922,2339.32617,1448.42493,2310.49048,1446.10181,2293.78833,1444.7561,1808.87073,1482.45679,1811.79712,1482.75732,1800.39172,1481.58594,1793.79272,1480.9082
User_01/Grid_15/HP_040/08.png,HP_040,14.5715,2.4766,4.4268,1.5968,10.6586,44.0915,0.0,0.0,0.0,2306.431,1447.52332,2308.886,1448.06079,2299.31934,1445.9668,2293.78833,1444.7561,1782.9585,1482.67578,1780.85425,1483.019,1789.05286,1481.68164,1793.79272,1480.9082
User_01/Grid_15/HP_040/09.png,HP_040,14.5715,2.4766,4.4268,1.5968,10.6586,44.0915,-11.0,0.0,0.0,2281.64941,1447.23328,2279.295,1447.71375,2288.474,1445.8407,2293.78833,1444.7561,1757.4198,1482.90015,1750.37317,1483.286,1777.86084,1481.78076,1793.79272,1480.9082
User_01/Grid_15/HP_040/10.png,HP_040,14.5715,2.4766,4.4268,1.5968,10.6586,44.0915,-11.0,5.5,0.0,2281.51953,1459.71765,2279.13965,1462.61987,2288.41748,1451.30566,2293.78833,1444.7561,1757.21375,1495.71045,1750.12573,1498.57874,1777.772,1487.39124,1793.79272,1480.9082
User_01/Grid_15/HP_040/11.png,HP_040,14.5715,2.4766,4.4268,1.5968,10.6586,44.0915,0.0,5.5,0.0,2306.4292,1460.79053,2308.88452,1463.90491,2299.3186,1451.771,2293.78833,1444.7561,1782.94446,1496.20776,1780.83691,1499.18018,1789.04724,1487.601,1793.79272,1480.9082
User_01/Grid_15/HP_040/12.png,HP_040,14.5715,2.4766,4.4268,1.5968,10.6586,44.0915,11.0,5.5,0.0,2332.05273,1460.69849,2339.47119,1463.78931,2310.54321,1451.73682,2293.78833,1444.7561,1809.07068,1495.44678,1812.03638,1498.269,1800.47839,1487.27039,1793.79272,1480.9082
User_01/Grid_15/HP_040/13.png,HP_040,14.5715,2.4766,4.4268,1.5968,10.6586,44.0915,11.0,11.0,0.0,2331.57715,1473.0946,2338.89844,1478.58484,2310.34033,1457.169,2293.78833,1444.7561,1808.70483,1508.0791,1811.59814,1513.35083,1800.31982,1492.801,1793.79272,1480.9082
User_01/Grid_15/HP_040/14.png,HP_040,14.5715,2.4766,4.4268,1.5968,10.6586,44.0915,0.0,11.0,0.0,2306.42261,1473.57983,2308.875,1479.17456,2299.31763,1457.37048,2293.78833,1444.7561,1782.93518,1509.312,1780.82715,1514.82666,1789.04187,1493.33679,1793.79272,1480.9082
User_01/Grid_15/HP_040/15.png,HP_040,14.5715,2.4766,4.4268,1.5968,10.6586,44.0915,-11.0,11.0,0.0,2281.89429,1471.82471,2279.58813,1477.07251,2288.58,1456.609,2293.78833,1444.7561,1757.59045,1508.12793,1750.57959,1513.39929,1777.93262,1492.83325,1793.79272,1480.9082
User_01/Grid_15/HP_041/01.png,HP_041,-13.8307,-9.707,1.4268,9.7498,-3.3393,46.5344,11.0,-11.0,0.0,2839.81152,718.1881,2847.23853,713.9502,2818.29224,730.4678,2801.54517,740.0242,2313.73071,718.5172,2316.52271,713.973267,2305.63672,731.6908,2299.333,741.950439
User_01/Grid_15/HP_041/02.png,HP_041,-13.8307,-9.707,1.4268,9.7498,-3.3393,46.5344,0.0,-11.0,0.0,2814.03516,718.951538,2816.45874,714.8623,2807.01172,730.8013,2801.54517,740.0242,2288.8042,718.721558,2286.765,714.222168,2294.7207,731.774536,2299.333,741.950439
User_01/Grid_15/HP_041/03.png,HP_041,-13.8307,-9.707,1.4268,9.7498,-3.3393,46.5344,-11.0,-11.0,0.0,2791.20825,721.411865,2789.20752,717.8093,2797.01538,731.8683,2801.54517,740.0242,2266.51563,720.7865,2260.18262,716.7024,2284.932,732.6631,2299.333,741.950439
User_01/Grid_15/HP_041/04.png,HP_041,-13.8307,-9.707,1.4268,9.7498,-3.3393,46.5344,-11.0,-5.5,0.0,2791.01147,732.6914,2788.97217,731.271851,2796.92969,736.811157,2801.54517,740.0242,2266.23071,731.7284,2259.84058,729.7549,2284.80933,737.4656,2299.333,741.950439
User_01/Grid_15/HP_041/05.png,HP_041,-13.8307,-9.707,1.4268,9.7498,-3.3393,46.5344,0.0,-5.5,0.0,2814.0376,731.3551,2816.46265,729.672241,2807.012,736.230469,2801.54517,740.0242,2288.79468,730.7401,2286.753,728.567749,2294.71753,737.0405,2299.333,741.950439
User_01/Grid_15/HP_041/06.png,HP_041,-13.8307,-9.707,1.4268,9.7498,-3.3393,46.5344,11.0,-5.5,0.0,2840.14819,730.879639,2847.64282,729.104248,2818.43726,736.0228,2801.54517,740.0242,2314.07275,730.7267,2316.93213,728.5492,2305.78516,737.037354,2299.333,741.950439
User_01/Grid_15/HP_041/07.png,HP_041,-13.8307,-9.707,1.4268,9.7498,-3.3393,46.5344,11.0,0.0,0.0,2839.866,743.9055,2847.302,744.6587,2818.31738,741.723,2801.54517,740.0242,2313.86279,743.2871,2316.68066,743.546265,2305.694,742.535645,2299.333,741.950439
User_01/Grid_15/HP_041/08.png,HP_041,-13.8307,-9.707,1.4268,9.7498,-3.3393,46.5344,0.0,0.0,0.0,2814.036,744.0504,2816.45923,744.831543,2807.01221,741.7865,2801.54517,740.0242,2288.78955,743.113647,2286.747,743.339,2294.7146,742.459961,2299.333,741.950439
User_01/Grid_15/HP_041/09.png,HP_041,-13.8307,-9.707,1.4268,9.7498,-3.3393,46.5344,-11.0,0.0,0.0,2791.21069,744.1676,2789.211,744.9696,2797.016,741.8402,2801.54517,740.0242,2266.37061,742.949341,2260.00854,743.1422,2284.86914,742.3888,2299.333,741.950439
User_01/Grid_15/HP_041/10.png,HP_041,-13.8307,-9.707,1.4268,9.7498,-3.3393,46.5344,-11.0,5.5,0.0,2791.7832,755.2545,2789.89575,758.199,2797.26514,746.7018,2801.54517,740.0242,2266.913,753.8307,2260.6604,756.1218,2285.10229,747.1653,2299.333,741.950439
User_01/Grid_15/HP_041/11.png,HP_041,-13.8307,-9.707,1.4268,9.7498,-3.3393,46.5344,0.0,5.5,0.0,2814.03027,756.23,2816.44971,759.3706,2807.013,747.1216,2801.54517,740.0242,2288.78833,755.0409,2286.74756,757.574341,2294.71216,747.687134,2299.333,741.950439
User_01/Grid_15/HP_041/12.png,HP_041,-13.8307,-9.707,1.4268,9.7498,-3.3393,46.5344,11.0,5.5,0.0,2839.01147,756.3685,2846.27271,759.536,2817.95313,747.182,2801.54517,740.0242,2313.13647,755.384766,2315.8103,757.987549,2305.37915,747.834839,2299.333,741.950439
User_01/Grid_15/HP_041/13.png,HP_041,-13.8307,-9.707,1.4268,9.7498,-3.3393,46.5344,11.0,11.0,0.0,2837.732,767.563232,2844.73242,772.891,2817.406,752.095,2801.54517,740.0242,2312.01416,766.361938,2314.467,771.083862,2304.8916,752.6511,2299.333,741.950439
User_01/Grid_15/HP_041/14.png,HP_041,-13.8307,-9.707,1.4268,9.7498,-3.3393,46.5344,0.0,11.0,0.0,2814.02148,767.2479,2816.43555,772.5149,2807.01367,751.9564,2801.54517,740.0242,2288.79077,765.8733,2286.75366,770.496,2294.70947,752.4419,2299.333,741.950439
User_01/Grid_15/HP_041/15.png,HP_041,-13.8307,-9.707,1.4268,9.7498,-3.3393,46.5344,-11.0,11.0,0.0,2792.655,765.462769,2790.93848,770.374634,2797.645,751.1843,2801.54517,740.0242,2267.77734,763.8544,2261.69873,768.0736,2285.47363,751.570557,2299.333,741.950439
User_01/Grid_15/HP_042/01.png,HP_042,-0.49514,-11.6296,-0.3938,6.4702,1.3474,46.2145,11.0,-11.0,0.0,2554.71582,899.5974,2561.93213,895.5521,2533.792,911.327148,2517.493,920.464233,2041.08557,899.0282,2043.65576,894.604,2033.63,911.862061,2027.81848,921.8657
User_01/Grid_15/HP_042/02.png,HP_042,-0.49514,-11.6296,-0.3938,6.4702,1.3474,46.2145,0.0,-11.0,0.0,2529.72388,899.303833,2532.09717,895.198,2522.84644,911.2024,2517.493,920.464233,2017.45789,898.8373,2015.45129,894.377441,2023.27979,911.777344,2027.81848,921.8657
User_01/Grid_15/HP_042/03.png,HP_042,-0.49514,-11.6296,-0.3938,6.4702,1.3474,46.2145,-11.0,-11.0,0.0,2506.42358,900.9685,2504.27979,897.1925,2512.6438,911.9236,2517.493,920.464233,1995.169,900.53064,1988.86365,896.4104,2013.49622,912.5067,2027.81848,921.8657
User_01/Grid_15/HP_042/04.png,HP_042,-0.49514,-11.6296,-0.3938,6.4702,1.3474,46.2145,-11.0,-5.5,0.0,2506.04541,912.3275,2503.82739,910.750854,2512.47925,916.9005,2517.493,920.464233,1994.69556,911.482056,1988.29468,909.475464,2013.293,917.312134,2027.81848,921.8657
User_01/Grid_15/HP_042/05.png,HP_042,-0.49514,-11.6296,-0.3938,6.4702,1.3474,46.2145,0.0,-5.5,0.0,2529.767,911.5084,2532.15,909.769531,2522.86353,916.5453,2517.493,920.464233,2017.457,910.543335,2015.44873,908.3489,2023.28088,916.907349,2027.81848,921.8657
User_01/Grid_15/HP_042/06.png,HP_042,-0.49514,-11.6296,-0.3938,6.4702,1.3474,46.2145,11.0,-5.5,0.0,2555.30786,911.739,2562.643,910.0465,2534.04639,916.6448,2517.493,920.464233,2041.61914,910.6111,2044.29456,908.4293,2033.86157,916.9375,2027.81848,921.8657
User_01/Grid_15/HP_042/07.png,HP_042,-0.49514,-11.6296,-0.3938,6.4702,1.3474,46.2145,11.0,0.0,0.0,2555.32324,924.4198,2562.66064,925.187,2534.05444,922.196045,2517.493,920.464233,2041.66357,922.73,2044.34766,922.8976,2033.8811,922.244141,2027.81848,921.8657
User_01/Grid_15/HP_042/08.png,HP_042,-0.49514,-11.6296,-0.3938,6.4702,1.3474,46.2145,0.0,0.0,0.0,2529.80566,924.2523,2532.1958,924.9877,2522.88086,922.1218,2517.493,920.464233,2017.46,922.8202,2015.4519,923.0051,2023.28223,922.2837,2027.81848,921.8657
User_01/Grid_15/HP_042/09.png,HP_042,-0.49514,-11.6296,-0.3938,6.4702,1.3474,46.2145,-11.0,0.0,0.0,2506.09814,924.1007,2503.89038,924.8052,2512.502,922.0569,2517.493,920.464233,1994.66284,922.9064,1988.25549,923.107544,2013.27869,922.322,2027.81848,921.8657
User_01/Grid_15/HP_042/10.png,HP_042,-0.49514,-11.6296,-0.3938,6.4702,1.3474,46.2145,-11.0,5.5,0.0,2506.58325,935.6376,2504.471,938.5753,2512.713,927.112549,2517.493,920.464233,1995.07849,934.1422,1988.75513,936.5133,2013.45679,927.250854,2027.81848,921.8657
User_01/Grid_15/HP_042/11.png,HP_042,-0.49514,-11.6296,-0.3938,6.4702,1.3474,46.2145,0.0,5.5,0.0,2529.83862,936.693359,2532.23315,939.841064,2522.89771,927.569,2517.493,920.464233,2017.46631,934.8738,2015.46118,937.3933,2023.28357,927.5641,2027.81848,921.8657
User_01/Grid_15/HP_042/12.png,HP_042,-0.49514,-11.6296,-0.3938,6.4702,1.3474,46.2145,11.0,5.5,0.0,2554.75684,936.7831,2561.97754,939.9452,2533.81348,927.61145,2517.493,920.464233,2041.20959,934.6399,2043.80383,937.114868,2033.684,927.46106,2027.81848,921.8657
User_01/Grid_15/HP_042/13.png,HP_042,-0.49514,-11.6296,-0.3938,6.4702,1.3474,46.2145,11.0,11.0,0.0,2553.71265,948.073,2560.72046,953.414551,2533.36768,932.564941,2517.493,920.464233,2040.33423,945.6644,2042.75549,950.269165,2033.30383,932.296265,2027.81848,921.8657
User_01/Grid_15/HP_042/14.png,HP_042,-0.49514,-11.6296,-0.3938,6.4702,1.3474,46.2145,0.0,11.0,0.0,2529.86523,948.0835,2532.26147,953.432251,2522.913,932.5642,2517.493,920.464233,2017.47571,945.9862,2015.4751,950.651855,2023.28479,932.4386,2027.81848,921.8657
User_01/Grid_15/HP_042/15.png,HP_042,-0.49514,-11.6296,-0.3938,6.4702,1.3474,46.2145,-11.0,11.0,0.0,2507.43579,946.3496,2505.491,951.3551,2513.08374,931.8124,2517.493,920.464233,1995.876,944.5864,1989.7135,948.9697,2013.79944,931.8375,2027.81848,921.8657
User_01/Grid_15/HP_043/01.png,HP_043,-0.95844,-4.1668,4.3617,3.8714,5.0232,44.7229,11.0,-11.0,0.0,2451.49023,1182.46094,2459.02368,1178.05688,2429.64429,1195.23267,2412.62427,1205.183,1915.72949,1218.17834,1918.54468,1213.66821,1907.567,1231.2561,1901.20862,1241.44336
User_01/Grid_15/HP_043/02.png,HP_043,-0.95844,-4.1668,4.3617,3.8714,5.0232,44.7229,0.0,-11.0,0.0,2425.571,1182.03516,2428.08423,1177.542,2418.29028,1195.05286,2412.62427,1205.183,1890.36963,1217.43579,1888.268,1212.78064,1896.46289,1230.93188,1901.20862,1241.44336
User_01/Grid_15/HP_043/03.png,HP_043,-0.95844,-4.1668,4.3617,3.8714,5.0232,44.7229,-11.0,-11.0,0.0,2400.82617,1183.764,2398.53979,1179.61279,2407.45776,1195.803,2412.62427,1205.183,1865.896,1218.861,1859.067,1214.4939,1885.72791,1231.54346,1901.20862,1241.44336
User_01/Grid_15/HP_043/04.png,HP_043,-0.95844,-4.1668,4.3617,3.8714,5.0232,44.7229,-11.0,-5.5,0.0,2400.02271,1195.68677,2397.57764,1193.84424,2407.10815,1201.02625,2412.62427,1205.183,1864.94836,1230.59424,1857.9281,1228.4939,1885.32117,1236.68982,1901.20862,1241.44336
User_01/Grid_15/HP_043/05.png,HP_043,-0.95844,-4.1668,4.3617,3.8714,5.0232,44.7229,0.0,-5.5,0.0,2425.5874,1194.68359,2428.10669,1192.64319,2418.294,1200.59082,2412.62427,1205.183,1890.35681,1229.85059,1888.24976,1227.59961,1896.46033,1236.37085,1901.20862,1241.44336
User_01/Grid_15/HP_043/06.png,HP_043,-0.95844,-4.1668,4.3617,3.8714,5.0232,44.7229,11.0,-5.5,0.0,2452.517,1194.87622,2460.25854,1192.8761,2430.08423,1200.672,2412.62427,1205.183,1916.703,1230.32764,1919.71045,1228.16992,1907.98926,1236.57886,1901.20862,1241.44336
User_01/Grid_15/HP_043/07.png,HP_043,-0.95844,-4.1668,4.3617,3.8714,5.0232,44.7229,11.0,0.0,0.0,2452.9668,1208.30029,2460.79932,1208.90552,2430.277,1206.54712,2412.62427,1205.183,1917.16882,1243.45923,1920.26868,1243.85083,1908.19128,1242.32544,1901.20862,1241.44336
User_01/Grid_15/HP_043/08.png,HP_043,-0.95844,-4.1668,4.3617,3.8714,5.0232,44.7229,0.0,0.0,0.0,2425.599,1208.36829,2428.122,1208.98755,2418.29785,1206.57581,2412.62427,1205.183,1890.34741,1243.363,1888.2373,1243.73584,1896.45764,1242.28308,1901.20862,1241.44336
User_01/Grid_15/HP_043/09.png,HP_043,-0.95844,-4.1668,4.3617,3.8714,5.0232,44.7229,-11.0,0.0,0.0,2399.684,1208.42432,2397.17261,1209.05347,2406.961,1206.60156,2412.62427,1205.183,1864.49048,1243.2627,1857.37769,1243.61511,1885.12451,1242.24023,1901.20862,1241.44336
User_01/Grid_15/HP_043/10.png,HP_043,-0.95844,-4.1668,4.3617,3.8714,5.0232,44.7229,-11.0,5.5,0.0,2399.87524,1221.24219,2397.40186,1224.358,2407.044,1212.2124,2412.62427,1205.183,1864.61035,1256.09351,1857.52246,1258.93079,1885.17542,1247.86145,1901.20862,1241.44336
User_01/Grid_15/HP_043/11.png,HP_043,-0.95844,-4.1668,4.3617,3.8714,5.0232,44.7229,0.0,5.5,0.0,2425.60571,1222.162,2428.12866,1225.46216,2418.30151,1212.60864,2412.62427,1205.183,1890.34265,1257.0708,1888.232,1260.1062,1896.45508,1248.28,1901.20862,1241.44336
User_01/Grid_15/HP_043/12.png,HP_043,-0.95844,-4.1668,4.3617,3.8714,5.0232,44.7229,11.0,5.5,0.0,2452.74121,1221.82666,2460.52686,1225.05664,2430.18164,1212.46729,2412.62427,1205.183,1917.03613,1256.76245,1920.10938,1259.73694,1908.13391,1248.14624,1901.20862,1241.44336
User_01/Grid_15/HP_043/13.png,HP_043,-0.95844,-4.1668,4.3617,3.8714,5.0232,44.7229,11.0,11.0,0.0,2451.881,1234.49182,2459.49048,1240.173,2429.815,1218.01758,2412.62427,1205.183,1916.32507,1269.35449,1919.25732,1274.76855,1907.826,1253.66162,1901.20862,1241.44336
User_01/Grid_15/HP_043/14.png,HP_043,-0.95844,-4.1668,4.3617,3.8714,5.0232,44.7229,0.0,11.0,0.0,2425.607,1235.0791,2428.127,1240.88257,2418.30542,1218.2655,2412.62427,1205.183,1890.34229,1269.98438,1888.23389,1275.52222,1896.45239,1253.93579,1901.20862,1241.44336
User_01/Grid_15/HP_043/15.png,HP_043,-0.95844,-4.1668,4.3617,3.8714,5.0232,44.7229,-11.0,11.0,0.0,2400.56934,1233.36743,2398.233,1238.8302,2407.34521,1217.52563,2412.62427,1205.183,1865.28833,1268.24707,1858.33838,1273.43311,1885.46533,1253.19092,1901.20862,1241.44336
User_01/Grid_15/HP_044/01.png,HP_044,8.5279,-3.6056,-3.6001,4.0811,7.8197,46.5979,11.0,-11.0,0.0,2478.478,1294.5835,2485.07471,1291.1001,2459.32373,1304.69812,2444.37476,1312.592,1978.64941,1262.9939,1980.96155,1258.76074,1971.93445,1275.28638,1966.69373,1284.88037
User_01/Grid_15/HP_044/02.png,HP_044,8.5279,-3.6056,-3.6001,4.0811,7.8197,46.5979,0.0,-11.0,0.0,2456.08057,1294.16846,2458.347,1290.60132,2449.50366,1304.51978,2444.37476,1312.592,1956.43433,1262.76929,1954.4502,1258.49292,1962.19617,1275.1875,1966.69373,1284.88037
User_01/Grid_15/HP_044/03.png,HP_044,8.5279,-3.6056,-3.6001,4.0811,7.8197,46.5979,-11.0,-11.0,0.0,2434.79517,1295.346,2432.94287,1292.01147,2440.1748,1305.031,2444.37476,1312.592,1935.18652,1264.18481,1929.10767,1260.192,1952.86609,1275.79761,1966.69373,1284.88037
User_01/Grid_15/HP_044/04.png,HP_044,8.5279,-3.6056,-3.6001,4.0811,7.8197,46.5979,-11.0,-5.5,0.0,2434.10986,1305.66187,2432.123,1304.3208,2439.87622,1309.55493,2444.37476,1312.592,1934.40051,1274.37451,1928.16357,1272.34521,1952.5282,1280.272,1966.69373,1284.88037
User_01/Grid_15/HP_044/05.png,HP_044,8.5279,-3.6056,-3.6001,4.0811,7.8197,46.5979,0.0,-5.5,0.0,2456.08838,1305.084,2458.35864,1303.62866,2449.50439,1309.304,2444.37476,1312.592,1956.4259,1273.53613,1954.4375,1271.33936,1962.19531,1279.9104,1966.69373,1284.88037
User_01/Grid_15/HP_044/06.png,HP_044,8.5279,-3.6056,-3.6001,4.0811,7.8197,46.5979,11.0,-5.5,0.0,2479.33472,1305.39807,2486.10425,1304.00513,2459.69141,1309.44019,2444.37476,1312.592,1979.49438,1273.61719,1981.97314,1271.436,1972.30176,1279.9458,1966.69373,1284.88037
User_01/Grid_15/HP_044/07.png,HP_044,8.5279,-3.6056,-3.6001,4.0811,7.8197,46.5979,11.0,0.0,0.0,2479.76929,1317.061,2486.62573,1317.92688,2459.87842,1314.54956,2444.37476,1312.592,1979.95313,1285.09082,1982.52222,1285.13159,1972.501,1284.97266,1966.69373,1284.88037
User_01/Grid_15/HP_044/08.png,HP_044,8.5279,-3.6056,-3.6001,4.0811,7.8197,46.5979,0.0,0.0,0.0,2456.09277,1316.85986,2458.365,1317.68738,2449.50537,1314.46045,2444.37476,1312.592,1956.42041,1285.21436,1954.42981,1285.2793,1962.19434,1285.02661,1966.69373,1284.88037
User_01/Grid_15/HP_044/09.png,HP_044,8.5279,-3.6056,-3.6001,4.0811,7.8197,46.5979,-11.0,0.0,0.0,2433.763,1316.67163,2431.7085,1317.46143,2439.725,1314.37952,2444.37476,1312.592,1933.97852,1285.33765,1927.65637,1285.426,1952.34692,1285.081,1966.69373,1284.88037
User_01/Grid_15/HP_044/10.png,HP_044,8.5279,-3.6056,-3.6001,4.0811,7.8197,46.5979,-11.0,5.5,0.0,2433.812,1327.83374,2431.767,1330.78394,2439.74634,1319.27075,2444.37476,1312.592,1933.98828,1296.50024,1927.66821,1298.74561,1952.35083,1289.97632,1966.69373,1284.88037
User_01/Grid_15/HP_044/11.png,HP_044,8.5279,-3.6056,-3.6001,4.0811,7.8197,46.5979,0.0,5.5,0.0,2456.09351,1328.8252,2458.36548,1331.97266,2449.506,1319.7,2444.37476,1312.592,1956.41858,1297.13562,1954.42749,1299.51038,1962.19348,1290.24792,1966.69373,1284.88037
User_01/Grid_15/HP_044/12.png,HP_044,8.5279,-3.6056,-3.6001,4.0811,7.8197,46.5979,11.0,5.5,0.0,2479.69678,1328.90015,2486.53784,1332.05859,2459.84839,1319.73621,2444.37476,1312.592,1979.94946,1296.79443,1982.518,1299.103,1972.49927,1290.09839,1966.69373,1284.88037
User_01/Grid_15/HP_044/13.png,HP_044,8.5279,-3.6056,-3.6001,4.0811,7.8197,46.5979,11.0,11.0,0.0,2479.122,1340.16357,2485.84546,1345.49878,2459.60327,1324.67578,2444.37476,1312.592,1979.48364,1308.03125,1981.96033,1312.51416,1972.29724,1295.02319,1966.69373,1284.88037
User_01/Grid_15/HP_044/14.png,HP_044,8.5279,-3.6056,-3.6001,4.0811,7.8197,46.5979,0.0,11.0,0.0,2456.09082,1340.22876,2458.36,1345.58228,2449.50684,1324.69824,2444.37476,1312.592,1956.42065,1308.54468,1954.4314,1313.12683,1962.19275,1295.24829,1966.69373,1284.88037
User_01/Grid_15/HP_044/15.png,HP_044,8.5279,-3.6056,-3.6001,4.0811,7.8197,46.5979,-11.0,11.0,0.0,2434.25439,1338.55151,2432.29688,1343.57275,2439.93872,1323.97107,2444.37476,1312.592,1934.42871,1307.22192,1928.19763,1311.53662,1952.53992,1294.681,1966.69373,1284.88037
User_01/Grid_15/HP_045/01.png,HP_045,12.605,-14.3181,-6.2333,9.7526,11.9145,44.6026,11.0,-11.0,0.0,2834.98486,1570.761,2842.09619,1567.12378,2814.35352,1581.31323,2798.27075,1589.53906,2305.33325,1520.54614,2307.707,1516.10693,2298.43872,1533.43945,2293.0564,1543.50513
User_01/Grid_15/HP_045/02.png,HP_045,12.605,-14.3181,-6.2333,9.7526,11.9145,44.6026,0.0,-11.0,0.0,2810.93921,1571.02173,2813.393,1567.435,2803.82031,1581.42737,2798.27075,1589.53906,2282.48975,1520.97314,2280.44873,1516.62073,2288.42139,1533.62207,2293.0564,1543.50513
User_01/Grid_15/HP_045/03.png,HP_045,12.605,-14.3181,-6.2333,9.7526,11.9145,44.6026,-11.0,-11.0,0.0,2789.257,1572.75513,2787.5144,1569.51074,2794.3186,1582.17969,2798.27075,1589.53906,2261.75342,1522.869,2255.72534,1518.8949,2279.30664,1534.44092,2293.0564,1543.50513
User_01/Grid_15/HP_045/04.png,HP_045,12.605,-14.3181,-6.2333,9.7526,11.9145,44.6026,-11.0,-5.5,0.0,2788.401,1583.13232,2786.49072,1581.89258,2793.945,1586.73145,2798.27075,1589.53906,2260.826,1532.77344,2254.611,1530.704,2278.90747,1538.794,2293.0564,1543.50513
User_01/Grid_15/HP_045/05.png,HP_045,12.605,-14.3181,-6.2333,9.7526,11.9145,44.6026,0.0,-5.5,0.0,2810.96729,1582.21533,2813.43018,1580.7948,2803.82886,1586.333,2798.27075,1589.53906,2282.48145,1531.6427,2280.43555,1529.34753,2288.42139,1538.30591,2293.0564,1543.50513
User_01/Grid_15/HP_045/06.png,HP_045,12.605,-14.3181,-6.2333,9.7526,11.9145,44.6026,11.0,-5.5,0.0,2836.2876,1582.14575,2843.6626,1580.71143,2814.912,1586.30273,2798.27075,1589.53906,2306.51758,1531.35352,2309.12451,1529.0,2298.95313,1538.18188,2293.0564,1543.50513
User_01/Grid_15/HP_045/07.png,HP_045,12.605,-14.3181,-6.2333,9.7526,11.9145,44.6026,11.0,0.0,0.0,2837.18384,1594.79871,2844.74023,1595.82007,2815.29639,1591.84033,2798.27075,1589.53906,2307.346,1543.35278,2310.11646,1543.32336,2299.31274,1543.43848,2293.0564,1543.50513
User_01/Grid_15/HP_045/08.png,HP_045,12.605,-14.3181,-6.2333,9.7526,11.9145,44.6026,0.0,0.0,0.0,2810.994,1594.57971,2813.464,1595.55835,2803.838,1591.74475,2798.27075,1589.53906,2282.47583,1543.47949,2280.42651,1543.47437,2288.42139,1543.4939,2293.0564,1543.50513
User_01/Grid_15/HP_045/09.png,HP_045,12.605,-14.3181,-6.2333,9.7526,11.9145,44.6026,-11.0,0.0,0.0,2787.83887,1594.38818,2785.819,1595.32715,2793.70044,1591.66357,2798.27075,1589.53906,2260.193,1543.59717,2253.85059,1543.615,2278.6355,1543.54565,2293.0564,1543.50513
User_01/Grid_15/HP_045/10.png,HP_045,12.605,-14.3181,-6.2333,9.7526,11.9145,44.6026,-11.0,5.5,0.0,2787.65479,1606.03735,2785.59888,1609.23267,2793.62,1596.7666,2798.27075,1589.53906,2259.94678,1554.85547,2253.555,1557.04688,2278.52979,1548.48511,2293.0564,1543.50513
User_01/Grid_15/HP_045/11.png,HP_045,12.605,-14.3181,-6.2333,9.7526,11.9145,44.6026,0.0,5.5,0.0,2811.017,1607.48047,2813.49243,1610.96472,2803.84766,1597.38879,2798.27075,1589.53906,2282.47339,1555.88538,2280.42261,1558.28442,2288.42114,1548.92749,2293.0564,1543.50513
User_01/Grid_15/HP_045/12.png,HP_045,12.605,-14.3181,-6.2333,9.7526,11.9145,44.6026,11.0,5.5,0.0,2837.50684,1608.02844,2845.12744,1611.61963,2815.43579,1597.62793,2798.27075,1589.53906,2307.68262,1555.93921,2310.52,1558.35144,2299.45874,1548.948,2293.0564,1543.50513
User_01/Grid_15/HP_045/13.png,HP_045,12.605,-14.3181,-6.2333,9.7526,11.9145,44.6026,11.0,11.0,0.0,2837.183,1620.90771,2844.73682,1626.99683,2815.29932,1603.26624,2798.27075,1589.53906,2307.466,1568.30859,2310.26074,1573.1189,2299.365,1554.36414,2293.0564,1543.50513
User_01/Grid_15/HP_045/14.png,HP_045,12.605,-14.3181,-6.2333,9.7526,11.9145,44.6026,0.0,11.0,0.0,2811.03662,1620.083,2813.51416,1626.01172,2803.85718,1602.90588,2798.27075,1589.53906,2282.47461,1568.06738,2280.42456,1572.82544,2288.421,1554.2644,2293.0564,1543.50513
User_01/Grid_15/HP_045/15.png,HP_045,12.605,-14.3181,-6.2333,9.7526,11.9145,44.6026,-11.0,11.0,0.0,2787.88354,1617.47424,2785.87256,1622.88281,2793.71948,1601.77893,2798.27075,1589.53906,2260.12744,1565.93237,2253.77246,1570.26074,2278.60718,1553.34619,2293.0564,1543.50513
User_01/Grid_15/HP_046/01.png,HP_046,-11.3135,-20.3894,-2.389,10.1184,-3.9133,42.7951,11.0,-11.0,0.0,2822.4248,584.5265,2831.33862,579.3303,2796.66455,599.5421,2776.68677,611.187,2253.01758,556.2361,2256.42,550.6821,2243.17114,572.3091,2235.52026,584.798
User_01/Grid_15/HP_046/02.png,HP_046,-11.3135,-20.3894,-2.389,10.1184,-3.9133,42.7951,0.0,-11.0,0.0,2790.13916,585.0416,2792.76123,579.9457,2782.5625,599.7677,2776.68677,611.187,2224.12354,556.4071,2221.90967,550.891968,2230.53467,572.3783,2235.52026,584.798
User_01/Grid_15/HP_046/03.png,HP_046,-11.3135,-20.3894,-2.389,10.1184,-3.9133,42.7951,-11.0,-11.0,0.0,2761.838,588.2921,2758.95361,583.8446,2770.19116,601.171631,2776.68677,611.187,2198.1792,559.1832,2190.95581,554.2283,2219.15259,573.570435,2235.52026,584.798
User_01/Grid_15/HP_046/04.png,HP_046,-11.3135,-20.3894,-2.389,10.1184,-3.9133,42.7951,-11.0,-5.5,0.0,2761.74854,602.170654,2758.84619,600.418945,2770.15234,607.2429,2776.68677,611.187,2197.93848,572.1615,2190.666,569.7163,2219.0498,579.2599,2235.52026,584.798
User_01/Grid_15/HP_046/05.png,HP_046,-11.3135,-20.3894,-2.389,10.1184,-3.9133,42.7951,0.0,-5.5,0.0,2790.24561,600.5298,2792.88867,598.4523,2782.6084,606.5326,2776.68677,611.187,2224.12354,570.742065,2221.90869,568.0104,2230.53564,578.650146,2235.52026,584.798
User_01/Grid_15/HP_046/06.png,HP_046,-11.3135,-20.3894,-2.389,10.1184,-3.9133,42.7951,11.0,-5.5,0.0,2822.85278,600.2992,2831.85156,598.177,2796.85,606.431763,2776.68677,611.187,2253.3125,570.6647,2256.77368,567.9155,2243.29883,578.619141,2235.52026,584.798
User_01/Grid_15/HP_046/07.png,HP_046,-11.3135,-20.3894,-2.389,10.1184,-3.9133,42.7951,11.0,0.0,0.0,2822.326,616.3783,2831.21436,617.3893,2796.62866,613.455444,2776.68677,611.187,2252.868,585.386,2256.24023,585.5001,2243.10645,585.055054,2235.52026,584.798
User_01/Grid_15/HP_046/08.png,HP_046,-11.3135,-20.3894,-2.389,10.1184,-3.9133,42.7951,0.0,0.0,0.0,2790.34131,616.3009,2793.00073,617.2971,2782.65259,613.4214,2776.68677,611.187,2224.13,585.3827,2221.91748,585.4961,2230.537,585.0536,2235.52026,584.798
User_01/Grid_15/HP_046/09.png,HP_046,-11.3135,-20.3894,-2.389,10.1184,-3.9133,42.7951,-11.0,0.0,0.0,2762.24683,616.23,2759.4436,617.209,2770.36841,613.3937,2776.68677,611.187,2198.27979,585.3788,2191.07666,585.490967,2219.196,585.0526,2235.52026,584.798
User_01/Grid_15/HP_046/10.png,HP_046,-11.3135,-20.3894,-2.389,10.1184,-3.9133,42.7951,-11.0,5.5,0.0,2763.27,629.612549,2760.66846,633.1852,2770.8125,619.2545,2776.68677,611.187,2199.14014,597.9967,2192.111,600.547,2219.565,590.5867,2235.52026,584.798
User_01/Grid_15/HP_046/11.png,HP_046,-11.3135,-20.3894,-2.389,10.1184,-3.9133,42.7951,0.0,5.5,0.0,2790.42285,631.12915,2793.09351,635.0067,2782.693,619.9071,2776.68677,611.187,2224.1416,599.2368,2221.93481,602.037354,2230.53882,591.119141,2235.52026,584.798
User_01/Grid_15/HP_046/12.png,HP_046,-11.3135,-20.3894,-2.389,10.1184,-3.9133,42.7951,11.0,5.5,0.0,2820.97217,631.426,2829.581,635.3601,2796.054,620.0381,2776.68677,611.187,2251.77661,599.3225,2254.93213,602.1421,2242.634,591.154053,2235.52026,584.798
User_01/Grid_15/HP_046/13.png,HP_046,-11.3135,-20.3894,-2.389,10.1184,-3.9133,42.7951,11.0,11.0,0.0,2819.07764,644.520264,2827.29761,650.984,2795.24683,625.7814,2776.68677,611.187,2250.23926,611.6958,2253.09058,616.906738,2241.96753,596.5801,2235.52026,584.798
User_01/Grid_15/HP_046/14.png,HP_046,-11.3135,-20.3894,-2.389,10.1184,-3.9133,42.7951,0.0,11.0,0.0,2790.49072,644.1439,2793.1687,650.537231,2782.72925,625.613647,2776.68677,611.187,2224.15723,611.5194,2221.95752,616.6915,2230.541,596.507568,2235.52026,584.798
User_01/Grid_15/HP_046/15.png,HP_046,-11.3135,-20.3894,-2.389,10.1184,-3.9133,42.7951,-11.0,11.0,0.0,2764.675,641.6627,2762.35,647.561646,2771.42358,624.5416,2776.68677,611.187,2200.37769,609.3815,2193.59839,614.124,2220.09644,595.587646,2235.52026,584.798
User_01/Grid_15/HP_047/01.png,HP_047,-7.9604,-23.4651,0.93688,16.7029,0.32455,42.7411,11.0,-11.0,0.0,3342.2832,905.8773,3351.214,900.760254,3316.46924,920.6671,3296.44556,932.1394,2740.697,895.072754,2743.909,889.823,2731.3938,910.2782,2724.15723,922.105835
User_01/Grid_15/HP_047/02.png,HP_047,-7.9604,-23.4651,0.93688,16.7029,0.32455,42.7411,0.0,-11.0,0.0,3311.1626,908.052734,3314.02466,903.368164,3302.88,921.6084,3296.44556,932.1394,2712.57129,896.5261,2710.32764,891.572144,2719.08179,910.899658,2724.15723,922.105835
User_01/Grid_15/HP_047/03.png,HP_047,-7.9604,-23.4651,0.93688,16.7029,0.32455,42.7411,-11.0,-11.0,0.0,3285.81128,911.7363,3283.75122,907.7833,3291.7876,923.202759,3296.44556,932.1394,2689.29248,899.6725,2682.57275,895.3489,2708.849,912.255859,2724.15723,922.105835
User_01/Grid_15/HP_047/04.png,HP_047,-7.9604,-23.4651,0.93688,16.7029,0.32455,42.7411,-11.0,-5.5,0.0,3285.412,924.0935,3283.27368,922.5338,3291.61377,928.615967,3296.44556,932.1394,2688.80664,911.0879,2681.989,908.963,2708.64014,917.2694,2724.15723,922.105835
User_01/Grid_15/HP_047/05.png,HP_047,-7.9604,-23.4651,0.93688,16.7029,0.32455,42.7411,0.0,-5.5,0.0,3311.20654,922.0957,3314.07935,920.141,3302.897,927.749634,3296.44556,932.1394,2712.56738,909.462646,2710.3208,907.011963,2719.082,916.5692,2724.15723,922.105835
User_01/Grid_15/HP_047/06.png,HP_047,-7.9604,-23.4651,0.93688,16.7029,0.32455,42.7411,11.0,-5.5,0.0,3343.233,920.8661,3352.35767,918.6676,3316.87524,927.2169,3296.44556,932.1394,2741.49438,908.749,2744.8645,906.152466,2731.739,916.264648,2724.15723,922.105835
User_01/Grid_15/HP_047/07.png,HP_047,-7.9604,-23.4651,0.93688,16.7029,0.32455,42.7411,11.0,0.0,0.0,3343.30151,936.750854,3352.43823,937.650146,3316.90625,934.1532,3296.44556,932.1394,2741.57861,923.2252,2744.96533,923.442749,2731.77563,922.595337,2724.15723,922.105835
User_01/Grid_15/HP_047/08.png,HP_047,-7.9604,-23.4651,0.93688,16.7029,0.32455,42.7411,0.0,0.0,0.0,3311.24487,936.8301,3314.12524,937.7428,3302.914,934.1897,3296.44556,932.1394,2712.56787,923.097046,2710.32129,923.2892,2719.08252,922.5399,2724.15723,922.105835
User_01/Grid_15/HP_047/09.png,HP_047,-7.9604,-23.4651,0.93688,16.7029,0.32455,42.7411,-11.0,0.0,0.0,3285.45215,936.884033,3283.32129,937.803467,3291.63062,934.2174,3296.44556,932.1394,2688.75317,922.987549,2681.925,923.1576,2708.617,922.4929,2724.15723,922.105835
User_01/Grid_15/HP_047/10.png,HP_047,-7.9604,-23.4651,0.93688,16.7029,0.32455,42.7411,-11.0,5.5,0.0,3285.93555,949.443359,3283.90039,952.7948,3291.84131,939.7201,3296.44556,932.1394,2689.14233,934.7217,2682.39233,937.153564,2708.784,927.6448,2724.15723,922.105835
User_01/Grid_15/HP_047/11.png,HP_047,-7.9604,-23.4651,0.93688,16.7029,0.32455,42.7411,0.0,5.5,0.0,3311.27661,951.2278,3314.15967,954.938965,3302.931,940.4867,3296.44556,932.1394,2712.57251,936.488037,2710.32861,939.274048,2719.08276,928.4059,2724.15723,922.105835
User_01/Grid_15/HP_047/12.png,HP_047,-7.9604,-23.4651,0.93688,16.7029,0.32455,42.7411,11.0,5.5,0.0,3342.4624,952.213257,3351.42529,956.123047,3316.55078,940.910156,3296.44556,932.1394,2740.92871,937.412964,2744.186,940.3862,2731.49463,928.8025,2724.15723,922.105835
User_01/Grid_15/HP_047/13.png,HP_047,-7.9604,-23.4651,0.93688,16.7029,0.32455,42.7411,11.0,11.0,0.0,3340.90112,966.0956,3349.54248,972.6958,3315.88745,946.9896,3296.44556,932.1394,2739.67725,950.3374,2742.68652,955.8119,2730.95239,934.466431,2724.15723,922.105835
User_01/Grid_15/HP_047/14.png,HP_047,-7.9604,-23.4651,0.93688,16.7029,0.32455,42.7411,0.0,11.0,0.0,3311.30078,964.368042,3314.18433,970.623535,3302.94629,946.2435,3296.44556,932.1394,2712.581,948.783447,2710.3418,953.9437,2719.083,933.7997,2724.15723,922.105835
User_01/Grid_15/HP_047/15.png,HP_047,-7.9604,-23.4651,0.93688,16.7029,0.32455,42.7411,-11.0,11.0,0.0,3286.80347,961.161133,3284.93823,966.7755,3292.21924,944.8602,3296.44556,932.1394,2689.914,945.6903,2683.31958,950.231934,2709.116,932.465454,2724.15723,922.105835
User_01/Grid_15/HP_048/01.png,HP_048,-2.7642,-26.978,2.899,14.833,3.629,46.8828,11.0,-11.0,0.0,2963.80225,1116.74792,2970.85278,1112.91333,2943.354,1127.86877,2927.422,1136.53369,2462.487,1122.77917,2464.68115,1118.884,2456.11279,1134.09448,2451.1355,1142.93066
User_01/Grid_15/HP_048/02.png,HP_048,-2.7642,-26.978,2.899,14.833,3.629,46.8828,0.0,-11.0,0.0,2939.93262,1117.58582,2942.3562,1113.91528,2932.902,1128.23389,2927.422,1136.53369,2441.23,1123.32629,2439.318,1119.54248,2446.789,1134.32849,2451.1355,1142.93066
User_01/Grid_15/HP_048/03.png,HP_048,-2.7642,-26.978,2.899,14.833,3.629,46.8828,-11.0,-11.0,0.0,2919.00562,1119.72937,2917.379,1116.48193,2923.731,1129.16443,2927.422,1136.53369,2422.4624,1125.097,2416.946,1121.66614,2438.535,1135.09363,2451.1355,1142.93066
User_01/Grid_15/HP_048/04.png,HP_048,-2.7642,-26.978,2.899,14.833,3.629,46.8828,-11.0,-5.5,0.0,2918.60181,1129.75879,2916.89624,1128.44873,2923.55518,1133.56348,2927.422,1136.53369,2421.995,1134.34375,2416.38525,1132.69067,2438.3335,1139.1582,2451.1355,1142.93066
User_01/Grid_15/HP_048/05.png,HP_048,-2.7642,-26.978,2.899,14.833,3.629,46.8828,0.0,-5.5,0.0,2940.01245,1128.5675,2942.45313,1127.02307,2932.93481,1133.04553,2927.422,1136.53369,2441.23779,1133.432,2439.32568,1131.597,2446.79443,1138.7644,2451.1355,1142.93066
User_01/Grid_15/HP_048/06.png,HP_048,-2.7642,-26.978,2.899,14.833,3.629,46.8828,11.0,-5.5,0.0,2964.64282,1128.06592,2971.863,1126.42334,2943.71533,1132.8269,2927.422,1136.53369,2463.1543,1133.18848,2465.47949,1131.30359,2456.403,1138.66077,2451.1355,1142.93066
User_01/Grid_15/HP_048/07.png,HP_048,-2.7642,-26.978,2.899,14.833,3.629,46.8828,11.0,0.0,0.0,2964.98438,1140.12708,2972.27271,1140.82434,2943.863,1138.10645,2927.422,1136.53369,2463.42969,1144.25757,2465.80957,1144.5144,2456.523,1143.51208,2451.1355,1142.93066
User_01/Grid_15/HP_048/08.png,HP_048,-2.7642,-26.978,2.899,14.833,3.629,46.8828,0.0,0.0,0.0,2940.08643,1140.20044,2942.54248,1140.9115,2932.9668,1138.13916,2927.422,1136.53369,2441.25,1144.15747,2439.33984,1144.39465,2446.80029,1143.46863,2451.1355,1142.93066
User_01/Grid_15/HP_048/09.png,HP_048,-2.7642,-26.978,2.899,14.833,3.629,46.8828,-11.0,0.0,0.0,2918.51,1140.25525,2916.78638,1140.975,2923.51514,1138.16516,2927.422,1136.53369,2421.819,1144.06787,2416.17383,1144.28674,2438.25757,1143.43018,2451.1355,1142.93066
User_01/Grid_15/HP_048/10.png,HP_048,-2.7642,-26.978,2.899,14.833,3.629,46.8828,-11.0,5.5,0.0,2918.75342,1150.73682,2917.07739,1153.48267,2923.621,1142.76111,2927.422,1136.53369,2421.961,1153.82153,2416.34424,1155.91846,2438.3186,1147.71509,2451.1355,1142.93066
User_01/Grid_15/HP_048/11.png,HP_048,-2.7642,-26.978,2.899,14.833,3.629,46.8828,0.0,5.5,0.0,2940.15283,1151.81982,2942.62061,1154.78271,2932.997,1143.22766,2927.422,1136.53369,2441.26636,1154.92236,2439.35938,1157.239,2446.807,1148.19019,2451.1355,1142.93066
User_01/Grid_15/HP_048/12.png,HP_048,-2.7642,-26.978,2.899,14.833,3.629,46.8828,11.0,5.5,0.0,2964.76587,1152.17163,2972.00854,1155.20435,2943.77124,1143.37988,2927.422,1136.53369,2463.268,1155.36621,2465.61572,1157.77222,2456.45313,1148.38086,2451.1355,1142.93066
User_01/Grid_15/HP_048/13.png,HP_048,-2.7642,-26.978,2.899,14.833,3.629,46.8828,11.0,11.0,0.0,2964.03345,1163.43054,2971.12573,1168.64087,2943.45923,1148.31543,2927.422,1136.53369,2462.69629,1165.87646,2464.93115,1170.31213,2456.20459,1152.9917,2451.1355,1142.93066
User_01/Grid_15/HP_048/14.png,HP_048,-2.7642,-26.978,2.899,14.833,3.629,46.8828,0.0,11.0,0.0,2940.20972,1162.75317,2942.68579,1167.83008,2933.02466,1148.021,2927.422,1136.53369,2441.28564,1165.12976,2439.38452,1169.41479,2446.81372,1152.671,2451.1355,1142.93066
User_01/Grid_15/HP_048/15.png,HP_048,-2.7642,-26.978,2.899,14.833,3.629,46.8828,-11.0,11.0,0.0,2919.30981,1160.71753,2917.74268,1165.38928,2923.86377,1147.141,2927.422,1136.53369,2422.40381,1163.147,2416.87622,1167.03662,2438.50952,1151.8147,2451.1355,1142.93066
User_01/Grid_15/HP_049/01.png,HP_049,5.8352,-21.7347,-4.311,11.8568,6.219,44.3589,11.0,-11.0,0.0,2900.34131,1195.82275,2907.989,1191.68811,2878.18481,1207.801,2860.94482,1217.12134,2364.825,1168.89746,2367.41333,1164.26636,2357.31445,1182.33569,2351.45825,1192.81372
User_01/Grid_15/HP_049/02.png,HP_049,5.8352,-21.7347,-4.311,11.8568,6.219,44.3589,0.0,-11.0,0.0,2873.92651,1196.28723,2876.446,1192.2439,2866.62646,1208.0033,2860.94482,1217.12134,2340.84619,1169.50586,2338.79346,1164.998,2346.80615,1182.59619,2351.45825,1192.81372
User_01/Grid_15/HP_049/03.png,HP_049,5.8352,-21.7347,-4.311,11.8568,6.219,44.3589,-11.0,-11.0,0.0,2850.63037,1198.48022,2848.63354,1194.87183,2856.42529,1208.95313,2860.94482,1217.12134,2319.4375,1171.73193,2313.26587,1167.6687,2337.39844,1183.55713,2351.45825,1192.81372
User_01/Grid_15/HP_049/04.png,HP_049,5.8352,-21.7347,-4.311,11.8568,6.219,44.3589,-11.0,-5.5,0.0,2850.028,1209.68579,2847.913,1208.24536,2856.163,1213.86438,2860.94482,1217.12134,2318.76074,1182.17957,2312.453,1180.128,2337.10767,1188.14648,2351.45825,1192.81372
User_01/Grid_15/HP_049/05.png,HP_049,5.8352,-21.7347,-4.311,11.8568,6.219,44.3589,0.0,-5.5,0.0,2873.9978,1208.565,2876.53369,1206.90259,2866.65479,1213.37866,2860.94482,1217.12134,2340.84229,1180.89856,2338.78662,1178.59131,2346.80713,1187.59351,2351.45825,1192.81372
User_01/Grid_15/HP_049/06.png,HP_049,5.8352,-21.7347,-4.311,11.8568,6.219,44.3589,11.0,-5.5,0.0,2901.4458,1208.40833,2909.317,1206.715,2878.6582,1213.31055,2860.94482,1217.12134,2365.7334,1180.50562,2368.501,1178.11914,2357.7085,1187.42456,2351.45825,1192.81372
User_01/Grid_15/HP_049/07.png,HP_049,5.8352,-21.7347,-4.311,11.8568,6.219,44.3589,11.0,0.0,0.0,2901.95166,1222.00439,2909.92456,1222.95361,2878.87646,1219.25659,2860.94482,1217.12134,2366.159,1193.03247,2369.01074,1193.075,2357.893,1192.90942,2351.45825,1192.81372
User_01/Grid_15/HP_049/08.png,HP_049,5.8352,-21.7347,-4.311,11.8568,6.219,44.3589,0.0,0.0,0.0,2874.06567,1221.75647,2876.616,1222.65735,2866.68359,1219.14856,2860.94482,1217.12134,2340.84253,1193.17578,2338.786,1193.24585,2346.80859,1192.97241,2351.45825,1192.81372
User_01/Grid_15/HP_049/09.png,HP_049,5.8352,-21.7347,-4.311,11.8568,6.219,44.3589,-11.0,0.0,0.0,2849.81177,1221.54834,2847.6543,1222.40625,2856.069,1219.0603,2860.94482,1217.12134,2318.45557,1193.30444,2312.08618,1193.39917,2336.97656,1193.029,2351.45825,1192.81372
User_01/Grid_15/HP_049/10.png,HP_049,5.8352,-21.7347,-4.311,11.8568,6.219,44.3589,-11.0,5.5,0.0,2850.02637,1233.4646,2847.91113,1236.63062,2856.16235,1224.28027,2860.94482,1217.12134,2318.57129,1204.52734,2312.225,1206.78748,2337.026,1197.9541,2351.45825,1192.81372
User_01/Grid_15/HP_049/11.png,HP_049,5.8352,-21.7347,-4.311,11.8568,6.219,44.3589,0.0,5.5,0.0,2874.12817,1235.02393,2876.68945,1238.502,2866.712,1224.95264,2860.94482,1217.12134,2340.847,1205.5885,2338.7915,1208.063,2346.80981,1198.40967,2351.45825,1192.81372
User_01/Grid_15/HP_049/12.png,HP_049,5.8352,-21.7347,-4.311,11.8568,6.219,44.3589,11.0,5.5,0.0,2901.75342,1235.66943,2909.68359,1239.27393,2878.7937,1225.234,2860.94482,1217.12134,2366.023,1205.70581,2368.848,1208.20654,2357.83423,1198.45752,2351.45825,1192.81372
User_01/Grid_15/HP_049/13.png,HP_049,5.8352,-21.7347,-4.311,11.8568,6.219,44.3589,11.0,11.0,0.0,2900.8938,1248.40771,2908.647,1254.47974,2878.42871,1230.814,2860.94482,1217.12134,2365.35083,1217.69946,2368.04272,1222.52173,2357.54272,1203.71289,2351.45825,1192.81372
User_01/Grid_15/HP_049/14.png,HP_049,5.8352,-21.7347,-4.311,11.8568,6.219,44.3589,0.0,11.0,0.0,2874.18262,1247.48193,2876.75171,1253.37329,2866.73877,1230.40955,2860.94482,1217.12134,2340.85522,1217.3374,2338.80347,1222.08337,2346.81177,1203.561,2351.45825,1192.81372
User_01/Grid_15/HP_049/15.png,HP_049,5.8352,-21.7347,-4.311,11.8568,6.219,44.3589,-11.0,11.0,0.0,2850.65161,1244.80383,2848.65918,1250.16187,2856.43433,1229.2522,2860.94482,1217.12134,2319.09058,1215.23633,2312.84937,1219.55981,2337.249,1202.6571,2351.45825,1192.81372
User_01/Grid_15/HP_050/01.png,HP_050,6.6543,-18.2592,3.3927,11.4633,10.9458,47.0452,11.0,-11.0,0.0,2797.03735,1540.09106,2803.658,1536.558,2777.80884,1550.35229,2762.79834,1558.36243,2300.58057,1557.52979,2302.60718,1553.88379,2294.68872,1568.12952,2290.08276,1576.41577
User_01/Grid_15/HP_050/02.png,HP_050,6.6543,-18.2592,3.3927,11.4633,10.9458,47.0452,0.0,-11.0,0.0,2775.15356,1540.48,2777.543,1537.02173,2768.2146,1550.523,2762.79834,1558.36243,2280.27246,1557.75464,2278.38037,1554.15552,2285.77661,1568.22461,2290.08276,1576.41577
User_01/Grid_15/HP_050/03.png,HP_050,6.6543,-18.2592,3.3927,11.4633,10.9458,47.0452,-11.0,-11.0,0.0,2755.2312,1542.1012,2753.77051,1538.96191,2759.47827,1551.228,2762.79834,1558.36243,2261.74023,1559.1582,2256.28857,1555.83862,2277.62646,1568.83118,2290.08276,1576.41577
User_01/Grid_15/HP_050/04.png,HP_050,6.6543,-18.2592,3.3927,11.4633,10.9458,47.0452,-11.0,-5.5,0.0,2754.50854,1551.55786,2752.90649,1550.2428,2759.163,1555.37842,2762.79834,1558.36243,2260.979,1568.08618,2255.37451,1566.48218,2277.29834,1572.75684,2290.08276,1576.41577
User_01/Grid_15/HP_050/05.png,HP_050,6.6543,-18.2592,3.3927,11.4633,10.9458,47.0452,0.0,-5.5,0.0,2775.195,1550.61279,2777.5957,1549.112,2768.22974,1554.96716,2762.79834,1558.36243,2280.27344,1567.32886,2278.37939,1565.574,2285.77979,1572.42969,2290.08276,1576.41577
User_01/Grid_15/HP_050/06.png,HP_050,6.6543,-18.2592,3.3927,11.4633,10.9458,47.0452,11.0,-5.5,0.0,2798.15186,1550.35449,2804.9978,1548.80383,2778.28735,1554.854,2762.79834,1558.36243,2301.55176,1567.24561,2303.769,1565.4729,2295.11157,1572.395,2290.08276,1576.41577
User_01/Grid_15/HP_050/07.png,HP_050,6.6543,-18.2592,3.3927,11.4633,10.9458,47.0452,11.0,0.0,0.0,2798.92651,1561.67664,2805.92871,1562.31909,2778.62,1559.81372,2762.79834,1558.36243,2302.24023,1577.93384,2304.59277,1578.22754,2295.411,1577.081,2290.08276,1576.41577
User_01/Grid_15/HP_050/08.png,HP_050,6.6543,-18.2592,3.3927,11.4633,10.9458,47.0452,0.0,0.0,0.0,2775.23486,1561.72729,2777.645,1562.37939,2768.24487,1559.836,2762.79834,1558.36243,2280.27734,1577.85461,2278.38184,1578.13269,2285.78345,1577.04663,2290.08276,1576.41577
User_01/Grid_15/HP_050/09.png,HP_050,6.6543,-18.2592,3.3927,11.4633,10.9458,47.0452,-11.0,0.0,0.0,2754.037,1561.76611,2752.34277,1562.42419,2758.95752,1559.85461,2762.79834,1558.36243,2260.45532,1577.78,2254.746,1578.043,2277.07251,1577.01477,2290.08276,1576.41577
User_01/Grid_15/HP_050/10.png,HP_050,6.6543,-18.2592,3.3927,11.4633,10.9458,47.0452,-11.0,5.5,0.0,2753.88232,1572.31531,2752.15771,1575.01392,2758.89,1564.47876,2762.79834,1558.36243,2260.24,1587.85083,2254.48755,1590.05481,2276.97974,1581.4364,2290.08276,1576.41577
User_01/Grid_15/HP_050/11.png,HP_050,6.6543,-18.2592,3.3927,11.4633,10.9458,47.0452,0.0,5.5,0.0,2775.27075,1573.29846,2777.68872,1576.19385,2768.25977,1564.90271,2762.79834,1558.36243,2280.28442,1588.86,2278.38965,1591.2666,2285.787,1581.87122,2290.08276,1576.41577
User_01/Grid_15/HP_050/12.png,HP_050,6.6543,-18.2592,3.3927,11.4633,10.9458,47.0452,11.0,5.5,0.0,2799.235,1573.49219,2806.299,1576.42542,2778.75317,1564.9873,2762.79834,1558.36243,2302.54419,1589.11328,2304.95654,1591.57129,2295.543,1581.97949,2290.08276,1576.41577
User_01/Grid_15/HP_050/13.png,HP_050,6.6543,-18.2592,3.3927,11.4633,10.9458,47.0452,11.0,11.0,0.0,2799.02148,1585.05859,2806.041,1590.23193,2778.6626,1570.05444,2762.79834,1558.36243,2302.4126,1600.14941,2304.79858,1604.74292,2295.48584,1586.81641,2290.08276,1576.41577
User_01/Grid_15/HP_050/14.png,HP_050,6.6543,-18.2592,3.3927,11.4633,10.9458,47.0452,0.0,11.0,0.0,2775.30176,1584.649,2777.72461,1589.74316,2768.27417,1569.875,2762.79834,1558.36243,2280.29468,1599.72266,2278.402,1604.22876,2285.79126,1586.63452,2290.08276,1576.41577
User_01/Grid_15/HP_050/15.png,HP_050,6.6543,-18.2592,3.3927,11.4633,10.9458,47.0452,-11.0,11.0,0.0,2754.07178,1582.70081,2752.38428,1587.40674,2758.97241,1569.03284,2762.79834,1558.36243,2260.36719,1597.80408,2254.64063,1601.9259,2277.03442,1585.8075,2290.08276,1576.41577
User_01/Grid_15/HP_051/01.png,HP_051,-11.1646,14.4856,-6.5764,-12.6382,-4.813,48.4112,11.0,-11.0,0.0,1449.27576,640.7816,1455.14514,637.921143,1432.18457,649.1107,1418.79614,655.6356,949.546,588.1344,951.3912,584.2151,944.184143,599.524536,939.9947,608.4238
User_01/Grid_15/HP_051/02.png,HP_051,-11.1646,14.4856,-6.5764,-12.6382,-4.813,48.4112,0.0,-11.0,0.0,1429.64087,638.7599,1431.73682,635.498535,1423.55188,648.2352,1418.79614,655.6356,929.1343,585.914063,927.030945,581.5547,935.2368,598.5626,939.9947,608.4238
User_01/Grid_15/HP_051/03.png,HP_051,-11.1646,14.4856,-6.5764,-12.6382,-4.813,48.4112,-11.0,-11.0,0.0,1407.27222,638.1179,1405.04163,634.727051,1413.74634,647.959351,1418.79614,655.6356,905.723633,584.9794,899.082153,580.436035,924.985535,598.1561,939.9947,608.4238
User_01/Grid_15/HP_051/04.png,HP_051,-11.1646,14.4856,-6.5764,-12.6382,-4.813,48.4112,-11.0,-5.5,0.0,1407.20422,649.1975,1404.96033,647.951538,1413.71655,652.814453,1418.79614,655.6356,905.549,596.57666,898.8723,594.2804,924.9107,603.235962,939.9947,608.4238
User_01/Grid_15/HP_051/05.png,HP_051,-11.1646,14.4856,-6.5764,-12.6382,-4.813,48.4112,0.0,-5.5,0.0,1429.66455,649.508057,1431.765,648.323853,1423.56213,652.9485,1418.79614,655.6356,929.1323,597.0991,927.0282,594.9055,935.2363,603.463,939.9947,608.4238
User_01/Grid_15/HP_051/06.png,HP_051,-11.1646,14.4856,-6.5764,-12.6382,-4.813,48.4112,11.0,-5.5,0.0,1449.35986,650.5189,1455.24536,649.533569,1432.22192,653.387939,1418.79614,655.6356,949.6433,598.265869,951.507446,596.303467,944.2265,603.9686,939.9947,608.4238
User_01/Grid_15/HP_051/07.png,HP_051,-11.1646,14.4856,-6.5764,-12.6382,-4.813,48.4112,11.0,0.0,0.0,1449.12256,660.3181,1454.95935,661.219238,1432.12048,657.6929,1418.79614,655.6356,949.427246,608.4961,951.249146,608.510132,944.1323,608.455566,939.9947,608.4238
User_01/Grid_15/HP_051/08.png,HP_051,-11.1646,14.4856,-6.5764,-12.6382,-4.813,48.4112,0.0,0.0,0.0,1429.68457,660.3446,1431.7876,661.25415,1423.57239,657.7012,1418.79614,655.6356,929.133362,608.428345,927.0304,608.4293,935.2359,608.4259,939.9947,608.4238
User_01/Grid_15/HP_051/09.png,HP_051,-11.1646,14.4856,-6.5764,-12.6382,-4.813,48.4112,-11.0,0.0,0.0,1407.57568,660.3688,1405.405,661.284546,1413.87793,657.7102,1418.79614,655.6356,905.87915,608.3478,899.2693,608.3331,925.052,608.3905,939.9947,608.4238
User_01/Grid_15/HP_051/10.png,HP_051,-11.1646,14.4856,-6.5764,-12.6382,-4.813,48.4112,-11.0,5.5,0.0,1408.33569,670.993652,1406.31458,673.96106,1414.2085,662.371338,1418.79614,655.6356,906.6555,619.570435,900.203247,621.7278,925.38446,613.3085,939.9947,608.4238
User_01/Grid_15/HP_051/11.png,HP_051,-11.1646,14.4856,-6.5764,-12.6382,-4.813,48.4112,0.0,5.5,0.0,1429.70081,670.668457,1431.80444,673.5687,1423.582,662.2333,1418.79614,655.6356,929.1373,619.2715,927.037231,621.37,935.235535,613.178833,939.9947,608.4238
User_01/Grid_15/HP_051/12.png,HP_051,-11.1646,14.4856,-6.5764,-12.6382,-4.813,48.4112,11.0,5.5,0.0,1448.594,669.7178,1454.324,672.4259,1431.89392,661.825439,1418.79614,655.6356,948.9254,618.365967,950.6488,620.2844,943.9135,612.7866,939.9947,608.4238
User_01/Grid_15/HP_051/13.png,HP_051,-11.1646,14.4856,-6.5764,-12.6382,-4.813,48.4112,11.0,11.0,0.0,1447.83923,678.3522,1453.41748,682.7152,1431.56934,665.626343,1418.79614,655.6356,948.1969,627.5033,949.778137,631.1815,943.5957,616.8004,939.9947,608.4238
User_01/Grid_15/HP_051/14.png,HP_051,-11.1646,14.4856,-6.5764,-12.6382,-4.813,48.4112,0.0,11.0,0.0,1429.71338,680.0206,1431.81616,684.7179,1423.591,666.345459,1418.79614,655.6356,929.1433,629.143066,927.0473,633.145264,935.2351,617.511841,939.9947,608.4238
User_01/Grid_15/HP_051/15.png,HP_051,-11.1646,14.4856,-6.5764,-12.6382,-4.813,48.4112,-11.0,11.0,0.0,1409.38049,680.5886,1407.56421,685.401855,1414.66345,666.5879,1418.79614,655.6356,907.754761,629.7024,901.5247,633.814453,925.8561,617.7554,939.9947,608.4238
User_01/Grid_15/HP_052/01.png,HP_052,0.11739,19.5685,-2.9038,-16.6003,1.6139,48.9322,11.0,-11.0,0.0,1244.25281,958.8257,1249.66077,956.259644,1228.48352,966.308,1216.10754,972.1802,751.0454,925.7567,752.530151,922.2522,746.7254,935.953247,743.345032,943.9319
User_01/Grid_15/HP_052/02.png,HP_052,0.11739,19.5685,-2.9038,-16.6003,1.6139,48.9322,0.0,-11.0,0.0,1226.83582,956.8218,1228.904,953.8606,1220.81726,965.4376,1216.10754,972.1802,732.5227,923.774536,730.4306,919.8779,738.599731,935.0935,743.345032,943.9319
User_01/Grid_15/HP_052/03.png,HP_052,0.11739,19.5685,-2.9038,-16.6003,1.6139,48.9322,-11.0,-11.0,0.0,1206.53064,955.769531,1204.68042,952.5991,1211.90723,964.982666,1216.10754,972.1802,710.870361,922.71875,704.585632,918.6134,729.1133,934.6354,743.345032,943.9319
User_01/Grid_15/HP_052/04.png,HP_052,0.11739,19.5685,-2.9038,-16.6003,1.6139,48.9322,-11.0,-5.5,0.0,1206.15991,965.7279,1204.237,964.4807,1211.74561,969.350952,1216.10754,972.1802,710.377136,933.2533,703.992554,931.1853,728.902039,939.253662,743.345032,943.9319
User_01/Grid_15/HP_052/05.png,HP_052,0.11739,19.5685,-2.9038,-16.6003,1.6139,48.9322,0.0,-5.5,0.0,1226.84741,966.3258,1228.919,965.196533,1220.82166,969.6106,1216.10754,972.1802,732.517334,933.799438,730.422852,931.8396,738.5986,939.4905,743.345032,943.9319
User_01/Grid_15/HP_052/06.png,HP_052,0.11739,19.5685,-2.9038,-16.6003,1.6139,48.9322,11.0,-5.5,0.0,1244.5072,967.4153,1249.96558,966.4995,1228.594,970.0852,1216.10754,972.1802,751.3291,934.8297,752.869263,933.073853,746.849243,939.9369,743.345032,943.9319
User_01/Grid_15/HP_052/07.png,HP_052,0.11739,19.5685,-2.9038,-16.6003,1.6139,48.9322,11.0,0.0,0.0,1244.51135,976.247559,1249.96973,977.0292,1228.59631,973.9686,1216.10754,972.1802,751.3615,944.1903,752.907959,944.2401,746.8634,944.0453,743.345032,943.9319
User_01/Grid_15/HP_052/08.png,HP_052,0.11739,19.5685,-2.9038,-16.6003,1.6139,48.9322,0.0,0.0,0.0,1226.85681,976.1653,1228.92993,976.93396,1220.82593,973.929443,1216.10754,972.1802,732.514465,944.227661,730.4196,944.2849,738.597534,944.0615,743.345032,943.9319
User_01/Grid_15/HP_052/09.png,HP_052,0.11739,19.5685,-2.9038,-16.6003,1.6139,48.9322,-11.0,0.0,0.0,1206.16,976.068848,1204.2373,976.8203,1211.74548,973.8855,1216.10754,972.1802,710.3129,944.2732,703.9155,944.339355,728.8742,944.081543,743.345032,943.9319
User_01/Grid_15/HP_052/10.png,HP_052,0.11739,19.5685,-2.9038,-16.6003,1.6139,48.9322,-11.0,5.5,0.0,1206.53784,986.22876,1204.68945,988.942,1211.90991,978.342651,1216.10754,972.1802,710.6892,955.1356,704.368164,957.3042,729.035339,948.841431,743.345032,943.9319
User_01/Grid_15/HP_052/11.png,HP_052,0.11739,19.5685,-2.9038,-16.6003,1.6139,48.9322,0.0,5.5,0.0,1226.8634,985.8395,1228.93652,988.4723,1220.8302,978.1776,1216.10754,972.1802,732.5147,954.525146,730.420654,956.573242,738.596558,948.5763,743.345032,943.9319
User_01/Grid_15/HP_052/12.png,HP_052,0.11739,19.5685,-2.9038,-16.6003,1.6139,48.9322,11.0,5.5,0.0,1244.26172,984.947754,1249.66968,987.400146,1228.48938,977.795166,1216.10754,972.1802,751.138245,953.457031,752.6409,955.294067,746.766,948.113159,743.345032,943.9319
User_01/Grid_15/HP_052/13.png,HP_052,0.11739,19.5685,-2.9038,-16.6003,1.6139,48.9322,11.0,11.0,0.0,1243.78638,993.1666,1249.09863,997.194336,1228.285,981.4132,1216.10754,972.1802,750.6846,962.2698,752.098938,965.8037,746.5678,951.984253,743.345032,943.9319
User_01/Grid_15/HP_052/14.png,HP_052,0.11739,19.5685,-2.9038,-16.6003,1.6139,48.9322,0.0,11.0,0.0,1226.86755,994.884766,1228.93921,999.2565,1220.83447,982.154053,1216.10754,972.1802,732.517334,964.194458,730.425537,968.1085,738.5957,952.8196,743.345032,943.9319
User_01/Grid_15/HP_052/15.png,HP_052,0.11739,19.5685,-2.9038,-16.6003,1.6139,48.9322,-11.0,11.0,0.0,1207.24207,995.6881,1205.53174,1000.223,1212.21655,982.4977,1216.10754,972.1802,711.444031,965.247559,705.2757,969.3689,729.3589,953.2771,743.345032,943.9319
User_01/Grid_15/HP_053/01.png,HP_053,-0.60352,23.5161,-3.8474,-13.2422,4.8246,50.528,11.0,-11.0,0.0,1535.95337,1192.15527,1541.01941,1189.70288,1521.18079,1199.30664,1509.587,1204.91907,1086.18665,1170.39868,1087.69678,1167.13269,1081.79211,1179.9032,1078.35229,1187.34277
User_01/Grid_15/HP_053/02.png,HP_053,-0.60352,23.5161,-3.8474,-13.2422,4.8246,50.528,0.0,-11.0,0.0,1519.66028,1190.85132,1521.60083,1188.14124,1514.011,1198.74072,1509.587,1204.91907,1068.36182,1168.893,1066.43262,1165.33032,1073.96948,1179.2489,1078.35229,1187.34277
User_01/Grid_15/HP_053/03.png,HP_053,-0.60352,23.5161,-3.8474,-13.2422,4.8246,50.528,-11.0,-11.0,0.0,1501.63135,1190.48816,1500.097,1187.705,1506.095,1198.58472,1509.587,1204.91907,1048.63916,1168.39282,1042.90051,1164.733,1065.31836,1179.03015,1078.35229,1187.34277
User_01/Grid_15/HP_053/04.png,HP_053,-0.60352,23.5161,-3.8474,-13.2422,4.8246,50.528,-11.0,-5.5,0.0,1501.12439,1199.34375,1499.49109,1198.26782,1505.87366,1202.47266,1509.587,1204.91907,1048.00549,1177.78345,1042.1394,1175.93567,1065.046,1183.15125,1078.35229,1187.34277
User_01/Grid_15/HP_053/05.png,HP_053,-0.60352,23.5161,-3.8474,-13.2422,4.8246,50.528,0.0,-5.5,0.0,1519.63379,1199.51611,1521.57056,1198.47449,1513.99792,1202.54688,1509.587,1204.91907,1068.34766,1178.10376,1066.41406,1176.31836,1073.965,1183.29126,1078.35229,1187.34277
User_01/Grid_15/HP_053/06.png,HP_053,-0.60352,23.5161,-3.8474,-13.2422,4.8246,50.528,11.0,-5.5,0.0,1536.29541,1200.19592,1541.42981,1199.288,1521.32861,1202.84265,1509.587,1204.91907,1086.60583,1178.95715,1088.19763,1177.33984,1081.975,1183.66211,1078.35229,1187.34277
User_01/Grid_15/HP_053/07.png,HP_053,-0.60352,23.5161,-3.8474,-13.2422,4.8246,50.528,11.0,0.0,0.0,1536.41382,1208.60547,1541.57166,1209.31421,1521.37976,1206.53955,1509.587,1204.91907,1086.79236,1187.94373,1088.42078,1188.05957,1082.05652,1187.60645,1078.35229,1187.34277
User_01/Grid_15/HP_053/08.png,HP_053,-0.60352,23.5161,-3.8474,-13.2422,4.8246,50.528,0.0,0.0,0.0,1519.60364,1208.64282,1521.53491,1209.36084,1513.98438,1206.55383,1509.587,1204.91907,1068.33752,1187.87329,1066.40161,1187.97583,1073.96143,1187.57532,1078.35229,1187.34277
User_01/Grid_15/HP_053/09.png,HP_053,-0.60352,23.5161,-3.8474,-13.2422,4.8246,50.528,-11.0,0.0,0.0,1500.89551,1208.68042,1499.21765,1209.40649,1505.77368,1206.56934,1509.587,1204.91907,1047.70935,1187.78857,1041.78333,1187.875,1064.9187,1187.53821,1078.35229,1187.34277
User_01/Grid_15/HP_053/10.png,HP_053,-0.60352,23.5161,-3.8474,-13.2422,4.8246,50.528,-11.0,5.5,0.0,1500.97754,1218.05664,1499.31616,1220.592,1505.80908,1210.684,1509.587,1204.91907,1047.79639,1197.8916,1041.888,1199.93115,1064.956,1191.96753,1078.35229,1187.34277
User_01/Grid_15/HP_053/11.png,HP_053,-0.60352,23.5161,-3.8474,-13.2422,4.8246,50.528,0.0,5.5,0.0,1519.57007,1217.80774,1521.49451,1220.29224,1513.97021,1210.57788,1509.587,1204.91907,1068.3324,1197.73,1066.39575,1199.73779,1073.95886,1191.89722,1078.35229,1187.34277
User_01/Grid_15/HP_053/12.png,HP_053,-0.60352,23.5161,-3.8474,-13.2422,4.8246,50.528,11.0,5.5,0.0,1536.2876,1217.041,1541.41992,1219.37109,1521.32556,1210.24829,1509.587,1204.91907,1086.7229,1196.99536,1088.33765,1198.85742,1082.02612,1191.57922,1078.35229,1187.34277
User_01/Grid_15/HP_053/13.png,HP_053,-0.60352,23.5161,-3.8474,-13.2422,4.8246,50.528,11.0,11.0,0.0,1535.9259,1225.14624,1540.98547,1229.03186,1521.16992,1213.81421,1509.587,1204.91907,1086.405,1205.73267,1087.95776,1209.27856,1081.88745,1195.41577,1078.35229,1187.34277
User_01/Grid_15/HP_053/14.png,HP_053,-0.60352,23.5161,-3.8474,-13.2422,4.8246,50.528,0.0,11.0,0.0,1519.5343,1226.56763,1521.45032,1230.73755,1513.956,1214.42749,1509.587,1204.91907,1068.33228,1207.17664,1066.39636,1211.0083,1073.9574,1196.042,1078.35229,1187.34277
User_01/Grid_15/HP_053/15.png,HP_053,-0.60352,23.5161,-3.8474,-13.2422,4.8246,50.528,-11.0,11.0,0.0,1501.35962,1227.01086,1499.773,1231.271,1505.97546,1214.6167,1509.587,1204.91907,1048.2522,1207.54419,1042.43616,1211.44763,1065.15173,1196.20227,1078.35229,1187.34277
User_01/Grid_15/HP_054/01.png,HP_054,7.2682,27.3848,6.2526,-19.3888,6.4734,50.3508,11.0,-11.0,0.0,1130.53308,1154.08716,1135.40149,1151.70386,1116.31555,1161.04663,1105.13574,1166.51953,664.1026,1174.78857,665.2653,1171.925,660.7156,1183.13037,658.061157,1189.66821
User_01/Grid_15/HP_054/02.png,HP_054,7.2682,27.3848,6.2526,-19.3888,6.4734,50.3508,0.0,-11.0,0.0,1115.65613,1152.32666,1117.679,1149.59766,1109.76038,1160.28064,1105.13574,1166.51953,647.7912,1173.24731,645.8101,1170.08008,653.5534,1182.46082,658.061157,1189.66821
User_01/Grid_15/HP_054/03.png,HP_054,7.2682,27.3848,6.2526,-19.3888,6.4734,50.3508,-11.0,-11.0,0.0,1098.25854,1151.18066,1096.93359,1148.22559,1102.11548,1159.7832,1105.13574,1166.51953,628.749756,1172.38428,623.089233,1169.04651,645.2029,1182.08618,658.061157,1189.66821
User_01/Grid_15/HP_054/04.png,HP_054,7.2682,27.3848,6.2526,-19.3888,6.4734,50.3508,-11.0,-5.5,0.0,1097.80957,1159.70984,1096.397,1158.397,1101.91931,1163.52991,1105.13574,1166.51953,628.1726,1181.54468,622.3961,1179.97473,644.9548,1186.106,658.061157,1189.66821
User_01/Grid_15/HP_054/05.png,HP_054,7.2682,27.3848,6.2526,-19.3888,6.4734,50.3508,0.0,-5.5,0.0,1115.65247,1160.42114,1117.67578,1159.2478,1109.75732,1163.83948,1105.13574,1166.51953,647.772766,1181.93665,645.786865,1180.44446,653.5467,1186.27576,658.061157,1189.66821
User_01/Grid_15/HP_054/06.png,HP_054,7.2682,27.3848,6.2526,-19.3888,6.4734,50.3508,11.0,-5.5,0.0,1130.81079,1161.44263,1135.73474,1160.469,1116.43591,1164.285,1105.13574,1166.51953,664.422363,1182.699,665.647,1181.35693,660.855469,1186.60669,658.061157,1189.66821
User_01/Grid_15/HP_054/07.png,HP_054,7.2682,27.3848,6.2526,-19.3888,6.4734,50.3508,11.0,0.0,0.0,1130.9104,1169.08081,1135.85376,1169.572,1116.479,1167.64673,1105.13574,1166.51953,664.5566,1190.94141,665.807434,1191.18677,660.914246,1190.22754,658.061157,1189.66821
User_01/Grid_15/HP_054/08.png,HP_054,7.2682,27.3848,6.2526,-19.3888,6.4734,50.3508,0.0,0.0,0.0,1115.64648,1168.89941,1117.669,1169.35742,1109.75439,1167.56519,1105.13574,1166.51953,647.7568,1191.08154,645.7671,1191.35449,653.5404,1190.28821,658.061157,1189.66821
User_01/Grid_15/HP_054/09.png,HP_054,7.2682,27.3848,6.2526,-19.3888,6.4734,50.3508,-11.0,0.0,0.0,1097.62427,1168.68848,1096.1759,1169.10669,1101.83838,1167.47168,1105.13574,1166.51953,627.9071,1191.25391,622.077148,1191.5603,644.8402,1190.3634,658.061157,1189.66821
User_01/Grid_15/HP_054/10.png,HP_054,7.2682,27.3848,6.2526,-19.3888,6.4734,50.3508,-11.0,5.5,0.0,1097.73035,1177.7019,1096.30261,1179.85791,1101.88452,1171.429,1105.13574,1166.51953,627.992249,1201.03088,622.180054,1203.22729,644.8765,1194.65039,658.061157,1189.66821
User_01/Grid_15/HP_054/11.png,HP_054,7.2682,27.3848,6.2526,-19.3888,6.4734,50.3508,0.0,5.5,0.0,1115.63831,1177.40112,1117.65881,1179.49463,1109.75122,1171.30151,1105.13574,1166.51953,647.7436,1200.28613,645.7518,1202.33594,653.5342,1194.3269,658.061157,1189.66821
User_01/Grid_15/HP_054/12.png,HP_054,7.2682,27.3848,6.2526,-19.3888,6.4734,50.3508,11.0,5.5,0.0,1130.8186,1176.729,1135.74341,1178.68677,1116.43958,1171.013,1105.13574,1166.51953,664.4895,1199.22864,665.7274,1201.06958,660.8849,1193.86768,658.061157,1189.66821
User_01/Grid_15/HP_054/13.png,HP_054,7.2682,27.3848,6.2526,-19.3888,6.4734,50.3508,11.0,11.0,0.0,1130.54285,1184.10925,1135.41248,1187.48059,1116.32092,1174.26306,1105.13574,1166.51953,664.227,1207.26184,665.413757,1210.64844,660.769958,1197.398,658.061157,1189.66821
User_01/Grid_15/HP_054/14.png,HP_054,7.2682,27.3848,6.2526,-19.3888,6.4734,50.3508,0.0,11.0,0.0,1115.62817,1185.55542,1117.64539,1189.21533,1109.74829,1174.8877,1105.13574,1166.51953,647.733643,1209.13672,645.7411,1212.893,653.528564,1198.2124,658.061157,1189.66821
User_01/Grid_15/HP_054/15.png,HP_054,7.2682,27.3848,6.2526,-19.3888,6.4734,50.3508,-11.0,11.0,0.0,1098.11462,1186.32178,1096.76184,1190.13672,1102.05225,1175.216,1105.13574,1166.51953,628.4151,1210.371,622.6885,1214.37012,645.0578,1198.7489,658.061157,1189.66821
User_01/Grid_15/HP_055/01.png,HP_055,13.6868,21.9119,5.48,-14.1191,13.0902,49.5807,11.0,-11.0,0.0,1413.51257,1544.83984,1418.4856,1542.35034,1398.999,1552.10571,1387.59521,1557.81482,952.9422,1570.094,954.2243,1567.18311,949.2074,1578.57227,946.2808,1585.21643
User_01/Grid_15/HP_055/02.png,HP_055,13.6868,21.9119,5.48,-14.1191,13.0902,49.5807,0.0,-11.0,0.0,1398.043,1543.37622,1400.05273,1540.59888,1392.18677,1551.46936,1387.59521,1557.81482,936.246765,1568.842,934.312,1565.68481,941.875854,1578.02808,946.2808,1585.21643
User_01/Grid_15/HP_055/03.png,HP_055,13.6868,21.9119,5.48,-14.1191,13.0902,49.5807,-11.0,-11.0,0.0,1380.73083,1542.68018,1379.40857,1539.76477,1384.58032,1551.16748,1387.59521,1557.81482,917.6188,1568.41943,912.0898,1565.17932,933.7007,1577.84424,946.2808,1585.21643
User_01/Grid_15/HP_055/04.png,HP_055,13.6868,21.9119,5.48,-14.1191,13.0902,49.5807,-11.0,-5.5,0.0,1380.01563,1551.02185,1378.55383,1549.71191,1384.268,1554.83289,1387.59521,1557.81482,916.752869,1577.23145,911.050049,1575.68933,933.3283,1581.71387,946.2808,1585.21643
User_01/Grid_15/HP_055/05.png,HP_055,13.6868,21.9119,5.48,-14.1191,13.0902,49.5807,0.0,-5.5,0.0,1398.04187,1551.48608,1400.05322,1550.26733,1392.1842,1555.03467,1387.59521,1557.81482,936.230957,1577.41772,934.2911,1575.91223,941.8713,1581.79468,946.2808,1585.21643
User_01/Grid_15/HP_055/06.png,HP_055,13.6868,21.9119,5.48,-14.1191,13.0902,49.5807,11.0,-5.5,0.0,1414.03088,1552.36829,1419.1073,1551.32251,1399.2229,1555.41919,1387.59521,1557.81482,953.513245,1578.0708,954.9067,1576.69421,949.457031,1582.07825,946.2808,1585.21643
User_01/Grid_15/HP_055/07.png,HP_055,13.6868,21.9119,5.48,-14.1191,13.0902,49.5807,11.0,0.0,0.0,1414.37756,1560.41919,1419.523,1560.91968,1399.37268,1558.96008,1387.59521,1557.81482,953.91095,1586.62708,955.3817,1586.89917,949.630737,1585.83582,946.2808,1585.21643
User_01/Grid_15/HP_055/08.png,HP_055,13.6868,21.9119,5.48,-14.1191,13.0902,49.5807,0.0,0.0,0.0,1398.03857,1560.26,1400.05078,1560.73132,1392.18115,1558.88867,1387.59521,1557.81482,936.2172,1586.74463,934.273132,1587.03992,941.8668,1585.88672,946.2808,1585.21643
User_01/Grid_15/HP_055/09.png,HP_055,13.6868,21.9119,5.48,-14.1191,13.0902,49.5807,-11.0,0.0,0.0,1379.515,1560.0824,1377.95569,1560.5199,1384.04944,1558.80981,1387.59521,1557.81482,916.130249,1586.8833,910.3019,1587.20544,933.0605,1585.94727,946.2808,1585.21643
User_01/Grid_15/HP_055/10.png,HP_055,13.6868,21.9119,5.48,-14.1191,13.0902,49.5807,-11.0,5.5,0.0,1379.29529,1569.50208,1377.69312,1571.758,1383.95349,1562.94275,1387.59521,1557.81482,915.8359,1596.97168,909.9485,1599.245,932.9339,1590.36987,946.2808,1585.21643
User_01/Grid_15/HP_055/11.png,HP_055,13.6868,21.9119,5.48,-14.1191,13.0902,49.5807,0.0,5.5,0.0,1398.03271,1569.36011,1400.04431,1571.58533,1392.1781,1562.884,1387.59521,1557.81482,936.2058,1596.46167,934.2588,1598.635,941.8625,1590.148,946.2808,1585.21643
User_01/Grid_15/HP_055/12.png,HP_055,13.6868,21.9119,5.48,-14.1191,13.0902,49.5807,11.0,5.5,0.0,1414.51172,1568.71655,1419.68372,1570.81128,1399.43079,1562.6084,1387.59521,1557.81482,954.0921,1595.47974,955.598145,1597.45886,949.709839,1589.722,946.2808,1585.21643
User_01/Grid_15/HP_055/13.png,HP_055,13.6868,21.9119,5.48,-14.1191,13.0902,49.5807,11.0,11.0,0.0,1414.41406,1576.924,1419.56628,1580.595,1399.389,1566.21814,1387.59521,1557.81482,954.0348,1604.28027,955.529846,1607.95569,949.6849,1593.58569,946.2808,1585.21643
User_01/Grid_15/HP_055/14.png,HP_055,13.6868,21.9119,5.48,-14.1191,13.0902,49.5807,0.0,11.0,0.0,1398.02429,1578.35815,1400.03381,1582.31689,1392.175,1566.83594,1387.59521,1557.81482,936.1976,1606.10339,934.2491,1610.1394,941.8587,1594.37659,946.2808,1585.21643
User_01/Grid_15/HP_055/15.png,HP_055,13.6868,21.9119,5.48,-14.1191,13.0902,49.5807,-11.0,11.0,0.0,1379.3894,1578.82178,1377.80554,1582.876,1383.99438,1567.03271,1387.59521,1557.81482,915.9158,1606.96558,910.0446,1611.17065,932.9679,1594.752,946.2808,1585.21643
User_01/Grid_15/HP_056/01.png,HP_056,-3.8143,16.14,-2.1671,-7.8605,-3.3786,50.3949,11.0,-11.0,0.0,1813.39172,655.0475,1818.88574,652.2606,1797.39673,663.1614,1784.86914,669.5165,1359.15894,624.5331,1361.01611,620.870239,1353.76086,635.179443,1349.54248,643.499756
User_01/Grid_15/HP_056/02.png,HP_056,-3.8143,16.14,-2.1671,-7.8605,-3.3786,50.3949,0.0,-11.0,0.0,1795.19519,653.675049,1797.18909,650.616333,1789.39917,662.56665,1784.86914,669.5165,1339.69763,623.2809,1337.79333,619.3701,1345.22693,634.6367,1349.54248,643.499756
User_01/Grid_15/HP_056/03.png,HP_056,-3.8143,16.14,-2.1671,-7.8605,-3.3786,50.3949,-11.0,-11.0,0.0,1775.82751,653.5757,1774.08093,650.496338,1780.90332,662.524536,1784.86914,669.5165,1318.89221,623.412,1312.96729,619.5287,1336.10339,634.6919,1349.54248,643.499756
User_01/Grid_15/HP_056/04.png,HP_056,-3.8143,16.14,-2.1671,-7.8605,-3.3786,50.3949,-11.0,-5.5,0.0,1775.73657,663.3192,1773.97241,662.1222,1780.8634,666.7982,1784.86914,669.5165,1318.74658,633.615845,1312.79224,631.704956,1336.04065,639.1664,1349.54248,643.499756
User_01/Grid_15/HP_056/05.png,HP_056,-3.8143,16.14,-2.1671,-7.8605,-3.3786,50.3949,0.0,-5.5,0.0,1795.17261,663.4452,1797.16223,662.2728,1789.38928,666.8529,1784.86914,669.5165,1339.68518,633.499268,1337.77844,631.5647,1345.22192,639.116455,1349.54248,643.499756
User_01/Grid_15/HP_056/06.png,HP_056,-3.8143,16.14,-2.1671,-7.8605,-3.3786,50.3949,11.0,-5.5,0.0,1813.4281,664.2124,1818.929,663.1907,1797.4126,667.186768,1784.86914,669.5165,1359.24841,634.0928,1361.12292,632.275757,1353.79993,639.3733,1349.54248,643.499756
User_01/Grid_15/HP_056/07.png,HP_056,-3.8143,16.14,-2.1671,-7.8605,-3.3786,50.3949,11.0,0.0,0.0,1813.16943,673.433838,1818.61792,674.188,1797.30176,671.2373,1784.86914,669.5165,1359.037,643.753052,1360.87024,643.802,1353.70789,643.61084,1349.54248,643.499756
User_01/Grid_15/HP_056/08.png,HP_056,-3.8143,16.14,-2.1671,-7.8605,-3.3786,50.3949,0.0,0.0,0.0,1795.14709,673.2881,1797.13074,674.015869,1789.37915,671.1715,1784.86914,669.5165,1339.67749,643.8458,1337.76953,643.9127,1345.21753,643.651367,1349.54248,643.499756
User_01/Grid_15/HP_056/09.png,HP_056,-3.8143,16.14,-2.1671,-7.8605,-3.3786,50.3949,-11.0,0.0,0.0,1775.97546,673.1322,1774.25818,673.8302,1780.96716,671.1028,1784.86914,669.5165,1318.99658,643.950562,1313.093,644.037842,1336.14783,643.6975,1349.54248,643.499756
User_01/Grid_15/HP_056/10.png,HP_056,-3.8143,16.14,-2.1671,-7.8605,-3.3786,50.3949,-11.0,5.5,0.0,1776.51147,682.5294,1774.89941,685.0394,1781.20068,675.228149,1784.86914,669.5165,1319.602,653.85376,1313.82068,655.853149,1336.40759,648.042,1349.54248,643.499756
User_01/Grid_15/HP_056/11.png,HP_056,-3.8143,16.14,-2.1671,-7.8605,-3.3786,50.3949,0.0,5.5,0.0,1795.11975,682.7013,1797.096,685.243164,1789.36938,675.304932,1784.86914,669.5165,1339.67383,653.77,1337.76709,655.7543,1345.21423,648.004,1349.54248,643.499756
User_01/Grid_15/HP_056/12.png,HP_056,-3.8143,16.14,-2.1671,-7.8605,-3.3786,50.3949,11.0,5.5,0.0,1812.64453,682.2848,1817.9873,684.740967,1797.07617,675.1279,1784.86914,669.5165,1358.5509,653.073364,1360.289,654.920532,1353.49585,647.7012,1349.54248,643.499756
User_01/Grid_15/HP_056/13.png,HP_056,-3.8143,16.14,-2.1671,-7.8605,-3.3786,50.3949,11.0,11.0,0.0,1811.91357,690.4264,1817.1095,694.4436,1796.76147,678.7112,1784.86914,669.5165,1357.84766,661.696167,1359.44824,665.203247,1353.189,651.4894,1349.54248,643.499756
User_01/Grid_15/HP_056/14.png,HP_056,-3.8143,16.14,-2.1671,-7.8605,-3.3786,50.3949,0.0,11.0,0.0,1795.09155,691.2938,1797.05957,695.4866,1789.35986,679.083252,1784.86914,669.5165,1339.674,662.842163,1337.76965,666.574341,1345.21167,651.988037,1349.54248,643.499756
User_01/Grid_15/HP_056/15.png,HP_056,-3.8143,16.14,-2.1671,-7.8605,-3.3786,50.3949,-11.0,11.0,0.0,1777.27588,691.1304,1775.81323,695.2937,1781.53418,679.009155,1784.86914,669.5165,1320.47559,662.8889,1314.87036,666.6282,1336.7832,652.010864,1349.54248,643.499756
User_01/Grid_15/HP_057/01.png,HP_057,-7.4627,10.957,3.6315,-5.7407,-0.14959,51.9836,11.0,-11.0,0.0,1886.185,883.88855,1891.52612,881.017456,1870.62939,892.2505,1858.44019,898.802734,1444.13672,914.724,1445.84753,911.5863,1439.15991,923.850342,1435.267,930.989136
User_01/Grid_15/HP_057/02.png,HP_057,-7.4627,10.957,3.6315,-5.7407,-0.14959,51.9836,0.0,-11.0,0.0,1868.81067,882.906738,1870.81128,879.8401,1862.9917,891.8262,1858.44019,898.802734,1425.99719,913.6344,1424.20691,910.2826,1431.20081,923.376343,1435.267,930.989136
User_01/Grid_15/HP_057/03.png,HP_057,-7.4627,10.957,3.6315,-5.7407,-0.14959,51.9836,-11.0,-11.0,0.0,1850.56042,883.074,1849.03979,880.0386,1854.9823,891.9005,1858.44019,898.802734,1406.94556,913.724854,1401.47937,910.3928,1422.8396,923.4137,1435.267,930.989136
User_01/Grid_15/HP_057/04.png,HP_057,-7.4627,10.957,3.6315,-5.7407,-0.14959,51.9836,-11.0,-5.5,0.0,1850.30347,892.0962,1848.73254,890.8015,1854.87012,895.8602,1858.44019,898.802734,1406.59265,922.988647,1401.05579,921.443848,1422.68738,927.4794,1435.267,930.989136
User_01/Grid_15/HP_057/05.png,HP_057,-7.4627,10.957,3.6315,-5.7407,-0.14959,51.9836,0.0,-5.5,0.0,1868.80627,891.9917,1870.80676,890.6771,1862.989,895.813965,1858.44019,898.802734,1425.97681,922.9708,1424.18176,921.4215,1431.19263,927.472656,1435.267,930.989136
User_01/Grid_15/HP_057/06.png,HP_057,-7.4627,10.957,3.6315,-5.7407,-0.14959,51.9836,11.0,-5.5,0.0,1886.41284,892.4872,1891.79932,891.2709,1870.72766,896.028442,1858.44019,898.802734,1444.38708,923.569336,1446.14709,922.1376,1439.269,927.733154,1435.267,930.989136
User_01/Grid_15/HP_057/07.png,HP_057,-7.4627,10.957,3.6315,-5.7407,-0.14959,51.9836,11.0,0.0,0.0,1886.36792,901.3179,1891.745,901.802246,1870.70874,899.9076,1858.44019,898.802734,1444.36938,932.682861,1446.12573,933.009644,1439.26135,931.7324,1435.267,930.989136
User_01/Grid_15/HP_057/08.png,HP_057,-7.4627,10.957,3.6315,-5.7407,-0.14959,51.9836,0.0,0.0,0.0,1868.79932,901.3451,1870.79834,901.8357,1862.98621,899.918457,1858.44019,898.802734,1425.95923,932.6366,1424.16089,932.9551,1431.18481,931.711548,1435.267,930.989136
User_01/Grid_15/HP_057/09.png,HP_057,-7.4627,10.957,3.6315,-5.7407,-0.14959,51.9836,-11.0,0.0,0.0,1850.33984,901.370361,1848.77637,901.8661,1854.88586,899.9293,1858.44019,898.802734,1406.57227,932.58374,1401.03174,932.8916,1422.67822,931.6887,1435.267,930.989136
User_01/Grid_15/HP_057/10.png,HP_057,-7.4627,10.957,3.6315,-5.7407,-0.14959,51.9836,-11.0,5.5,0.0,1850.667,910.453735,1849.16748,912.7012,1855.02844,903.9165,1858.44019,898.802734,1406.88782,942.016968,1401.41125,944.145,1422.81348,935.828369,1435.267,930.989136
User_01/Grid_15/HP_057/11.png,HP_057,-7.4627,10.957,3.6315,-5.7407,-0.14959,51.9836,0.0,5.5,0.0,1868.79016,910.500366,1870.786,912.7561,1862.98352,903.9376,1858.44019,898.802734,1425.94507,942.140137,1424.1449,944.2936,1431.17761,935.880859,1435.267,930.989136
User_01/Grid_15/HP_057/12.png,HP_057,-7.4627,10.957,3.6315,-5.7407,-0.14959,51.9836,11.0,5.5,0.0,1886.05286,909.9756,1891.36646,912.1255,1870.57349,903.712158,1858.44019,898.802734,1444.082,941.659668,1445.78223,943.7178,1439.13623,935.6727,1435.267,930.989136
User_01/Grid_15/HP_057/13.png,HP_057,-7.4627,10.957,3.6315,-5.7407,-0.14959,51.9836,11.0,11.0,0.0,1885.50562,918.0947,1890.709,921.8037,1870.338,907.283447,1858.44019,898.802734,1443.558,950.125732,1445.15564,953.8137,1438.90759,939.3921,1435.267,930.989136
User_01/Grid_15/HP_057/14.png,HP_057,-7.4627,10.957,3.6315,-5.7407,-0.14959,51.9836,0.0,11.0,0.0,1868.77917,919.040161,1870.771,922.9386,1862.981,907.6907,1858.44019,898.802734,1425.93433,951.031738,1424.13391,954.898438,1431.171,939.7855,1435.267,930.989136
User_01/Grid_15/HP_057/15.png,HP_057,-7.4627,10.957,3.6315,-5.7407,-0.14959,51.9836,-11.0,11.0,0.0,1851.24316,918.948242,1849.85632,922.830444,1855.27991,907.6489,1858.44019,898.802734,1407.49329,950.837646,1402.13879,954.6642,1423.07349,939.7031,1435.267,930.989136
User_01/Grid_15/HP_058/01.png,HP_058,-3.4788,11.2037,-4.4522,-11.7816,4.9783,51.5246,11.0,-11.0,0.0,1509.02954,1230.76563,1514.13245,1228.3479,1494.15027,1237.81543,1482.47375,1243.34766,1051.9209,1203.95483,1053.30225,1200.80981,1047.89893,1213.11169,1044.74878,1220.28333
User_01/Grid_15/HP_058/02.png,HP_058,-3.4788,11.2037,-4.4522,-11.7816,4.9783,51.5246,0.0,-11.0,0.0,1492.48364,1229.48083,1494.41235,1226.809,1486.86951,1237.258,1482.47375,1243.34766,1034.91943,1202.45093,1033.02283,1199.01025,1040.435,1212.45752,1044.74878,1220.28333
User_01/Grid_15/HP_058/03.png,HP_058,-3.4788,11.2037,-4.4522,-11.7816,4.9783,51.5246,-11.0,-11.0,0.0,1474.10449,1229.14856,1472.49,1226.40942,1478.80054,1237.11572,1482.47375,1243.34766,1016.07172,1201.84192,1010.53711,1198.28284,1032.165,1212.19116,1044.74878,1220.28333
User_01/Grid_15/HP_058/04.png,HP_058,-3.4788,11.2037,-4.4522,-11.7816,4.9783,51.5246,-11.0,-5.5,0.0,1473.61523,1238.00391,1471.905,1236.97229,1478.587,1241.00317,1482.47375,1243.34766,1015.46289,1210.95093,1009.8056,1209.14819,1031.90344,1216.19,1044.74878,1220.28333
User_01/Grid_15/HP_058/05.png,HP_058,-3.4788,11.2037,-4.4522,-11.7816,4.9783,51.5246,0.0,-5.5,0.0,1492.51123,1238.12939,1494.44666,1237.12341,1486.88025,1241.05688,1482.47375,1243.34766,1034.91528,1211.358,1033.01636,1209.63452,1040.435,1216.36792,1044.74878,1220.28333
User_01/Grid_15/HP_058/06.png,HP_058,-3.4788,11.2037,-4.4522,-11.7816,4.9783,51.5246,11.0,-5.5,0.0,1509.44482,1238.77246,1514.63013,1237.89282,1494.33008,1241.33643,1482.47375,1243.34766,1052.33508,1212.23511,1053.79712,1210.68384,1048.07971,1216.74951,1044.74878,1220.28333
User_01/Grid_15/HP_058/07.png,HP_058,-3.4788,11.2037,-4.4522,-11.7816,4.9783,51.5246,11.0,0.0,0.0,1509.63892,1247.16675,1514.86255,1247.90137,1494.41455,1245.02637,1482.47375,1243.34766,1052.535,1220.93164,1054.036,1221.05664,1048.167,1220.56787,1044.74878,1220.28333
User_01/Grid_15/HP_058/08.png,HP_058,-3.4788,11.2037,-4.4522,-11.7816,4.9783,51.5246,0.0,0.0,0.0,1492.53735,1247.26819,1494.47827,1248.02441,1486.89124,1245.0686,1482.47375,1243.34766,1034.91321,1220.80884,1033.01306,1220.91016,1040.43481,1220.51367,1044.74878,1220.28333
User_01/Grid_15/HP_058/09.png,HP_058,-3.4788,11.2037,-4.4522,-11.7816,4.9783,51.5246,-11.0,0.0,0.0,1473.40833,1247.37292,1471.65771,1248.15039,1478.49683,1245.11353,1482.47375,1243.34766,1015.16132,1220.66553,1009.4433,1220.73926,1031.77393,1220.45093,1044.74878,1220.28333
User_01/Grid_15/HP_058/10.png,HP_058,-3.4788,11.2037,-4.4522,-11.7816,4.9783,51.5246,-11.0,5.5,0.0,1473.52063,1256.81262,1471.79211,1259.41211,1478.54565,1249.25513,1482.47375,1243.34766,1015.21295,1230.50513,1009.50531,1232.48035,1031.79614,1224.76611,1044.74878,1220.28333
User_01/Grid_15/HP_058/11.png,HP_058,-3.4788,11.2037,-4.4522,-11.7816,4.9783,51.5246,0.0,5.5,0.0,1492.56116,1256.47363,1494.506,1259.00452,1486.9021,1249.11,1482.47375,1243.34766,1034.91321,1230.3689,1033.01331,1232.31714,1040.43469,1224.707,1044.74878,1220.28333
User_01/Grid_15/HP_058/12.png,HP_058,-3.4788,11.2037,-4.4522,-11.7816,4.9783,51.5246,11.0,5.5,0.0,1509.58716,1255.60864,1514.79956,1257.96582,1494.393,1248.73767,1482.47375,1243.34766,1052.49731,1229.70923,1053.991,1231.52649,1048.15063,1224.42163,1044.74878,1220.28333
User_01/Grid_15/HP_058/13.png,HP_058,-3.4788,11.2037,-4.4522,-11.7816,4.9783,51.5246,11.0,11.0,0.0,1509.29443,1263.739,1514.44763,1267.65674,1494.2677,1252.31421,1482.47375,1243.34766,1052.2262,1238.21338,1053.66711,1241.66846,1048.03247,1228.15674,1044.74878,1220.28333
User_01/Grid_15/HP_058/14.png,HP_058,-3.4788,11.2037,-4.4522,-11.7816,4.9783,51.5246,0.0,11.0,0.0,1492.58179,1265.29468,1494.52942,1269.52319,1486.9126,1252.9856,1482.47375,1243.34766,1034.91541,1239.57373,1033.017,1243.298,1040.43457,1228.7467,1044.74878,1220.28333
User_01/Grid_15/HP_058/15.png,HP_058,-3.4788,11.2037,-4.4522,-11.7816,4.9783,51.5246,-11.0,11.0,0.0,1473.944,1265.84985,1472.29846,1270.19092,1478.7301,1253.22375,1482.47375,1243.34766,1015.61017,1239.95142,1009.98267,1243.75,1031.96667,1228.91113,1044.74878,1220.28333
User_01/Grid_15/HP_059/01.png,HP_059,11.0545,16.9699,2.0557,-10.7599,10.0459,48.2359,11.0,-11.0,0.0,1596.8053,1399.40515,1602.26733,1396.62793,1580.887,1407.499,1568.403,1413.84668,1120.17346,1401.84033,1121.80042,1398.43665,1115.44,1411.74292,1111.73621,1419.491
User_01/Grid_15/HP_059/02.png,HP_059,11.0545,16.9699,2.0557,-10.7599,10.0459,48.2359,0.0,-11.0,0.0,1579.18713,1397.84448,1581.2666,1394.759,1573.13708,1406.82178,1568.403,1413.84668,1101.4165,1400.46606,1099.42285,1396.79077,1107.20984,1411.14648,1111.73621,1419.491
User_01/Grid_15/HP_059/03.png,HP_059,11.0545,16.9699,2.0557,-10.7599,10.0459,48.2359,-11.0,-11.0,0.0,1559.84717,1397.3634,1558.19568,1394.18188,1564.6488,1406.61414,1568.403,1413.84668,1080.80579,1400.22961,1074.83044,1396.50854,1098.17,1411.04285,1111.73621,1419.491
User_01/Grid_15/HP_059/04.png,HP_059,11.0545,16.9699,2.0557,-10.7599,10.0459,48.2359,-11.0,-5.5,0.0,1559.10681,1406.707,1557.31067,1405.32739,1564.326,1410.71545,1568.403,1413.84668,1079.90833,1410.01538,1073.752,1408.18262,1097.78455,1415.3374,1111.73621,1419.491
User_01/Grid_15/HP_059/05.png,HP_059,11.0545,16.9699,2.0557,-10.7599,10.0459,48.2359,0.0,-5.5,0.0,1579.18628,1407.0481,1581.26746,1405.73584,1573.1344,1410.86353,1568.403,1413.84668,1101.40344,1410.09985,1099.40491,1408.28357,1107.20654,1415.37415,1111.73621,1419.491
User_01/Grid_15/HP_059/06.png,HP_059,11.0545,16.9699,2.0557,-10.7599,10.0459,48.2359,11.0,-5.5,0.0,1597.37756,1407.98267,1602.95386,1406.85413,1581.13367,1411.27,1568.403,1413.84668,1120.79749,1410.82227,1122.54639,1409.14917,1115.712,1415.68726,1111.73621,1419.491
User_01/Grid_15/HP_059/07.png,HP_059,11.0545,16.9699,2.0557,-10.7599,10.0459,48.2359,11.0,0.0,0.0,1597.709,1417.13562,1603.35144,1417.76892,1581.27673,1415.2915,1568.403,1413.84668,1121.18176,1420.435,1123.006,1420.61731,1115.87952,1419.905,1111.73621,1419.491
User_01/Grid_15/HP_059/08.png,HP_059,11.0545,16.9699,2.0557,-10.7599,10.0459,48.2359,0.0,0.0,0.0,1579.1825,1416.97253,1581.26428,1417.57642,1573.13147,1415.21777,1568.403,1413.84668,1101.3927,1420.54663,1099.39087,1420.751,1107.20349,1419.95361,1111.73621,1419.491
User_01/Grid_15/HP_059/09.png,HP_059,11.0545,16.9699,2.0557,-10.7599,10.0459,48.2359,-11.0,0.0,0.0,1558.65649,1416.79382,1556.772,1417.36353,1564.12976,1415.13879,1568.403,1413.84668,1079.3418,1420.67664,1073.07092,1420.90613,1097.54126,1420.0105,1111.73621,1419.491
User_01/Grid_15/HP_059/10.png,HP_059,11.0545,16.9699,2.0557,-10.7599,10.0459,48.2359,-11.0,5.5,0.0,1558.56458,1427.14966,1556.66235,1429.72168,1564.0896,1419.679,1568.403,1413.84668,1079.19592,1431.67786,1072.896,1434.03735,1097.47852,1424.83069,1111.73621,1419.491
User_01/Grid_15/HP_059/11.png,HP_059,11.0545,16.9699,2.0557,-10.7599,10.0459,48.2359,0.0,5.5,0.0,1579.17578,1427.15222,1581.25623,1429.72192,1573.12854,1419.68335,1568.403,1413.84668,1101.38538,1431.31189,1099.38171,1433.60022,1107.20068,1424.67078,1111.73621,1419.491
User_01/Grid_15/HP_059/12.png,HP_059,11.0545,16.9699,2.0557,-10.7599,10.0459,48.2359,11.0,5.5,0.0,1597.75208,1426.48157,1603.40308,1428.91431,1581.2959,1419.39709,1568.403,1413.84668,1121.27783,1430.29272,1123.12061,1432.379,1115.92139,1424.229,1111.73621,1419.491
User_01/Grid_15/HP_059/13.png,HP_059,11.0545,16.9699,2.0557,-10.7599,10.0459,48.2359,11.0,11.0,0.0,1597.49658,1435.57959,1603.09558,1439.76208,1581.1864,1423.396,1568.403,1413.84668,1121.0719,1439.94714,1122.87463,1443.897,1115.83179,1428.46509,1111.73621,1419.491
User_01/Grid_15/HP_059/14.png,HP_059,11.0545,16.9699,2.0557,-10.7599,10.0459,48.2359,0.0,11.0,0.0,1579.16614,1437.03687,1581.24365,1441.51331,1573.12549,1424.02173,1568.403,1413.84668,1101.38171,1441.80249,1099.37817,1446.11963,1107.198,1429.26953,1111.73621,1419.491
User_01/Grid_15/HP_059/15.png,HP_059,11.0545,16.9699,2.0557,-10.7599,10.0459,48.2359,-11.0,11.0,0.0,1558.84937,1437.21265,1557.0033,1441.728,1564.2135,1424.09326,1568.403,1413.84668,1079.49622,1442.37085,1073.25732,1446.79834,1097.607,1429.51807,1111.73621,1419.491
User_01/Grid_15/HP_060/01.png,HP_060,10.6813,18.1982,-1.217,-8.8122,11.8633,49.9505,11.0,-11.0,0.0,1770.53723,1534.88208,1775.6283,1532.39246,1755.69507,1542.14014,1744.05017,1547.83472,1325.5918,1519.165,1327.1084,1515.94629,1321.17664,1528.53455,1317.71948,1535.87134
User_01/Grid_15/HP_060/02.png,HP_060,10.6813,18.1982,-1.217,-8.8122,11.8633,49.9505,0.0,-11.0,0.0,1754.212,1533.8186,1756.16931,1531.11914,1748.51343,1541.67871,1744.05017,1547.83472,1307.985,1518.15234,1306.107,1514.7345,1313.4469,1528.09424,1317.71948,1535.87134
User_01/Grid_15/HP_060/03.png,HP_060,10.6813,18.1982,-1.217,-8.8122,11.8633,49.9505,-11.0,-11.0,0.0,1736.8468,1533.69629,1735.4585,1530.97168,1740.88721,1541.62671,1744.05017,1547.83472,1289.29761,1518.17358,1283.81738,1514.76123,1305.24231,1528.102,1317.71948,1535.87134
User_01/Grid_15/HP_060/04.png,HP_060,10.6813,18.1982,-1.217,-8.8122,11.8633,49.9505,-11.0,-5.5,0.0,1736.14246,1542.124,1734.617,1541.02246,1740.57959,1545.32837,1744.05017,1547.83472,1288.45557,1526.9657,1282.806,1525.24658,1304.88,1531.964,1317.71948,1535.87134
User_01/Grid_15/HP_060/05.png,HP_060,10.6813,18.1982,-1.217,-8.8122,11.8633,49.9505,0.0,-5.5,0.0,1754.19226,1542.2207,1756.14771,1541.13831,1748.50256,1545.37012,1744.05017,1547.83472,1307.97168,1526.94678,1306.089,1525.22314,1313.44348,1531.9563,1317.71948,1535.87134
User_01/Grid_15/HP_060/06.png,HP_060,10.6813,18.1982,-1.217,-8.8122,11.8633,49.9505,11.0,-5.5,0.0,1771.1051,1542.843,1776.30994,1541.88269,1755.94006,1545.64111,1744.05017,1547.83472,1326.24207,1527.50989,1327.88562,1525.89734,1321.46045,1532.20093,1317.71948,1535.87134
User_01/Grid_15/HP_060/07.png,HP_060,10.6813,18.1982,-1.217,-8.8122,11.8633,49.9505,11.0,0.0,0.0,1771.47314,1551.39673,1776.75159,1552.08228,1756.09875,1549.39966,1744.05017,1547.83472,1326.69019,1536.50879,1328.42151,1536.63184,1321.656,1536.15112,1317.71948,1535.87134
User_01/Grid_15/HP_060/08.png,HP_060,10.6813,18.1982,-1.217,-8.8122,11.8633,49.9505,0.0,0.0,0.0,1754.16846,1551.323,1756.12061,1551.99609,1748.49072,1549.36572,1744.05017,1547.83472,1307.96155,1536.54,1306.07556,1536.66919,1313.44067,1536.16455,1317.71948,1535.87134
User_01/Grid_15/HP_060/09.png,HP_060,10.6813,18.1982,-1.217,-8.8122,11.8633,49.9505,-11.0,0.0,0.0,1735.65442,1551.24243,1734.03357,1551.90039,1740.36658,1549.32983,1744.05017,1547.83472,1287.86572,1536.575,1282.09766,1536.71094,1304.62634,1536.17993,1317.71948,1535.87134
User_01/Grid_15/HP_060/10.png,HP_060,10.6813,18.1982,-1.217,-8.8122,11.8633,49.9505,-11.0,5.5,0.0,1735.44519,1560.68811,1733.78357,1563.16992,1740.27515,1553.47363,1744.05017,1547.83472,1287.61023,1546.59058,1281.79077,1548.66235,1304.5166,1540.57166,1317.71948,1535.87134
User_01/Grid_15/HP_060/11.png,HP_060,10.6813,18.1982,-1.217,-8.8122,11.8633,49.9505,0.0,5.5,0.0,1754.1405,1560.75562,1756.08765,1563.249,1748.47815,1553.50476,1744.05017,1547.83472,1307.95569,1546.53174,1306.06775,1548.593,1313.43884,1540.545,1317.71948,1535.87134
User_01/Grid_15/HP_060/12.png,HP_060,10.6813,18.1982,-1.217,-8.8122,11.8633,49.9505,11.0,5.5,0.0,1771.5907,1560.22168,1776.89258,1562.6062,1756.14954,1553.27661,1744.05017,1547.83472,1326.88367,1545.8302,1328.65271,1547.75269,1321.74048,1540.24072,1317.71948,1535.87134
User_01/Grid_15/HP_060/13.png,HP_060,10.6813,18.1982,-1.217,-8.8122,11.8633,49.9505,11.0,11.0,0.0,1771.43518,1568.92224,1776.70544,1572.98047,1756.083,1557.10034,1744.05017,1547.83472,1326.79736,1555.06384,1328.54944,1558.76855,1321.70264,1544.29248,1317.71948,1535.87134
User_01/Grid_15/HP_060/14.png,HP_060,10.6813,18.1982,-1.217,-8.8122,11.8633,49.9505,0.0,11.0,0.0,1754.10889,1570.05151,1756.04919,1574.3374,1748.46484,1557.58545,1744.05017,1547.83472,1307.95459,1556.4093,1306.06677,1560.37976,1313.43823,1544.87622,1317.71948,1535.87134
User_01/Grid_15/HP_060/15.png,HP_060,10.6813,18.1982,-1.217,-8.8122,11.8633,49.9505,-11.0,11.0,0.0,1735.54456,1570.00476,1733.90283,1574.28418,1740.31824,1557.56226,1744.05017,1547.83472,1287.72852,1556.48291,1281.93311,1560.46582,1304.56714,1544.91028,1317.71948,1535.87134
User_01/Grid_15/HP_061/01.png,HP_061,-14.9126,-1.1002,-3.6739,-2.2416,-5.0922,48.0099,11.0,-11.0,0.0,2012.12354,632.536133,2018.659,629.0659,1993.13916,642.616455,1978.31567,650.4878,1518.22913,597.553833,1520.51855,593.3661,1511.58386,609.7096,1506.39978,619.192
User_01/Grid_15/HP_061/02.png,HP_061,-14.9126,-1.1002,-3.6739,-2.2416,-5.0922,48.0099,0.0,-11.0,0.0,1989.429,631.3021,1991.58276,627.583862,1983.18262,642.0856,1978.31567,650.4878,1496.04724,596.0405,1494.04077,591.553955,1501.86584,609.053,1506.39978,619.192
User_01/Grid_15/HP_061/03.png,HP_061,-14.9126,-1.1002,-3.6739,-2.2416,-5.0922,48.0099,-11.0,-11.0,0.0,1966.03113,632.018555,1963.651,628.4402,1972.935,642.3983,1978.31567,650.4878,1472.96155,596.355957,1466.48938,591.9359,1491.74683,609.1852,1506.39978,619.192
User_01/Grid_15/HP_061/04.png,HP_061,-14.9126,-1.1002,-3.6739,-2.2416,-5.0922,48.0099,-11.0,-5.5,0.0,1965.97461,643.526,1963.5835,642.1771,1972.9104,647.4386,1978.31567,650.4878,1472.78186,607.8523,1466.27332,605.65686,1491.66968,614.2235,1506.39978,619.192
User_01/Grid_15/HP_061/05.png,HP_061,-14.9126,-1.1002,-3.6739,-2.2416,-5.0922,48.0099,0.0,-5.5,0.0,1989.4812,643.1135,1991.64526,641.6842,1983.20544,647.2583,1978.31567,650.4878,1496.04883,607.7655,1494.04224,605.550537,1501.867,614.188354,1506.39978,619.192
User_01/Grid_15/HP_061/06.png,HP_061,-14.9126,-1.1002,-3.6739,-2.2416,-5.0922,48.0099,11.0,-5.5,0.0,2012.28357,643.6929,2018.85,642.3794,1993.20923,647.5084,1978.31567,650.4878,1518.36816,608.607056,1520.68469,606.5581,1511.64429,614.5537,1506.39978,619.192
User_01/Grid_15/HP_061/07.png,HP_061,-14.9126,-1.1002,-3.6739,-2.2416,-5.0922,48.0099,11.0,0.0,0.0,2011.9895,654.9602,2018.49512,655.824341,1993.08447,652.449341,1978.31567,650.4878,1518.10254,619.795044,1520.36682,619.9116,1511.52893,619.4564,1506.39978,619.192
User_01/Grid_15/HP_061/08.png,HP_061,-14.9126,-1.1002,-3.6739,-2.2416,-5.0922,48.0099,0.0,0.0,0.0,1989.52771,655.0547,1991.69934,655.9392,1983.22729,652.4884,1978.31567,650.4878,1496.054,619.667236,1494.04932,619.7594,1501.86829,619.400269,1506.39978,619.192
User_01/Grid_15/HP_061/09.png,HP_061,-14.9126,-1.1002,-3.6739,-2.2416,-5.0922,48.0099,-11.0,0.0,0.0,1966.37488,655.1405,1964.06274,656.0414,1973.08411,652.526367,1978.31567,650.4878,1473.0929,619.5298,1466.64734,619.5952,1491.8031,619.3401,1506.39978,619.192
User_01/Grid_15/HP_061/10.png,HP_061,-14.9126,-1.1002,-3.6739,-2.2416,-5.0922,48.0099,-11.0,5.5,0.0,1967.1803,666.1981,1965.02673,669.2366,1973.43408,657.374756,1978.31567,650.4878,1473.84058,630.682739,1467.54663,632.9042,1492.12378,624.230469,1506.39978,619.192
User_01/Grid_15/HP_061/11.png,HP_061,-14.9126,-1.1002,-3.6739,-2.2416,-5.0922,48.0099,0.0,5.5,0.0,1989.56726,666.385742,1991.74365,669.4608,1983.24756,657.456543,1978.31567,650.4878,1496.062,631.0209,1494.06116,633.310059,1501.86938,624.375732,1506.39978,619.192
User_01/Grid_15/HP_061/12.png,HP_061,-14.9126,-1.1002,-3.6739,-2.2416,-5.0922,48.0099,11.0,5.5,0.0,2011.28955,665.6935,2017.65283,668.6278,1992.7854,657.1604,1978.31567,650.4878,1517.47229,630.525757,1519.61255,632.716553,1511.25476,624.1616,1506.39978,619.192
User_01/Grid_15/HP_061/13.png,HP_061,-14.9126,-1.1002,-3.6739,-2.2416,-5.0922,48.0099,11.0,11.0,0.0,2010.28906,675.402,2016.45,680.2025,1992.35645,661.4286,1978.31567,650.4878,1516.56433,640.3362,1518.52637,644.417847,1510.8595,628.4691,1506.39978,619.192
User_01/Grid_15/HP_061/14.png,HP_061,-14.9126,-1.1002,-3.6739,-2.2416,-5.0922,48.0099,0.0,11.0,0.0,1989.60022,676.5547,1991.77917,681.5879,1983.26611,661.92334,1978.31567,650.4878,1496.07214,641.2781,1494.07654,645.545654,1501.87048,628.8779,1506.39978,619.192
User_01/Grid_15/HP_061/15.png,HP_061,-14.9126,-1.1002,-3.6739,-2.2416,-5.0922,48.0099,-11.0,11.0,0.0,1968.28357,676.192749,1966.34656,681.1559,1973.91455,661.7648,1978.31567,650.4878,1474.90833,640.7754,1468.82959,644.9415,1492.58215,628.662231,1506.39978,619.192
User_01/Grid_15/HP_062/01.png,HP_062,-9.7901,-8.2423,-3.3432,2.4769,0.75401,49.1773,11.0,-11.0,0.0,2266.47583,1001.60059,2272.72461,998.3585,2248.32251,1011.01941,2234.14526,1018.37537,1792.115,962.6063,1794.19287,958.7219,1786.07837,973.890869,1781.36389,982.704
User_01/Grid_15/HP_062/02.png,HP_062,-9.7901,-8.2423,-3.3432,2.4769,0.75401,49.1773,0.0,-11.0,0.0,2244.95215,1001.105,2247.04419,997.761963,2238.88086,1010.8075,2234.14526,1018.37537,1771.56628,961.799438,1769.67188,957.757568,1777.06836,973.5387,1781.36389,982.704
User_01/Grid_15/HP_062/03.png,HP_062,-9.7901,-8.2423,-3.3432,2.4769,0.75401,49.1773,-11.0,-11.0,0.0,2223.802,1002.20691,2221.80151,999.0797,2229.611,1011.28748,2234.14526,1018.37537,1751.26575,962.5106,1745.45728,958.6135,1768.15649,973.8429,1781.36389,982.704
User_01/Grid_15/HP_062/04.png,HP_062,-9.7901,-8.2423,-3.3432,2.4769,0.75401,49.1773,-11.0,-5.5,0.0,2223.448,1012.42639,2221.37842,1011.27527,2229.457,1015.76794,2234.14526,1018.37537,1750.79736,972.4835,1744.89429,970.509766,1767.95532,978.2206,1781.36389,982.704
User_01/Grid_15/HP_062/05.png,HP_062,-9.7901,-8.2423,-3.3432,2.4769,0.75401,49.1773,0.0,-5.5,0.0,2245.01465,1011.77466,2247.11963,1010.49634,2238.907,1015.48364,2234.14526,1018.37537,1771.5647,972.1891,1769.66858,970.154663,1777.06909,978.0956,1781.36389,982.704
User_01/Grid_15/HP_062/06.png,HP_062,-9.7901,-8.2423,-3.3432,2.4769,0.75401,49.1773,11.0,-5.5,0.0,2267.00146,1011.97021,2273.35474,1010.73169,2248.54932,1015.56726,2234.14526,1018.37537,1792.56384,972.7063,1794.72986,970.7726,1786.27368,978.321167,1781.36389,982.704
User_01/Grid_15/HP_062/07.png,HP_062,-9.7901,-8.2423,-3.3432,2.4769,0.75401,49.1773,11.0,0.0,0.0,2267.11255,1022.7998,2273.487,1023.65527,2248.59863,1020.31506,2234.14526,1018.37537,1792.65137,983.25415,1794.83459,983.36084,1786.31189,982.9452,1781.36389,982.704
User_01/Grid_15/HP_062/08.png,HP_062,-9.7901,-8.2423,-3.3432,2.4769,0.75401,49.1773,0.0,0.0,0.0,2245.073,1022.93542,2247.18945,1023.8186,2238.93262,1020.37305,2234.14526,1018.37537,1771.56616,983.090942,1769.67,983.1659,1777.07007,982.873535,1781.36389,982.704
User_01/Grid_15/HP_062/09.png,HP_062,-9.7901,-8.2423,-3.3432,2.4769,0.75401,49.1773,-11.0,0.0,0.0,2223.45874,1023.05432,2221.39087,1023.95959,2229.46143,1020.42615,2234.14526,1018.37537,1750.70264,982.9247,1744.7804,982.9674,1767.91455,982.8009,1781.36389,982.704
User_01/Grid_15/HP_062/10.png,HP_062,-9.7901,-8.2423,-3.3432,2.4769,0.75401,49.1773,-11.0,5.5,0.0,2223.84546,1033.53638,2221.854,1036.4679,2229.62964,1025.02222,2234.14526,1018.37537,1750.99707,993.2687,1745.1344,995.3082,1768.041,987.339,1781.36389,982.704
User_01/Grid_15/HP_062/11.png,HP_062,-9.7901,-8.2423,-3.3432,2.4769,0.75401,49.1773,0.0,5.5,0.0,2245.126,1033.93066,2247.25122,1036.94116,2238.95728,1025.192,2234.14526,1018.37537,1771.5708,993.87915,1769.67664,996.0409,1777.071,987.602539,1781.36389,982.704
User_01/Grid_15/HP_062/12.png,HP_062,-9.7901,-8.2423,-3.3432,2.4769,0.75401,49.1773,11.0,5.5,0.0,2266.79077,1033.47046,2273.099,1036.38745,2248.462,1024.99536,2234.14526,1018.37537,1792.36426,993.696167,1794.491,995.8213,1786.187,987.52356,1781.36389,982.704
User_01/Grid_15/HP_062/13.png,HP_062,-9.7901,-8.2423,-3.3432,2.4769,0.75401,49.1773,11.0,11.0,0.0,2266.0896,1043.40039,2272.25537,1048.23022,2248.16235,1029.35608,2234.14526,1018.37537,1791.745,1003.50769,1793.75,1007.52588,1785.91748,991.829468,1781.36389,982.704
User_01/Grid_15/HP_062/14.png,HP_062,-9.7901,-8.2423,-3.3432,2.4769,0.75401,49.1773,0.0,11.0,0.0,2245.17188,1044.14355,2247.30347,1049.12451,2238.98047,1029.67432,2234.14526,1018.37537,1771.57813,1003.96436,1769.68738,1008.07227,1777.07227,992.0281,1781.36389,982.704
User_01/Grid_15/HP_062/15.png,HP_062,-9.7901,-8.2423,-3.3432,2.4769,0.75401,49.1773,-11.0,11.0,0.0,2224.564,1043.34875,2222.713,1048.17236,2229.94263,1029.32971,2234.14526,1018.37537,1751.6355,1002.97913,1745.90125,1006.88977,1768.31531,991.6033,1781.36389,982.704
User_01/Grid_15/HP_063/01.png,HP_063,7.1473,-2.2336,5.874,-0.44635,4.4145,49.2563,11.0,-11.0,0.0,2080.894,1025.41943,2086.857,1022.1051,2063.55078,1035.05945,2049.98535,1042.59949,1617.1864,1072.59143,1619.09106,1069.14209,1611.64929,1082.61877,1607.32153,1090.45593
User_01/Grid_15/HP_063/02.png,HP_063,7.1473,-2.2336,5.874,-0.44635,4.4145,49.2563,0.0,-11.0,0.0,2061.1438,1024.29077,2063.30054,1020.75195,2054.87817,1034.57141,2049.98535,1042.59949,1597.782,1071.87573,1595.93848,1068.28516,1603.13818,1082.308,1607.32153,1090.45593
User_01/Grid_15/HP_063/03.png,HP_063,7.1473,-2.2336,5.874,-0.44635,4.4145,49.2563,-11.0,-11.0,0.0,2041.0448,1024.60522,2039.317,1021.12793,2046.0647,1034.70825,2049.98535,1042.59949,1577.98792,1072.52942,1572.32617,1069.06934,1594.45044,1082.59009,1607.32153,1090.45593
User_01/Grid_15/HP_063/04.png,HP_063,7.1473,-2.2336,5.874,-0.44635,4.4145,49.2563,-11.0,-5.5,0.0,2040.61572,1034.34436,2038.80383,1032.74817,2045.87769,1038.98047,2049.98535,1042.59949,1577.47949,1082.22034,1571.71558,1080.62952,1594.23169,1086.84351,1607.32153,1090.45593
User_01/Grid_15/HP_063/05.png,HP_063,7.1473,-2.2336,5.874,-0.44635,4.4145,49.2563,0.0,-5.5,0.0,2061.17017,1034.28345,2063.3335,1032.67493,2054.88818,1038.95422,2049.98535,1042.59949,1597.78333,1081.78784,1595.93884,1080.11145,1603.14026,1086.65613,1607.32153,1090.45593
User_01/Grid_15/HP_063/06.png,HP_063,7.1473,-2.2336,5.874,-0.44635,4.4145,49.2563,11.0,-5.5,0.0,2081.3667,1035.0011,2087.42432,1033.53442,2063.75439,1039.26563,2049.98535,1042.59949,1617.64917,1082.09753,1619.64465,1080.48254,1611.85083,1086.79028,1607.32153,1090.45593
User_01/Grid_15/HP_063/07.png,HP_063,7.1473,-2.2336,5.874,-0.44635,4.4145,49.2563,11.0,0.0,0.0,2081.4917,1045.02136,2087.574,1045.489,2063.809,1043.66211,2049.98535,1042.59949,1617.80164,1092.06775,1619.8269,1092.37915,1611.91736,1091.16284,1607.32153,1090.45593
User_01/Grid_15/HP_063/08.png,HP_063,7.1473,-2.2336,5.874,-0.44635,4.4145,49.2563,0.0,0.0,0.0,2061.19336,1044.77429,2063.36157,1045.19507,2054.89819,1043.55273,2049.98535,1042.59949,1597.78748,1092.24133,1595.94312,1092.58679,1603.14246,1091.23865,1607.32153,1090.45593
User_01/Grid_15/HP_063/09.png,HP_063,7.1473,-2.2336,5.874,-0.44635,4.4145,49.2563,-11.0,0.0,0.0,2040.525,1044.53418,2038.69531,1044.90833,2045.83813,1043.44775,2049.98535,1042.59949,1577.32336,1092.42151,1571.52808,1092.80127,1594.16431,1091.31812,1607.32153,1090.45593
User_01/Grid_15/HP_063/10.png,HP_063,7.1473,-2.2336,5.874,-0.44635,4.4145,49.2563,-11.0,5.5,0.0,2040.7915,1054.65479,2039.0144,1056.98511,2045.9541,1047.8855,2049.98535,1042.59949,1577.54785,1102.593,1571.79822,1104.93689,1594.26038,1095.78027,1607.32153,1090.45593
User_01/Grid_15/HP_063/11.png,HP_063,7.1473,-2.2336,5.874,-0.44635,4.4145,49.2563,0.0,5.5,0.0,2061.2124,1055.18164,2063.383,1057.61438,2054.90747,1048.11584,2049.98535,1042.59949,1597.79431,1102.67078,1595.95215,1105.03259,1603.14465,1095.811,1607.32153,1090.45593
User_01/Grid_15/HP_063/12.png,HP_063,7.1473,-2.2336,5.874,-0.44635,4.4145,49.2563,11.0,5.5,0.0,2081.24951,1054.95581,2087.28223,1057.34009,2063.70557,1048.02209,2049.98535,1042.59949,1617.62036,1102.02,1619.61,1104.25415,1611.8385,1095.528,1607.32153,1090.45593
User_01/Grid_15/HP_063/13.png,HP_063,7.1473,-2.2336,5.874,-0.44635,4.4145,49.2563,11.0,11.0,0.0,2080.67676,1064.29834,2086.59375,1068.48145,2063.46021,1052.12622,2049.98535,1042.59949,1617.12976,1111.47424,1619.02319,1115.53149,1611.625,1099.6781,1607.32153,1090.45593
User_01/Grid_15/HP_063/14.png,HP_063,7.1473,-2.2336,5.874,-0.44635,4.4145,49.2563,0.0,11.0,0.0,2061.227,1064.94287,2063.39844,1069.25867,2054.9165,1052.4,2049.98535,1042.59949,1597.80359,1112.5127,1595.96484,1116.77368,1603.147,1100.13013,1607.32153,1090.45593
User_01/Grid_15/HP_063/15.png,HP_063,7.1473,-2.2336,5.874,-0.44635,4.4145,49.2563,-11.0,11.0,0.0,2041.38062,1064.20154,2039.71875,1068.37354,2046.21094,1052.07544,2049.98535,1042.59949,1578.12109,1112.198,1572.48694,1116.393,1594.50647,1099.99768,1607.32153,1090.45593
User_01/Grid_15/HP_064/01.png,HP_064,13.9726,5.8962,-0.15466,-1.3982,10.4555,48.248,11.0,-11.0,0.0,2145.419,1404.741,2151.19482,1401.74829,2128.61279,1413.44873,2115.46069,1420.26318,1677.201,1394.35938,1679.08984,1390.71338,1671.709,1404.96,1667.41516,1413.24792
User_01/Grid_15/HP_064/02.png,HP_064,13.9726,5.8962,-0.15466,-1.3982,10.4555,48.248,0.0,-11.0,0.0,2126.386,1403.82593,2128.49585,1400.6521,2120.25342,1413.05237,2115.46069,1420.26318,1657.5824,1393.784,1655.68335,1390.0249,1663.102,1404.71,1667.41516,1413.24792
User_01/Grid_15/HP_064/03.png,HP_064,13.9726,5.8962,-0.15466,-1.3982,10.4555,48.248,-11.0,-11.0,0.0,2107.2395,1404.18433,2105.65234,1401.08057,2111.85352,1413.20837,2115.46069,1420.26318,1637.81628,1394.55,1632.10742,1390.94385,1654.4231,1405.04077,1667.41516,1413.24792
User_01/Grid_15/HP_064/04.png,HP_064,13.9726,5.8962,-0.15466,-1.3982,10.4555,48.248,-11.0,-5.5,0.0,2106.54443,1413.45764,2104.82153,1412.14282,2111.55054,1417.27856,2115.46069,1420.26318,1637.00525,1403.96484,1631.1333,1402.17236,1654.07422,1409.17542,1667.41516,1413.24792
User_01/Grid_15/HP_064/05.png,HP_064,13.9726,5.8962,-0.15466,-1.3982,10.4555,48.248,0.0,-5.5,0.0,2126.38452,1413.35852,2128.49634,1412.0238,2120.25049,1417.2356,2115.46069,1420.26318,1657.57019,1403.45789,1655.66626,1401.5647,1663.09912,1408.95593,1667.41516,1413.24792
User_01/Grid_15/HP_064/06.png,HP_064,13.9726,5.8962,-0.15466,-1.3982,10.4555,48.248,11.0,-5.5,0.0,2146.12476,1413.97437,2152.04224,1412.76062,2128.9165,1417.50342,2115.46069,1420.26318,1677.94165,1403.71094,1679.97571,1401.86816,1672.03162,1409.06543,1667.41516,1413.24792
User_01/Grid_15/HP_064/07.png,HP_064,13.9726,5.8962,-0.15466,-1.3982,10.4555,48.248,11.0,0.0,0.0,2146.54,1423.91772,2152.54077,1424.62341,2129.09546,1421.86646,2115.46069,1420.26318,1678.40417,1413.80933,1680.52893,1413.918,1672.23291,1413.4939,1667.41516,1413.24792
User_01/Grid_15/HP_064/08.png,HP_064,13.9726,5.8962,-0.15466,-1.3982,10.4555,48.248,0.0,0.0,0.0,2126.38037,1423.67261,2128.49268,1424.332,2120.24731,1421.75757,2115.46069,1420.26318,1657.56042,1413.98438,1655.65332,1414.127,1663.09644,1413.57068,1667.41516,1413.24792
User_01/Grid_15/HP_064/09.png,HP_064,13.9726,5.8962,-0.15466,-1.3982,10.4555,48.248,-11.0,0.0,0.0,2106.12329,1423.42932,2104.318,1424.0415,2111.3667,1421.65137,2115.46069,1420.26318,1636.497,1414.17017,1630.52283,1414.34863,1653.85571,1413.65234,1667.41516,1413.24792
User_01/Grid_15/HP_064/10.png,HP_064,13.9726,5.8962,-0.15466,-1.3982,10.4555,48.248,-11.0,5.5,0.0,2106.03687,1433.65308,2104.2146,1436.242,2111.32886,1426.13379,2115.46069,1420.26318,1636.36829,1424.679,1630.36829,1426.888,1653.80017,1418.26074,1667.41516,1413.24792
User_01/Grid_15/HP_064/11.png,HP_064,13.9726,5.8962,-0.15466,-1.3982,10.4555,48.248,0.0,5.5,0.0,2126.37256,1434.26624,2128.48364,1436.9751,2120.244,1426.40112,2115.46069,1420.26318,1657.554,1424.84619,1655.64514,1427.09131,1663.09387,1418.3302,1667.41516,1413.24792
User_01/Grid_15/HP_064/12.png,HP_064,13.9726,5.8962,-0.15466,-1.3982,10.4555,48.248,11.0,5.5,0.0,2146.598,1434.10449,2152.60986,1436.7771,2129.12085,1426.33545,2115.46069,1420.26318,1678.52319,1424.20239,1680.67151,1426.32092,1672.28479,1418.05,1667.41516,1413.24792
User_01/Grid_15/HP_064/13.png,HP_064,13.9726,5.8962,-0.15466,-1.3982,10.4555,48.248,11.0,11.0,0.0,2146.28271,1443.98535,2152.23071,1448.56323,2128.986,1430.6731,2115.46069,1420.26318,1678.28064,1434.35425,1680.38135,1438.43457,1672.17908,1422.502,1667.41516,1413.24792
User_01/Grid_15/HP_064/14.png,HP_064,13.9726,5.8962,-0.15466,-1.3982,10.4555,48.248,0.0,11.0,0.0,2126.36182,1444.54175,2128.46948,1449.2356,2120.24023,1430.9082,2115.46069,1420.26318,1657.55115,1435.41846,1655.64258,1439.708,1663.0918,1422.96509,1667.41516,1413.24792
User_01/Grid_15/HP_064/15.png,HP_064,13.9726,5.8962,-0.15466,-1.3982,10.4555,48.248,-11.0,11.0,0.0,2106.30078,1443.60535,2104.53076,1448.11609,2111.44385,1430.49951,2115.46069,1420.26318,1636.63965,1434.908,1630.69482,1439.0918,1653.9165,1422.74829,1667.41516,1413.24792
User_01/Grid_15/HP_065/01.png,HP_065,12.1988,-4.0836,-0.52431,0.81641,13.8884,51.0,11.0,-11.0,0.0,2170.57544,1631.42407,2175.82227,1628.86182,2155.29321,1638.888,2143.31641,1644.7373,1729.00708,1625.45825,1730.46252,1622.39575,1724.76807,1634.37793,1721.44666,1641.3667
User_01/Grid_15/HP_065/02.png,HP_065,12.1988,-4.0836,-0.52431,0.81641,13.8884,51.0,0.0,-11.0,0.0,2153.629,1630.85229,2155.61621,1628.17651,2147.84473,1638.64038,2143.31641,1644.7373,1712.34839,1625.03149,1710.59619,1621.88574,1717.45007,1634.19128,1721.44666,1641.3667
User_01/Grid_15/HP_065/03.png,HP_065,12.1988,-4.0836,-0.52431,0.81641,13.8884,51.0,-11.0,-11.0,0.0,2136.65625,1631.25061,2135.37329,1628.6521,2140.39136,1638.81445,2143.31641,1644.7373,1695.72,1625.54126,1690.77161,1622.49744,1710.13977,1634.41138,1721.44666,1641.3667
User_01/Grid_15/HP_065/04.png,HP_065,12.1988,-4.0836,-0.52431,0.81641,13.8884,51.0,-11.0,-5.5,0.0,2135.9978,1639.3302,2134.58643,1638.28735,2140.10376,1642.36377,2143.31641,1644.7373,1694.99084,1633.50659,1689.89648,1631.99316,1709.82532,1637.91406,1721.44666,1641.3667
User_01/Grid_15/HP_065/05.png,HP_065,12.1988,-4.0836,-0.52431,0.81641,13.8884,51.0,0.0,-5.5,0.0,2153.659,1639.1322,2155.654,1638.05078,2147.85522,1642.27747,2143.31641,1644.7373,1712.34387,1633.20947,1710.58862,1631.6366,1717.45044,1637.78564,1721.44666,1641.3667
User_01/Grid_15/HP_065/06.png,HP_065,12.1988,-4.0836,-0.52431,0.81641,13.8884,51.0,11.0,-5.5,0.0,2171.315,1639.48535,2176.70923,1638.47363,2155.6123,1642.43091,2143.31641,1644.7373,1729.704,1633.44507,1731.29541,1631.91833,1725.07227,1637.88843,1721.44666,1641.3667
User_01/Grid_15/HP_065/07.png,HP_065,12.1988,-4.0836,-0.52431,0.81641,13.8884,51.0,11.0,0.0,0.0,2171.85742,1648.25,2177.36035,1648.92712,2155.84644,1646.27942,2143.31641,1644.7373,1730.22144,1642.13379,1731.91406,1642.28162,1725.298,1641.70337,1721.44666,1641.3667
User_01/Grid_15/HP_065/08.png,HP_065,12.1988,-4.0836,-0.52431,0.81641,13.8884,51.0,0.0,0.0,0.0,2153.68823,1648.17029,2155.69067,1648.833,2147.86646,1646.24341,2143.31641,1644.7373,1712.3407,1642.16528,1710.58325,1642.31958,1717.45081,1641.71729,1721.44666,1641.3667
User_01/Grid_15/HP_065/09.png,HP_065,12.1988,-4.0836,-0.52431,0.81641,13.8884,51.0,-11.0,0.0,0.0,2135.52759,1648.09155,2134.02441,1648.73877,2139.89844,1646.20923,2143.31641,1644.7373,1694.44971,1642.19739,1689.247,1642.35742,1709.59241,1641.73145,1721.44666,1641.3667
User_01/Grid_15/HP_065/10.png,HP_065,12.1988,-4.0836,-0.52431,0.81641,13.8884,51.0,-11.0,5.5,0.0,2135.30469,1657.22241,2133.758,1659.63269,2139.80127,1650.21509,2143.31641,1644.7373,1694.16284,1651.30054,1688.90247,1653.216,1709.46875,1645.72778,1721.44666,1641.3667
User_01/Grid_15/HP_065/11.png,HP_065,12.1988,-4.0836,-0.52431,0.81641,13.8884,51.0,0.0,5.5,0.0,2153.716,1657.62146,2155.72461,1660.11011,2147.87817,1650.38892,2143.31641,1644.7373,1712.33936,1651.56848,1710.58093,1653.53809,1717.45117,1645.84241,1721.44666,1641.3667
User_01/Grid_15/HP_065/12.png,HP_065,12.1988,-4.0836,-0.52431,0.81641,13.8884,51.0,11.0,5.5,0.0,2172.13574,1657.39038,2177.6936,1659.83057,2155.9668,1650.2915,2143.31641,1644.7373,1730.5,1651.223,1732.24707,1653.125,1725.41943,1645.69189,1721.44666,1641.3667
User_01/Grid_15/HP_065/13.png,HP_065,12.1988,-4.0836,-0.52431,0.81641,13.8884,51.0,11.0,11.0,0.0,2172.1106,1666.47522,2177.6626,1670.66663,2155.95679,1654.28015,2143.31641,1644.7373,1730.50317,1660.31519,1732.251,1663.97192,1725.4209,1649.68188,1721.44666,1641.3667
User_01/Grid_15/HP_065/14.png,HP_065,12.1988,-4.0836,-0.52431,0.81641,13.8884,51.0,0.0,11.0,0.0,2153.7417,1667.02478,2155.755,1671.3291,2147.88965,1654.5144,2143.31641,1644.7373,1712.34009,1660.97046,1710.58191,1664.75549,1717.45142,1649.96729,1721.44666,1641.3667
User_01/Grid_15/HP_065/15.png,HP_065,12.1988,-4.0836,-0.52431,0.81641,13.8884,51.0,-11.0,11.0,0.0,2135.36328,1666.316,2133.82837,1670.48132,2139.827,1654.20544,2143.31641,1644.7373,1694.17,1660.39722,1688.91125,1664.06641,1709.47168,1649.72144,1721.44666,1641.3667
User_01/Grid_15/HP_066/01.png,HP_066,-6.0418,-12.5875,-3.0878,11.895,-5.1911,50.3626,11.0,-11.0,0.0,2871.45215,530.330933,2877.6582,527.0381,2853.43335,539.8916,2839.373,547.352051,2397.92578,512.612549,2399.99951,508.7915,2391.90186,523.7136,2387.19727,532.383667
User_01/Grid_15/HP_066/02.png,HP_066,-6.0418,-12.5875,-3.0878,11.895,-5.1911,50.3626,0.0,-11.0,0.0,2850.463,530.772339,2852.60742,527.566162,2844.23462,540.08374,2839.373,547.352051,2377.69775,513.261963,2375.86426,509.5714,2383.02881,523.9933,2387.19727,532.383667
User_01/Grid_15/HP_066/03.png,HP_066,-6.0418,-12.5875,-3.0878,11.895,-5.1911,50.3626,-11.0,-11.0,0.0,2831.864,532.354,2830.415,529.4601,2836.078,540.7704,2839.373,547.352051,2359.69629,515.077637,2354.40479,511.747681,2375.1123,524.778931,2387.19727,532.383667
User_01/Grid_15/HP_066/04.png,HP_066,-6.0418,-12.5875,-3.0878,11.895,-5.1911,50.3626,-11.0,-5.5,0.0,2831.905,541.6721,2830.46436,540.5764,2836.0957,544.8594,2839.373,547.352051,2359.68555,524.046,2354.392,522.4419,2375.10767,528.72,2387.19727,532.383667
User_01/Grid_15/HP_066/05.png,HP_066,-6.0418,-12.5875,-3.0878,11.895,-5.1911,50.3626,0.0,-5.5,0.0,2850.475,540.9706,2852.62183,539.7368,2844.24048,544.5543,2839.373,547.352051,2377.69653,523.078,2375.86279,521.28186,2383.02832,528.3003,2387.19727,532.383667
User_01/Grid_15/HP_066/06.png,HP_066,-6.0418,-12.5875,-3.0878,11.895,-5.1911,50.3626,11.0,-5.5,0.0,2871.43066,540.8528,2877.63159,539.5957,2853.42529,544.5032,2839.373,547.352051,2397.93433,522.689331,2400.00928,520.8157,2391.90552,528.132446,2387.19727,532.383667
User_01/Grid_15/HP_066/07.png,HP_066,-6.0418,-12.5875,-3.0878,11.895,-5.1911,50.3626,11.0,0.0,0.0,2871.013,551.33606,2877.12866,552.1061,2853.24683,549.099,2839.373,547.352051,2397.587,532.776855,2399.59375,532.8528,2391.75464,532.556152,2387.19727,532.383667
User_01/Grid_15/HP_066/08.png,HP_066,-6.0418,-12.5875,-3.0878,11.895,-5.1911,50.3626,0.0,0.0,0.0,2850.48486,551.1355,2852.63159,551.8667,2844.24634,549.0115,2839.373,547.352051,2377.69775,532.9048,2375.86523,533.0055,2383.02783,532.6124,2387.19727,532.383667
User_01/Grid_15/HP_066/09.png,HP_066,-6.0418,-12.5875,-3.0878,11.895,-5.1911,50.3626,-11.0,0.0,0.0,2832.20532,550.9606,2830.82324,551.6564,2836.22656,548.936157,2839.373,547.352051,2359.94458,533.0232,2354.70264,533.14624,2375.21924,532.6648,2387.19727,532.383667
User_01/Grid_15/HP_066/10.png,HP_066,-6.0418,-12.5875,-3.0878,11.895,-5.1911,50.3626,-11.0,5.5,0.0,2832.734,559.842041,2831.45459,562.248657,2836.45752,552.8373,2839.373,547.352051,2360.44,541.624634,2355.29761,543.400757,2375.43286,536.446655,2387.19727,532.383667
User_01/Grid_15/HP_066/11.png,HP_066,-6.0418,-12.5875,-3.0878,11.895,-5.1911,50.3626,0.0,5.5,0.0,2850.49146,560.768555,2852.63745,563.358032,2844.25171,553.239136,2839.373,547.352051,2377.70142,542.2562,2375.87134,544.159058,2383.02759,536.7186,2387.19727,532.383667
User_01/Grid_15/HP_066/12.png,HP_066,-6.0418,-12.5875,-3.0878,11.895,-5.1911,50.3626,11.0,5.5,0.0,2870.26123,561.222534,2876.224,563.9,2852.925,553.4376,2839.373,547.352051,2396.93457,542.3635,2398.81348,544.2892,2391.47046,536.7632,2387.19727,532.383667
User_01/Grid_15/HP_066/13.png,HP_066,-6.0418,-12.5875,-3.0878,11.895,-5.1911,50.3626,11.0,11.0,0.0,2869.27515,570.115234,2875.03882,574.5027,2852.50244,557.3467,2839.373,547.352051,2396.06177,551.074463,2397.76978,554.676147,2391.08984,540.5913,2387.19727,532.383667
User_01/Grid_15/HP_066/14.png,HP_066,-6.0418,-12.5875,-3.0878,11.895,-5.1911,50.3626,0.0,11.0,0.0,2850.49585,569.504,2852.6394,573.7733,2844.25684,557.078735,2839.373,547.352051,2377.70654,550.7732,2375.87964,554.312744,2383.02734,540.463257,2387.19727,532.383667
User_01/Grid_15/HP_066/15.png,HP_066,-6.0418,-12.5875,-3.0878,11.895,-5.1911,50.3626,-11.0,11.0,0.0,2833.43726,568.0249,2832.29517,572.0034,2836.765,556.435547,2839.373,547.352051,2361.11621,549.554443,2356.109,552.8512,2375.72485,539.936646,2387.19727,532.383667
User_01/Grid_15/HP_067/01.png,HP_067,-5.808,-9.1673,2.9227,10.5769,0.63638,49.7375,11.0,-11.0,0.0,2815.75586,927.6604,2822.09253,924.1715,2797.35669,937.791138,2782.997,945.697632,2335.54565,945.1129,2337.68774,941.4231,2329.32251,955.8323,2324.4624,964.2036
User_01/Grid_15/HP_067/02.png,HP_067,-5.808,-9.1673,2.9227,10.5769,0.63638,49.7375,0.0,-11.0,0.0,2794.6123,928.182,2796.85913,924.794434,2788.08887,938.0194,2782.997,945.697632,2314.88477,945.4419,2313.03564,941.8197,2320.26025,955.9723,2324.4624,964.2036
User_01/Grid_15/HP_067/03.png,HP_067,-5.808,-9.1673,2.9227,10.5769,0.63638,49.7375,-11.0,-11.0,0.0,2775.61523,929.8773,2774.19019,926.8235,2779.7583,938.7561,2782.997,945.697632,2296.2793,947.02356,2290.85449,943.7167,2312.08,956.6555,2324.4624,964.2036
User_01/Grid_15/HP_067/04.png,HP_067,-5.808,-9.1673,2.9227,10.5769,0.63638,49.7375,-11.0,-5.5,0.0,2775.34058,939.230835,2773.8623,937.9822,2779.63818,942.8606,2782.997,945.697632,2295.93677,956.097046,2290.44336,954.5359,2311.93237,960.6428,2324.4624,964.2036
User_01/Grid_15/HP_067/05.png,HP_067,-5.808,-9.1673,2.9227,10.5769,0.63638,49.7375,0.0,-5.5,0.0,2794.61426,938.3214,2796.862,936.894165,2788.08862,942.464844,2782.997,945.697632,2314.872,955.2942,2313.01929,953.5731,2320.25586,960.2958,2324.4624,964.2036
User_01/Grid_15/HP_067/06.png,HP_067,-5.808,-9.1673,2.9227,10.5769,0.63638,49.7375,11.0,-5.5,0.0,2816.17163,938.022461,2822.592,936.537,2797.5354,942.3341,2782.997,945.697632,2335.963,955.157,2338.18726,953.407349,2329.504,960.2379,2324.4624,964.2036
User_01/Grid_15/HP_067/07.png,HP_067,-5.808,-9.1673,2.9227,10.5769,0.63638,49.7375,11.0,0.0,0.0,2816.172,948.7981,2822.5918,949.3982,2797.53613,947.0565,2782.997,945.697632,2336.00317,965.6301,2338.23535,965.906,2329.52148,964.829,2324.4624,964.2036
User_01/Grid_15/HP_067/08.png,HP_067,-5.808,-9.1673,2.9227,10.5769,0.63638,49.7375,0.0,0.0,0.0,2794.613,948.832764,2796.8606,949.439331,2788.08838,947.071655,2782.997,945.697632,2314.86182,965.5642,2313.00732,965.827,2320.25171,964.8004,2324.4624,964.2036
User_01/Grid_15/HP_067/09.png,HP_067,-5.808,-9.1673,2.9227,10.5769,0.63638,49.7375,-11.0,0.0,0.0,2775.3457,948.8594,2773.86816,949.469849,2779.64014,947.084839,2782.997,945.697632,2295.88843,965.501,2290.38574,965.750854,2311.91138,964.77356,2324.4624,964.2036
User_01/Grid_15/HP_067/10.png,HP_067,-5.808,-9.1673,2.9227,10.5769,0.63638,49.7375,-11.0,5.5,0.0,2775.63232,958.338867,2774.21118,960.7783,2779.76538,951.245,2782.997,945.697632,2296.1416,974.7959,2290.69,976.8351,2312.02,968.8572,2324.4624,964.2036
User_01/Grid_15/HP_067/11.png,HP_067,-5.808,-9.1673,2.9227,10.5769,0.63638,49.7375,0.0,5.5,0.0,2794.609,959.1542,2796.854,961.756,2788.088,951.5973,2782.997,945.697632,2314.855,975.696533,2313.0,977.915649,2320.24756,969.2457,2324.4624,964.2036
User_01/Grid_15/HP_067/12.png,HP_067,-5.808,-9.1673,2.9227,10.5769,0.63638,49.7375,11.0,5.5,0.0,2815.751,959.365967,2822.08521,962.009155,2797.35645,951.689941,2782.997,945.697632,2335.656,975.95874,2337.81958,978.2311,2329.37061,969.358154,2324.4624,964.2036
User_01/Grid_15/HP_067/13.png,HP_067,-5.808,-9.1673,2.9227,10.5769,0.63638,49.7375,11.0,11.0,0.0,2814.97217,969.161743,2821.148,973.6936,2797.023,955.9901,2782.997,945.697632,2334.97217,985.609741,2337.00171,989.743164,2329.073,973.5945,2324.4624,964.2036
User_01/Grid_15/HP_067/14.png,HP_067,-5.808,-9.1673,2.9227,10.5769,0.63638,49.7375,0.0,11.0,0.0,2794.602,968.772339,2796.84351,973.2289,2788.08765,955.8196,2782.997,945.697632,2314.851,985.17395,2312.99731,989.2189,2320.244,973.407959,2324.4624,964.2036
User_01/Grid_15/HP_067/15.png,HP_067,-5.808,-9.1673,2.9227,10.5769,0.63638,49.7375,-11.0,11.0,0.0,2776.1687,967.2761,2774.852,971.4364,2779.99927,955.1709,2782.997,945.697632,2296.66235,983.5687,2291.31519,987.293457,2312.24414,972.7146,2324.4624,964.2036
User_01/Grid_15/HP_068/01.png,HP_068,-3.6994,-6.4065,-2.7828,4.5858,4.8005,51.3759,11.0,-11.0,0.0,2413.97168,1208.48975,2419.611,1205.66064,2397.57031,1216.71777,2384.74219,1223.15308,1962.613,1179.2782,1964.37927,1175.84375,1957.4751,1189.26807,1953.456,1197.0824
User_01/Grid_15/HP_068/02.png,HP_068,-3.6994,-6.4065,-2.7828,4.5858,4.8005,51.3759,0.0,-11.0,0.0,2395.139,1208.35449,2397.14648,1205.49683,2389.303,1216.661,2384.74219,1223.15308,1944.22949,1178.94336,1942.44971,1175.44482,1949.406,1189.12061,1953.456,1197.0824
User_01/Grid_15/HP_068/03.png,HP_068,-3.6994,-6.4065,-2.7828,4.5858,4.8005,51.3759,-11.0,-11.0,0.0,2377.04224,1209.36584,2375.557,1206.70618,2381.36255,1217.10193,2384.74219,1223.15308,1926.557,1179.7583,1921.379,1176.42334,1941.63843,1189.47144,1953.456,1197.0824
User_01/Grid_15/HP_068/04.png,HP_068,-3.6994,-6.4065,-2.7828,4.5858,4.8005,51.3759,-11.0,-5.5,0.0,2376.621,1218.12646,2375.05347,1217.15613,2381.17871,1220.94751,2384.74219,1223.15308,1926.0564,1188.33545,1920.778,1186.65039,1941.42285,1193.241,1953.456,1197.0824
User_01/Grid_15/HP_068/05.png,HP_068,-3.6994,-6.4065,-2.7828,4.5858,4.8005,51.3759,0.0,-5.5,0.0,2395.16479,1217.54,2397.179,1216.45532,2389.313,1220.69141,2384.74219,1223.15308,1944.2251,1187.95068,1942.443,1186.18774,1949.406,1193.07593,1953.456,1197.0824
User_01/Grid_15/HP_068/06.png,HP_068,-3.6994,-6.4065,-2.7828,4.5858,4.8005,51.3759,11.0,-5.5,0.0,2414.52954,1217.57068,2420.28076,1216.49292,2397.81079,1220.70386,2384.74219,1223.15308,1963.13892,1188.193,1965.00842,1186.47681,1957.7041,1193.18237,1953.456,1197.0824
User_01/Grid_15/HP_068/07.png,HP_068,-3.6994,-6.4065,-2.7828,4.5858,4.8005,51.3759,11.0,0.0,0.0,2414.78052,1227.18066,2420.58154,1227.9585,2397.91943,1224.91992,2384.74219,1223.15308,1963.3855,1197.63672,1965.303,1197.7439,1957.81152,1197.32556,1953.456,1197.0824
User_01/Grid_15/HP_068/08.png,HP_068,-3.6994,-6.4065,-2.7828,4.5858,4.8005,51.3759,0.0,0.0,0.0,2395.189,1227.2605,2397.208,1228.05432,2389.32324,1224.9541,2384.74219,1223.15308,1944.22278,1197.52332,1942.43958,1197.60852,1949.40576,1197.27588,1953.456,1197.0824
User_01/Grid_15/HP_068/09.png,HP_068,-3.6994,-6.4065,-2.7828,4.5858,4.8005,51.3759,-11.0,0.0,0.0,2376.456,1227.3291,2374.85645,1228.13538,2381.10669,1224.98523,2384.74219,1223.15308,1925.82068,1197.41,1920.49487,1197.47314,1941.32129,1197.2262,1953.456,1197.0824
User_01/Grid_15/HP_068/10.png,HP_068,-3.6994,-6.4065,-2.7828,4.5858,4.8005,51.3759,-11.0,5.5,0.0,2376.575,1236.57471,2374.99829,1239.16528,2381.15845,1229.04224,2384.74219,1223.15308,1925.88245,1206.57153,1920.569,1208.4,1941.34778,1201.24927,1953.456,1197.0824
User_01/Grid_15/HP_068/11.png,HP_068,-3.6994,-6.4065,-2.7828,4.5858,4.8005,51.3759,0.0,5.5,0.0,2395.21021,1237.03735,2397.23315,1239.72021,2389.333,1229.242,2384.74219,1223.15308,1944.22278,1207.19385,1942.43982,1209.14648,1949.40564,1201.51831,1953.456,1197.0824
User_01/Grid_15/HP_068/12.png,HP_068,-3.6994,-6.4065,-2.7828,4.5858,4.8005,51.3759,11.0,5.5,0.0,2414.684,1236.84387,2420.46484,1239.487,2397.879,1229.15967,2384.74219,1223.15308,1963.3175,1207.16992,1965.2218,1209.11792,1957.782,1201.50757,1953.456,1197.0824
User_01/Grid_15/HP_068/13.png,HP_068,-3.6994,-6.4065,-2.7828,4.5858,4.8005,51.3759,11.0,11.0,0.0,2414.253,1246.05835,2419.9458,1250.47681,2397.69458,1233.2063,2384.74219,1223.15308,1962.944,1216.3269,1964.775,1220.041,1957.61926,1205.52686,1953.456,1197.0824
User_01/Grid_15/HP_068/14.png,HP_068,-3.6994,-6.4065,-2.7828,4.5858,4.8005,51.3759,0.0,11.0,0.0,2395.22852,1246.365,2397.25317,1250.84692,2389.34253,1233.33655,2384.74219,1223.15308,1944.2251,1216.46509,1942.44373,1220.20544,1949.40515,1205.58789,1953.456,1197.0824
User_01/Grid_15/HP_068/15.png,HP_068,-3.6994,-6.4065,-2.7828,4.5858,4.8005,51.3759,-11.0,11.0,0.0,2376.96777,1245.44458,2375.46826,1249.74438,2381.32959,1232.93738,2384.74219,1223.15308,1926.2334,1215.385,1920.9906,1218.91,1941.4989,1205.12158,1953.456,1197.0824
User_01/Grid_15/HP_069/01.png,HP_069,13.7744,-16.5971,3.9189,11.0742,9.4991,51.6199,11.0,-11.0,0.0,2673.01563,1308.91064,2678.46631,1306.0293,2657.15527,1317.29468,2644.74146,1323.85645,2239.99634,1352.83923,2241.50757,1349.92383,2235.59521,1361.32849,2232.14746,1367.97876
User_01/Grid_15/HP_069/02.png,HP_069,13.7744,-16.5971,3.9189,11.0742,9.4991,51.6199,0.0,-11.0,0.0,2655.56982,1308.8938,2657.65771,1306.00879,2649.495,1317.28784,2644.74146,1323.85645,2223.52,1353.177,2221.85962,1350.32861,2228.3562,1361.47461,2232.14746,1367.97876
User_01/Grid_15/HP_069/03.png,HP_069,13.7744,-16.5971,3.9189,11.0742,9.4991,51.6199,-11.0,-11.0,0.0,2639.379,1309.77,2638.34644,1307.05737,2642.38574,1317.6687,2644.74146,1323.85645,2208.268,1354.332,2203.68237,1351.71155,2221.644,1361.97632,2232.14746,1367.97876
User_01/Grid_15/HP_069/04.png,HP_069,13.7744,-16.5971,3.9189,11.0742,9.4991,51.6199,-11.0,-5.5,0.0,2638.971,1317.54688,2637.85913,1316.331,2642.20752,1321.08569,2644.74146,1323.85645,2207.83179,1361.795,2203.15942,1360.60693,2221.45557,1365.25977,2232.14746,1367.97876
User_01/Grid_15/HP_069/05.png,HP_069,13.7744,-16.5971,3.9189,11.0742,9.4991,51.6199,0.0,-5.5,0.0,2655.59863,1317.15088,2657.69336,1315.85693,2649.506,1320.91382,2644.74146,1323.85645,2223.52368,1361.10376,2221.86279,1359.77966,2228.35962,1364.959,2232.14746,1367.97876
User_01/Grid_15/HP_069/06.png,HP_069,13.7744,-16.5971,3.9189,11.0742,9.4991,51.6199,11.0,-5.5,0.0,2673.61133,1317.25244,2679.1814,1315.97815,2657.41162,1320.95825,2644.74146,1323.85645,2240.54175,1360.85583,2242.15967,1359.48291,2235.833,1364.8512,2232.14746,1367.97876
User_01/Grid_15/HP_069/07.png,HP_069,13.7744,-16.5971,3.9189,11.0742,9.4991,51.6199,11.0,0.0,0.0,2673.95337,1326.14844,2679.592,1326.591,2657.559,1324.86218,2644.74146,1323.85645,2240.87085,1369.41821,2242.553,1369.6958,2235.97681,1368.6106,2232.14746,1367.97876
User_01/Grid_15/HP_069/08.png,HP_069,13.7744,-16.5971,3.9189,11.0742,9.4991,51.6199,0.0,0.0,0.0,2655.625,1325.937,2657.726,1326.33862,2649.51685,1324.76941,2644.74146,1323.85645,2223.52954,1369.5647,2221.86914,1369.87036,2228.36279,1368.67529,2232.14746,1367.97876
User_01/Grid_15/HP_069/09.png,HP_069,13.7744,-16.5971,3.9189,11.0742,9.4991,51.6199,-11.0,0.0,0.0,2638.754,1325.75159,2637.59961,1326.117,2642.11255,1324.6886,2644.74146,1323.85645,2207.581,1369.70068,2202.859,1370.03162,2221.34741,1368.73584,2232.14746,1367.97876
User_01/Grid_15/HP_069/10.png,HP_069,13.7744,-16.5971,3.9189,11.0742,9.4991,51.6199,-11.0,5.5,0.0,2638.75464,1334.08276,2637.60059,1336.054,2642.113,1328.34644,2644.74146,1323.85645,2207.54688,1377.75659,2202.81787,1379.63623,2221.33252,1372.27734,2232.14746,1367.97876
User_01/Grid_15/HP_069/11.png,HP_069,13.7744,-16.5971,3.9189,11.0742,9.4991,51.6199,0.0,5.5,0.0,2655.64844,1334.87793,2657.754,1337.00562,2649.52686,1328.69214,2644.74146,1323.85645,2223.5376,1378.21411,2221.87866,1380.18628,2228.36646,1372.47339,2232.14746,1367.97876
User_01/Grid_15/HP_069/12.png,HP_069,13.7744,-16.5971,3.9189,11.0742,9.4991,51.6199,11.0,5.5,0.0,2673.99536,1335.201,2679.6416,1337.39063,2657.578,1328.83447,2644.74146,1323.85645,2240.94116,1378.17676,2242.637,1380.14331,2236.00757,1372.45532,2232.14746,1367.97876
User_01/Grid_15/HP_069/13.png,HP_069,13.7744,-16.5971,3.9189,11.0742,9.4991,51.6199,11.0,11.0,0.0,2673.73218,1343.96313,2679.32471,1347.842,2657.46533,1332.68115,2644.74146,1323.85645,2240.74268,1386.72839,2242.39941,1390.34277,2235.921,1376.21069,2232.14746,1367.97876
User_01/Grid_15/HP_069/14.png,HP_069,13.7744,-16.5971,3.9189,11.0742,9.4991,51.6199,0.0,11.0,0.0,2655.668,1343.55493,2657.77637,1347.356,2649.53662,1332.50122,2644.74146,1323.85645,2223.54785,1386.65454,2221.89136,1390.25183,2228.37036,1376.18127,2232.14746,1367.97876
User_01/Grid_15/HP_069/15.png,HP_069,13.7744,-16.5971,3.9189,11.0742,9.4991,51.6199,-11.0,11.0,0.0,2638.976,1342.20874,2637.865,1345.74487,2642.21,1331.91565,2644.74146,1323.85645,2207.7356,1385.63318,2203.04443,1389.02588,2221.41382,1375.74121,2232.14746,1367.97876
User_01/Grid_15/HP_070/01.png,HP_070,18.574,-11.8077,1.6732,7.3073,14.7862,48.0135,11.0,-11.0,0.0,2537.87329,1651.00659,2543.79224,1647.9364,2520.657,1659.93689,2507.1897,1666.92249,2069.96973,1673.00562,2071.70044,1669.66357,2064.93384,1682.73145,2060.99219,1690.344
User_01/Grid_15/HP_070/02.png,HP_070,18.574,-11.8077,1.6732,7.3073,14.7862,48.0135,0.0,-11.0,0.0,2518.65576,1650.732,2520.869,1647.60693,2512.2207,1659.81848,2507.1897,1666.92249,2051.575,1673.09,2049.7605,1669.76538,2056.85669,1682.76721,2060.99219,1690.344
User_01/Grid_15/HP_070/03.png,HP_070,18.574,-11.8077,1.6732,7.3073,14.7862,48.0135,-11.0,-11.0,0.0,2500.41284,1651.57288,2499.106,1648.61316,2504.21436,1660.18384,2507.1897,1666.92249,2034.12646,1674.22241,2028.95984,1671.12207,2049.18335,1683.25793,2060.99219,1690.344
User_01/Grid_15/HP_070/04.png,HP_070,18.574,-11.8077,1.6732,7.3073,14.7862,48.0135,-11.0,-5.5,0.0,2499.67871,1660.227,2498.22876,1658.93469,2503.894,1663.98462,2507.1897,1666.92249,2033.34692,1682.60266,2028.02417,1681.1123,2048.84741,1686.94312,2060.99219,1690.344
User_01/Grid_15/HP_070/05.png,HP_070,18.574,-11.8077,1.6732,7.3073,14.7862,48.0135,0.0,-5.5,0.0,2518.687,1659.83,2520.90918,1658.45923,2512.2312,1663.81226,2507.1897,1666.92249,2051.57251,1681.89673,2049.75513,1680.26672,2056.8584,1686.637,2060.99219,1690.344
User_01/Grid_15/HP_070/06.png,HP_070,18.574,-11.8077,1.6732,7.3073,14.7862,48.0135,11.0,-5.5,0.0,2538.8374,1660.07886,2544.95,1658.75708,2521.07153,1663.92065,2507.1897,1666.92249,2070.85327,1681.79041,2072.75659,1680.1394,2065.319,1686.59082,2060.99219,1690.344
User_01/Grid_15/HP_070/07.png,HP_070,18.574,-11.8077,1.6732,7.3073,14.7862,48.0135,11.0,0.0,0.0,2539.5564,1670.07117,2545.81348,1670.67981,2521.381,1668.3031,2507.1897,1666.92249,2071.52515,1691.465,2073.56,1691.68164,2065.61157,1690.83557,2060.99219,1690.344
User_01/Grid_15/HP_070/08.png,HP_070,18.574,-11.8077,1.6732,7.3073,14.7862,48.0135,0.0,0.0,0.0,2518.71753,1669.84229,2520.94751,1670.4071,2512.24243,1668.20227,2507.1897,1666.92249,2051.572,1691.61743,2049.75269,1691.86353,2056.86,1690.90271,2060.99219,1690.344
User_01/Grid_15/HP_070/09.png,HP_070,18.574,-11.8077,1.6732,7.3073,14.7862,48.0135,-11.0,0.0,0.0,2499.149,1669.63623,2497.5957,1670.1604,2503.66284,1668.11279,2507.1897,1666.92249,2032.76526,1691.76367,2027.32642,1692.03723,2048.59668,1690.96741,2060.99219,1690.344
User_01/Grid_15/HP_070/10.png,HP_070,18.574,-11.8077,1.6732,7.3073,14.7862,48.0135,-11.0,5.5,0.0,2498.88965,1679.45984,2497.28564,1681.88257,2503.5498,1672.42065,2507.1897,1666.92249,2032.455,1701.37354,2026.95374,1703.49963,2048.46313,1695.1864,2060.99219,1690.344
User_01/Grid_15/HP_070/11.png,HP_070,18.574,-11.8077,1.6732,7.3073,14.7862,48.0135,0.0,5.5,0.0,2518.74561,1680.36243,2520.98242,1682.9635,2512.25366,1672.81226,2507.1897,1666.92249,2051.57422,1701.8772,2049.754,1704.10608,2056.862,1695.40161,2060.99219,1690.344
User_01/Grid_15/HP_070/12.png,HP_070,18.574,-11.8077,1.6732,7.3073,14.7862,48.0135,11.0,5.5,0.0,2539.93018,1680.56775,2546.26245,1683.207,2521.542,1672.904,2507.1897,1666.92249,2071.89917,1701.66528,2074.00757,1703.854,2065.77441,1695.308,2060.99219,1690.344
User_01/Grid_15/HP_070/13.png,HP_070,18.574,-11.8077,1.6732,7.3073,14.7862,48.0135,11.0,11.0,0.0,2539.899,1690.99744,2546.22388,1695.65283,2521.5293,1677.47693,2507.1897,1666.92249,2071.92017,1711.885,2074.03271,1716.04932,2065.78345,1699.789,2060.99219,1690.344
User_01/Grid_15/HP_070/14.png,HP_070,18.574,-11.8077,1.6732,7.3073,14.7862,48.0135,0.0,11.0,0.0,2518.77051,1690.83313,2521.01123,1695.46008,2512.26465,1677.40137,2507.1897,1666.92249,2051.57861,1712.14771,2049.75952,1716.36133,2056.864,1699.90576,2060.99219,1690.344
User_01/Grid_15/HP_070/15.png,HP_070,18.574,-11.8077,1.6732,7.3073,14.7862,48.0135,-11.0,11.0,0.0,2498.93945,1689.252,2497.34521,1693.56653,2503.57129,1676.71533,2507.1897,1666.92249,2032.46155,1710.982,2026.96179,1714.96033,2048.46558,1699.40527,2060.99219,1690.344
User_01/Grid_15/HP_071/01.png,HP_071,-16.7037,-26.4387,-3.0675,15.1097,-5.1992,48.6592,11.0,-11.0,0.0,2966.46558,639.186646,2973.112,635.740967,2947.18921,649.1797,2932.16821,656.9668,2486.37842,587.0974,2488.52441,583.078857,2480.14478,598.7698,2475.27734,607.883667
User_01/Grid_15/HP_071/02.png,HP_071,-16.7037,-26.4387,-3.0675,15.1097,-5.1992,48.6592,0.0,-11.0,0.0,2943.28149,640.122437,2945.43359,636.8607,2937.03687,649.5869,2932.16821,656.9668,2465.59668,587.6941,2463.728,583.797241,2471.02954,599.0249,2475.27734,607.883667
User_01/Grid_15/HP_071/03.png,HP_071,-16.7037,-26.4387,-3.0675,15.1097,-5.1992,48.6592,-11.0,-11.0,0.0,2923.14917,642.272,2921.40723,639.433838,2928.212,650.521,2932.16821,656.9668,2447.398,589.473755,2442.03467,585.932,2463.02539,599.792969,2475.27734,607.883667
User_01/Grid_15/HP_071/04.png,HP_071,-16.7037,-26.4387,-3.0675,15.1097,-5.1992,48.6592,-11.0,-5.5,0.0,2923.20459,652.122559,2921.47388,651.187134,2928.236,654.8418,2932.16821,656.9668,2447.30664,598.6411,2441.92529,596.8628,2462.986,603.822144,2475.27734,607.883667
User_01/Grid_15/HP_071/05.png,HP_071,-16.7037,-26.4387,-3.0675,15.1097,-5.1992,48.6592,0.0,-5.5,0.0,2943.39648,651.0066,2945.5708,649.852539,2937.0874,654.3556,2932.16821,656.9668,2465.5918,597.7936,2463.722,595.8458,2471.02783,603.4568,2475.27734,607.883667
User_01/Grid_15/HP_071/06.png,HP_071,-16.7037,-26.4387,-3.0675,15.1097,-5.1992,48.6592,11.0,-5.5,0.0,2966.684,650.4968,2973.37231,649.243042,2947.285,654.133057,2932.16821,656.9668,2486.48218,597.553,2488.64868,595.5554,2480.19,603.3545,2475.27734,607.883667
User_01/Grid_15/HP_071/07.png,HP_071,-16.7037,-26.4387,-3.0675,15.1097,-5.1992,48.6592,11.0,0.0,0.0,2966.41479,661.8999,2973.047,662.8552,2947.172,659.128052,2932.16821,656.9668,2486.19727,608.112061,2488.30786,608.1564,2480.06616,607.9839,2475.27734,607.883667
User_01/Grid_15/HP_071/08.png,HP_071,-16.7037,-26.4387,-3.0675,15.1097,-5.1992,48.6592,0.0,0.0,0.0,2943.50317,661.9689,2945.69678,662.936768,2937.13574,659.1588,2932.16821,656.9668,2465.59058,607.9961,2463.72168,608.0178,2471.02661,607.933,2475.27734,607.883667
User_01/Grid_15/HP_071/09.png,HP_071,-16.7037,-26.4387,-3.0675,15.1097,-5.1992,48.6592,-11.0,0.0,0.0,2923.55249,662.019653,2921.8894,662.995239,2928.388,659.183838,2932.16821,656.9668,2447.4978,607.893066,2442.15454,607.8949,2463.06836,607.8878,2475.27734,607.883667
User_01/Grid_15/HP_071/10.png,HP_071,-16.7037,-26.4387,-3.0675,15.1097,-5.1992,48.6592,-11.0,5.5,0.0,2924.16455,671.5327,2922.62085,674.3423,2928.655,663.360352,2932.16821,656.9668,2447.945,616.8214,2442.69116,618.5394,2463.26123,611.8131,2475.27734,607.883667
User_01/Grid_15/HP_071/11.png,HP_071,-16.7037,-26.4387,-3.0675,15.1097,-5.1992,48.6592,0.0,5.5,0.0,2943.59937,672.417358,2945.809,675.404053,2937.18042,663.741455,2932.16821,656.9668,2465.59326,617.772949,2463.726,619.6793,2471.026,612.2252,2475.27734,607.883667
User_01/Grid_15/HP_071/12.png,HP_071,-16.7037,-26.4387,-3.0675,15.1097,-5.1992,48.6592,11.0,5.5,0.0,2965.71265,672.716064,2972.20044,675.7621,2946.8728,663.8707,2932.16821,656.9668,2485.569,618.205933,2487.55615,620.198853,2479.79248,612.412231,2475.27734,607.883667
User_01/Grid_15/HP_071/13.png,HP_071,-16.7037,-26.4387,-3.0675,15.1097,-5.1992,48.6592,11.0,11.0,0.0,2964.69336,682.4374,2970.97363,687.355469,2946.437,668.140869,2932.16821,656.9668,2484.68481,627.4,2486.49854,631.162964,2479.40723,616.451538,2475.27734,607.883667
User_01/Grid_15/HP_071/14.png,HP_071,-16.7037,-26.4387,-3.0675,15.1097,-5.1992,48.6592,0.0,11.0,0.0,2943.68359,681.8972,2945.90649,686.7092,2937.221,667.905762,2932.16821,656.9668,2465.59839,626.715454,2463.73462,630.341431,2471.02563,616.1561,2475.27734,607.883667
User_01/Grid_15/HP_071/15.png,HP_071,-16.7037,-26.4387,-3.0675,15.1097,-5.1992,48.6592,-11.0,11.0,0.0,2924.9834,680.3136,2923.59888,684.8115,2929.0127,667.2201,2932.16821,656.9668,2448.59473,625.0978,2443.4707,628.403442,2463.54126,615.4552,2475.27734,607.883667
User_01/Grid_15/HP_072/01.png,HP_072,-2.2225,-16.363,3.4257,16.121,-2.2282,49.0592,11.0,-11.0,0.0,3137.66968,672.753662,3144.30347,669.0216,3118.42163,683.582764,3103.41382,692.0261,2639.665,710.2693,2641.83325,706.5342,2633.36548,721.1194,2628.44653,729.5917
User_01/Grid_15/HP_072/02.png,HP_072,-2.2225,-16.363,3.4257,16.121,-2.2282,49.0592,0.0,-11.0,0.0,3115.718,673.7197,3118.098,670.178467,3108.807,684.001953,3103.41382,692.0261,2618.71777,711.351563,2616.84082,707.8325,2624.17651,721.5864,2628.44653,729.5917
User_01/Grid_15/HP_072/03.png,HP_072,-2.2225,-16.363,3.4257,16.121,-2.2282,49.0592,-11.0,-11.0,0.0,3096.974,675.6666,3095.73169,672.510132,3100.58765,684.8467,3103.41382,692.0261,2600.77515,713.4586,2595.45557,710.357056,2616.282,722.4994,2628.44653,729.5917
User_01/Grid_15/HP_072/04.png,HP_072,-2.2225,-16.363,3.4257,16.121,-2.2282,49.0592,-11.0,-5.5,0.0,3096.88525,684.9879,3095.62549,683.6299,3100.54883,688.9375,3103.41382,692.0261,2600.63428,722.3308,2595.28662,720.9347,2616.2207,726.4,2628.44653,729.5917
User_01/Grid_15/HP_072/05.png,HP_072,-2.2225,-16.363,3.4257,16.121,-2.2282,49.0592,0.0,-5.5,0.0,3115.724,684.062,3118.10547,682.521362,3108.80933,688.5354,3103.41382,692.0261,2618.7085,721.205933,2616.82935,719.587769,2624.173,725.9116,2628.44653,729.5917
User_01/Grid_15/HP_072/06.png,HP_072,-2.2225,-16.363,3.4257,16.121,-2.2282,49.0592,11.0,-5.5,0.0,3137.846,683.6478,3144.515,682.025269,3118.49756,688.355835,3103.41382,692.0261,2639.85986,720.5995,2642.06714,718.8607,2633.4502,725.6493,2628.44653,729.5917
User_01/Grid_15/HP_072/07.png,HP_072,-2.2225,-16.363,3.4257,16.121,-2.2282,49.0592,11.0,0.0,0.0,3137.57861,694.7091,3144.19214,695.2284,3118.38379,693.2018,3103.41382,692.0261,2639.6604,731.1343,2641.828,731.4325,2633.36353,730.268066,2628.44653,729.5917
User_01/Grid_15/HP_072/08.png,HP_072,-2.2225,-16.363,3.4257,16.121,-2.2282,49.0592,0.0,0.0,0.0,3115.72729,694.5425,3118.10815,695.0292,3108.81177,693.1293,3103.41382,692.0261,2618.70215,731.2407,2616.822,731.5591,2624.16968,730.3154,2628.44653,729.5917
User_01/Grid_15/HP_072/09.png,HP_072,-2.2225,-16.363,3.4257,16.121,-2.2282,49.0592,-11.0,0.0,0.0,3097.0542,694.403564,3095.82739,694.8622,3100.62231,693.0696,3103.41382,692.0261,2600.75781,731.3342,2595.435,731.6693,2616.274,730.357666,2628.44653,729.5917
User_01/Grid_15/HP_072/10.png,HP_072,-2.2225,-16.363,3.4257,16.121,-2.2282,49.0592,-11.0,5.5,0.0,3097.46338,703.532349,3096.31641,705.750366,3100.80127,697.0779,3103.41382,692.0261,2601.13135,740.0835,2595.8833,742.0991,2616.43457,734.205444,2628.44653,729.5917
User_01/Grid_15/HP_072/11.png,HP_072,-2.2225,-16.363,3.4257,16.121,-2.2282,49.0592,0.0,5.5,0.0,3115.727,704.6282,3118.1062,707.063,3108.814,697.553,3103.41382,692.0261,2618.69849,740.938965,2616.81934,743.126343,2624.1665,734.5737,2628.44653,729.5917
User_01/Grid_15/HP_072/12.png,HP_072,-2.2225,-16.363,3.4257,16.121,-2.2282,49.0592,11.0,5.5,0.0,3136.90747,705.2969,3143.38477,707.863159,3118.09717,697.8439,3103.41382,692.0261,2639.09448,741.292358,2641.151,743.5521,2633.11719,734.7245,2628.44653,729.5917
User_01/Grid_15/HP_072/13.png,HP_072,-2.2225,-16.363,3.4257,16.121,-2.2282,49.0592,11.0,11.0,0.0,3135.93335,714.910645,3142.213,719.3297,3117.67969,702.0654,3103.41382,692.0261,2638.24268,750.6019,2640.132,754.6542,2632.74658,738.813965,2628.44653,729.5917
User_01/Grid_15/HP_072/14.png,HP_072,-2.2225,-16.363,3.4257,16.121,-2.2282,49.0592,0.0,11.0,0.0,3115.72485,713.8889,3118.10083,718.107666,3108.81616,701.620361,3103.41382,692.0261,2618.697,749.8751,2616.81982,753.7803,2624.16333,738.5022,2628.44653,729.5917
User_01/Grid_15/HP_072/15.png,HP_072,-2.2225,-16.363,3.4257,16.121,-2.2282,49.0592,-11.0,11.0,0.0,3098.0708,712.052734,3097.04175,715.909546,3101.067,700.822754,3103.41382,692.0261,2601.71069,748.251343,2596.57886,751.8329,2616.68433,737.800537,2628.44653,729.5917
User_01/Grid_15/HP_073/01.png,HP_073,5.3231,-16.5283,2.9459,15.1505,5.3061,51.9763,11.0,-11.0,0.0,2966.68,1123.85632,2972.32129,1120.89026,2950.27441,1132.48145,2937.446,1139.22583,2515.38257,1151.66357,2516.999,1148.59863,2510.67725,1160.585,2506.99365,1167.56982
User_01/Grid_15/HP_073/02.png,HP_073,5.3231,-16.5283,2.9459,15.1505,5.3061,51.9763,0.0,-11.0,0.0,2948.60718,1124.37329,2950.75977,1121.50867,2942.34521,1132.70667,2937.446,1139.22583,2498.13916,1152.32031,2496.4353,1149.38611,2503.10254,1160.8689,2506.99365,1167.56982
User_01/Grid_15/HP_073/03.png,HP_073,5.3231,-16.5283,2.9459,15.1505,5.3061,51.9763,-11.0,-11.0,0.0,2932.56055,1125.66736,2931.61963,1123.057,2935.2998,1133.26965,2937.446,1139.22583,2482.85742,1153.74426,2478.22534,1151.09106,2496.37427,1161.487,2506.99365,1167.56982
User_01/Grid_15/HP_073/04.png,HP_073,5.3231,-16.5283,2.9459,15.1505,5.3061,51.9763,-11.0,-5.5,0.0,2932.27563,1133.4989,2931.27954,1132.39587,2935.17529,1136.71057,2937.446,1139.22583,2482.53174,1161.221,2477.835,1160.002,2496.23364,1164.77722,2506.99365,1167.56982
User_01/Grid_15/HP_073/05.png,HP_073,5.3231,-16.5283,2.9459,15.1505,5.3061,51.9763,0.0,-5.5,0.0,2948.62378,1132.85388,2950.78076,1131.624,2942.351,1136.42969,2937.446,1139.22583,2498.13354,1160.43311,2496.42773,1159.05884,2503.10132,1164.43481,2506.99365,1167.56982
User_01/Grid_15/HP_073/06.png,HP_073,5.3231,-16.5283,2.9459,15.1505,5.3061,51.9763,11.0,-5.5,0.0,2967.14941,1132.62634,2972.88525,1131.35193,2950.47681,1136.33069,2937.446,1139.22583,2515.826,1160.05127,2517.529,1158.60156,2510.87085,1164.26929,2506.99365,1167.56982
User_01/Grid_15/HP_073/07.png,HP_073,5.3231,-16.5283,2.9459,15.1505,5.3061,51.9763,11.0,0.0,0.0,2967.32813,1141.844,2973.09961,1142.34985,2950.55371,1140.37427,2937.446,1139.22583,2516.013,1168.88818,2517.75244,1169.14258,2510.95239,1168.14856,2506.99365,1167.56982
User_01/Grid_15/HP_073/08.png,HP_073,5.3231,-16.5283,2.9459,15.1505,5.3061,51.9763,0.0,0.0,0.0,2948.63867,1141.72815,2950.799,1142.21118,2942.357,1140.32385,2937.446,1139.22583,2498.13,1168.95654,2496.42261,1169.22363,2503.10034,1168.179,2506.99365,1167.56982
User_01/Grid_15/HP_073/09.png,HP_073,5.3231,-16.5283,2.9459,15.1505,5.3061,51.9763,-11.0,0.0,0.0,2932.18237,1141.62866,2931.16821,1142.09155,2935.13452,1140.28113,2937.446,1139.22583,2482.39624,1169.0177,2477.67236,1169.29578,2496.175,1168.20667,2506.99365,1167.56982
User_01/Grid_15/HP_073/10.png,HP_073,5.3231,-16.5283,2.9459,15.1505,5.3061,51.9763,-11.0,5.5,0.0,2932.29272,1149.76147,2931.30029,1151.79053,2935.18262,1143.85339,2937.446,1139.22583,2482.46729,1176.84326,2477.75781,1178.62378,2496.20557,1171.6488,2506.99365,1167.56982
User_01/Grid_15/HP_073/11.png,HP_073,5.3231,-16.5283,2.9459,15.1505,5.3061,51.9763,0.0,5.5,0.0,2948.651,1150.60693,2950.81323,1152.80322,2942.36328,1144.22021,2937.446,1139.22583,2498.12769,1177.52173,2496.42065,1179.438,2503.09888,1171.94141,2506.99365,1167.56982
User_01/Grid_15/HP_073/12.png,HP_073,5.3231,-16.5283,2.9459,15.1505,5.3061,51.9763,11.0,5.5,0.0,2967.18823,1151.0636,2972.931,1153.34937,2950.49414,1144.41919,2937.446,1139.22583,2515.91577,1177.77319,2517.63647,1179.741,2510.91016,1172.04883,2506.99365,1167.56982
User_01/Grid_15/HP_073/13.png,HP_073,5.3231,-16.5283,2.9459,15.1505,5.3061,51.9763,11.0,11.0,0.0,2966.749,1159.83228,2972.40259,1163.80786,2950.30664,1148.26929,2937.446,1139.22583,2515.54688,1186.28967,2517.19531,1189.89746,2510.74927,1175.78979,2506.99365,1167.56982
User_01/Grid_15/HP_073/14.png,HP_073,5.3231,-16.5283,2.9459,15.1505,5.3061,51.9763,0.0,11.0,0.0,2948.66064,1159.09534,2950.82324,1162.927,2942.36914,1147.948,2937.446,1139.22583,2498.12744,1185.74512,2496.42114,1189.24292,2503.09766,1175.55615,2506.99365,1167.56982
User_01/Grid_15/HP_073/15.png,HP_073,5.3231,-16.5283,2.9459,15.1505,5.3061,51.9763,-11.0,11.0,0.0,2932.598,1157.59875,2931.66431,1161.1355,2935.31616,1147.29761,2937.446,1139.22583,2482.7373,1184.39722,2478.08179,1187.62671,2496.32178,1174.97314,2506.99365,1167.56982
User_01/Grid_15/HP_074/01.png,HP_074,0.4085,-16.1816,-0.39378,13.5593,7.6648,47.6467,11.0,-11.0,0.0,3002.67749,1372.781,3009.35767,1369.31323,2983.28662,1382.84692,2968.16016,1390.6991,2494.44751,1354.479,2496.574,1350.58948,2488.26685,1365.78247,2483.438,1374.614
User_01/Grid_15/HP_074/02.png,HP_074,0.4085,-16.1816,-0.39378,13.5593,7.6648,47.6467,0.0,-11.0,0.0,2980.46826,1373.62817,2982.84888,1370.32617,2973.55518,1383.21631,2968.16016,1390.6991,2473.432,1355.03149,2471.50171,1351.25439,2479.04614,1366.0188,2483.438,1374.614
User_01/Grid_15/HP_074/03.png,HP_074,0.4085,-16.1816,-0.39378,13.5593,7.6648,47.6467,-11.0,-11.0,0.0,2960.927,1375.56592,2959.531,1372.645,2964.98633,1384.05884,2968.16016,1390.6991,2454.89063,1356.72925,2449.40137,1353.29028,2470.8894,1366.75232,2483.438,1374.614
User_01/Grid_15/HP_074/04.png,HP_074,0.4085,-16.1816,-0.39378,13.5593,7.6648,47.6467,-11.0,-5.5,0.0,2960.36182,1384.98975,2958.85547,1383.887,2964.73926,1388.19482,2968.16016,1390.6991,2454.26465,1365.669,2448.65015,1363.94763,2470.61963,1370.68359,2483.438,1374.614
User_01/Grid_15/HP_074/05.png,HP_074,0.4085,-16.1816,-0.39378,13.5593,7.6648,47.6467,0.0,-5.5,0.0,2980.49023,1383.88391,2982.878,1382.56421,2973.56226,1387.71313,2968.16016,1390.6991,2473.42432,1364.779,2471.49048,1362.87988,2479.04517,1370.29956,2483.438,1374.614
User_01/Grid_15/HP_074/06.png,HP_074,0.4085,-16.1816,-0.39378,13.5593,7.6648,47.6467,11.0,-5.5,0.0,3003.62134,1383.363,3010.49268,1381.94165,2983.692,1387.486,2968.16016,1390.6991,2495.30786,1364.53,2497.60352,1362.57959,2488.641,1370.1936,2483.438,1374.614
User_01/Grid_15/HP_074/07.png,HP_074,0.4085,-16.1816,-0.39378,13.5593,7.6648,47.6467,11.0,0.0,0.0,3004.172,1394.86157,3011.15381,1395.66846,2983.92847,1392.52173,2968.16016,1390.6991,2495.82446,1375.44727,2498.222,1375.60864,2488.86572,1374.97925,2483.438,1374.614
User_01/Grid_15/HP_074/08.png,HP_074,0.4085,-16.1816,-0.39378,13.5593,7.6648,47.6467,0.0,0.0,0.0,2980.51025,1394.937,2982.90332,1395.758,2973.56958,1392.55542,2968.16016,1390.6991,2473.419,1375.33276,2471.48267,1375.47156,2479.04443,1374.92908,2483.438,1374.614
User_01/Grid_15/HP_074/09.png,HP_074,0.4085,-16.1816,-0.39378,13.5593,7.6648,47.6467,-11.0,0.0,0.0,2960.055,1394.99487,2958.48853,1395.825,2964.60571,1392.583,2968.16016,1390.6991,2453.895,1375.22852,2448.20654,1375.34668,2470.46045,1374.88391,2483.438,1374.614
User_01/Grid_15/HP_074/10.png,HP_074,0.4085,-16.1816,-0.39378,13.5593,7.6648,47.6467,-11.0,5.5,0.0,2960.04956,1405.17017,2958.48242,1407.96631,2964.60327,1397.04565,2968.16016,1390.6991,2453.8313,1385.00146,2448.13037,1387.00171,2470.43262,1379.177,2483.438,1374.614
User_01/Grid_15/HP_074/11.png,HP_074,0.4085,-16.1816,-0.39378,13.5593,7.6648,47.6467,0.0,5.5,0.0,2980.527,1406.23315,2982.923,1409.24268,2973.57739,1397.50342,2968.16016,1390.6991,2473.416,1386.1698,2471.47925,1388.40308,2479.04321,1379.68152,2483.438,1374.614
User_01/Grid_15/HP_074/12.png,HP_074,0.4085,-16.1816,-0.39378,13.5593,7.6648,47.6467,11.0,5.5,0.0,3004.22974,1406.64185,3011.22241,1409.73267,2983.954,1397.68,2968.16016,1390.6991,2495.91382,1386.67017,2498.32886,1389.00427,2488.90454,1379.89673,2483.438,1374.614
User_01/Grid_15/HP_074/13.png,HP_074,0.4085,-16.1816,-0.39378,13.5593,7.6648,47.6467,11.0,11.0,0.0,3003.77832,1417.95728,3010.67871,1423.238,2983.762,1402.63892,2968.16016,1390.6991,2495.55859,1397.53687,2497.90356,1401.97192,2488.75024,1384.66089,2483.438,1374.614
User_01/Grid_15/HP_074/14.png,HP_074,0.4085,-16.1816,-0.39378,13.5593,7.6648,47.6467,0.0,11.0,0.0,2980.54053,1417.1311,2982.93726,1422.24829,2973.585,1402.28052,2968.16016,1390.6991,2473.41626,1396.67676,2471.48047,1400.93848,2479.04224,1384.29138,2483.438,1374.614
User_01/Grid_15/HP_074/15.png,HP_074,0.4085,-16.1816,-0.39378,13.5593,7.6648,47.6467,-11.0,11.0,0.0,2960.352,1415.05469,2958.84375,1419.75818,2964.73486,1401.38318,2968.16016,1390.6991,2454.08325,1394.52344,2448.43286,1398.35571,2470.541,1383.36133,2483.438,1374.614
User_01/Grid_15/HP_075/01.png,HP_075,5.5219,-23.9627,0.073587,17.8026,10.8629,47.8714,11.0,-11.0,0.0,3193.09839,1539.68677,3199.55566,1536.47314,3174.34351,1549.02051,3159.70044,1556.30786,2689.41577,1525.55737,2691.23779,1522.00122,2684.11548,1535.9043,2679.96777,1544.00085
User_01/Grid_15/HP_075/02.png,HP_075,5.5219,-23.9627,0.073587,17.8026,10.8629,47.8714,0.0,-11.0,0.0,3172.20752,1540.68677,3174.62329,1537.66943,3165.18628,1549.456,3159.70044,1556.30786,2670.194,1526.37207,2668.31323,1522.979,2675.67358,1536.25525,2679.96777,1544.00085
User_01/Grid_15/HP_075/03.png,HP_075,5.5219,-23.9627,0.073587,17.8026,10.8629,47.8714,-11.0,-11.0,0.0,3154.13184,1542.50671,3153.05835,1539.8468,3157.25513,1550.248,3159.70044,1556.30786,2653.54688,1528.01074,2648.47681,1524.94238,2668.34277,1536.96533,2679.96777,1544.00085
User_01/Grid_15/HP_075/04.png,HP_075,5.5219,-23.9627,0.073587,17.8026,10.8629,47.8714,-11.0,-5.5,0.0,3153.58,1551.15967,3152.39966,1550.16675,3157.01416,1554.0481,3159.70044,1556.30786,2652.96167,1536.064,2647.775,1534.53967,2668.09033,1540.51,2679.96777,1544.00085
User_01/Grid_15/HP_075/05.png,HP_075,5.5219,-23.9627,0.073587,17.8026,10.8629,47.8714,0.0,-5.5,0.0,3172.24561,1550.13147,3174.67139,1548.93726,3165.2002,1553.6,3159.70044,1556.30786,2670.19141,1535.1792,2668.30762,1533.47925,2675.67432,1540.127,2679.96777,1544.00085
User_01/Grid_15/HP_075/06.png,HP_075,5.5219,-23.9627,0.073587,17.8026,10.8629,47.8714,11.0,-5.5,0.0,3194.10229,1549.54272,3200.762,1548.23291,3174.77441,1553.34351,3159.70044,1556.30786,2690.28687,1534.75513,2692.2793,1532.97021,2684.495,1539.94458,2679.96777,1544.00085
User_01/Grid_15/HP_075/07.png,HP_075,5.5219,-23.9627,0.073587,17.8026,10.8629,47.8714,11.0,0.0,0.0,3194.795,1560.35132,3201.594,1561.13477,3175.072,1558.07886,3159.70044,1556.30786,2690.896,1544.82788,2693.008,1544.98779,2684.76025,1544.36353,2679.96777,1544.00085
User_01/Grid_15/HP_075/08.png,HP_075,5.5219,-23.9627,0.073587,17.8026,10.8629,47.8714,0.0,0.0,0.0,3172.28247,1560.376,3174.717,1561.16321,3165.2146,1558.09082,3159.70044,1556.30786,2670.19043,1544.76074,2668.305,1544.90747,2675.67578,1544.33447,2679.96777,1544.00085
User_01/Grid_15/HP_075/09.png,HP_075,5.5219,-23.9627,0.073587,17.8026,10.8629,47.8714,-11.0,0.0,0.0,3153.22949,1560.39221,3151.98071,1561.18042,3156.86084,1558.1001,3159.70044,1556.30786,2652.56616,1544.70166,2647.30029,1544.83643,2667.91943,1544.30908,2679.96777,1544.00085
User_01/Grid_15/HP_075/10.png,HP_075,5.5219,-23.9627,0.073587,17.8026,10.8629,47.8714,-11.0,5.5,0.0,3153.12378,1569.87988,3151.85449,1572.49951,3156.8147,1562.26306,3159.70044,1556.30786,2652.40576,1553.61865,2647.1084,1555.46729,2667.85034,1548.22925,2679.96777,1544.00085
User_01/Grid_15/HP_075/11.png,HP_075,5.5219,-23.9627,0.073587,17.8026,10.8629,47.8714,0.0,5.5,0.0,3172.31641,1570.98291,3174.7583,1573.82324,3165.229,1562.73877,3159.70044,1556.30786,2670.192,1554.72253,2668.306,1556.79077,2675.677,1548.70654,2679.96777,1544.00085
User_01/Grid_15/HP_075/12.png,HP_075,5.5219,-23.9627,0.073587,17.8026,10.8629,47.8714,11.0,5.5,0.0,3195.0686,1571.59766,3201.92285,1574.56055,3175.19019,1563.00415,3159.70044,1556.30786,2691.15649,1555.33545,2693.31934,1557.52661,2684.87354,1548.97058,2679.96777,1544.00085
User_01/Grid_15/HP_075/13.png,HP_075,5.5219,-23.9627,0.073587,17.8026,10.8629,47.8714,11.0,11.0,0.0,3194.87646,1582.61548,3201.69019,1587.71167,3175.109,1567.83179,3159.70044,1556.30786,2691.026,1565.7074,2693.163,1569.90283,2684.817,1553.51929,2679.96777,1544.00085
User_01/Grid_15/HP_075/14.png,HP_075,5.5219,-23.9627,0.073587,17.8026,10.8629,47.8714,0.0,11.0,0.0,3172.34668,1581.40625,3174.79346,1586.26208,3165.24341,1567.30811,3159.70044,1556.30786,2670.1958,1564.56287,2668.31079,1568.52856,2675.67822,1553.02637,2679.96777,1544.00085
User_01/Grid_15/HP_075/15.png,HP_075,5.5219,-23.9627,0.073587,17.8026,10.8629,47.8714,-11.0,11.0,0.0,3153.28,1579.23645,3152.04126,1583.66077,3156.88281,1566.36987,3159.70044,1556.30786,2652.50244,1562.44287,2647.224,1565.98718,2667.8916,1552.1095,2679.96777,1544.00085
User_01/Grid_15/HP_076/01.png,HP_076,-12.3217,23.8593,-0.89557,-18.665,-5.0604,53.3386,11.0,-11.0,0.0,1207.29419,648.591064,1212.007,646.3706,1193.5332,655.0748,1182.71387,660.1726,762.0924,651.2765,763.256348,648.501,758.7009,659.3629,756.0427,665.701538
User_01/Grid_15/HP_076/02.png,HP_076,-12.3217,23.8593,-0.89557,-18.665,-5.0604,53.3386,0.0,-11.0,0.0,1192.74182,647.1183,1194.67017,644.6079,1187.12146,654.434448,1182.71387,660.1726,746.407,649.667969,744.5488,646.5759,751.812866,658.6633,756.0427,665.701538
User_01/Grid_15/HP_076/03.png,HP_076,-12.3217,23.8593,-0.89557,-18.665,-5.0604,53.3386,-11.0,-11.0,0.0,1175.83716,646.3043,1174.51233,643.6323,1179.69385,654.082153,1182.71387,660.1726,728.2282,648.7003,722.8585,645.4182,743.839,658.2422,756.0427,665.701538
User_01/Grid_15/HP_076/04.png,HP_076,-12.3217,23.8593,-0.89557,-18.665,-5.0604,53.3386,-11.0,-5.5,0.0,1175.80493,654.7578,1174.474,653.7147,1179.67969,657.7947,1182.71387,660.1726,728.1294,657.6521,722.74054,656.098145,743.796143,662.1699,756.0427,665.701538
User_01/Grid_15/HP_076/05.png,HP_076,-12.3217,23.8593,-0.89557,-18.665,-5.0604,53.3386,0.0,-5.5,0.0,1192.73767,655.1498,1194.66528,654.18396,1187.11987,657.964844,1182.71387,660.1726,746.3903,658.1747,744.528931,656.723267,751.805664,662.3976,756.0427,665.701538
User_01/Grid_15/HP_076/06.png,HP_076,-12.3217,23.8593,-0.89557,-18.665,-5.0604,53.3386,11.0,-5.5,0.0,1207.30859,655.8749,1212.02417,655.0509,1193.53979,658.2809,1182.71387,660.1726,762.121033,659.01416,763.2906,657.7274,758.7136,662.763062,756.0427,665.701538
User_01/Grid_15/HP_076/07.png,HP_076,-12.3217,23.8593,-0.89557,-18.665,-5.0604,53.3386,11.0,0.0,0.0,1207.14917,663.176758,1211.83252,663.752441,1193.47119,661.4951,1182.71387,660.1726,761.969849,666.796143,763.11,667.0067,758.6475,666.182739,756.0427,665.701538
User_01/Grid_15/HP_076/08.png,HP_076,-12.3217,23.8593,-0.89557,-18.665,-5.0604,53.3386,0.0,0.0,0.0,1192.73181,663.2064,1194.65747,663.789551,1187.118,661.506348,1182.71387,660.1726,746.3766,666.746948,744.513,666.9485,751.799,666.1605,756.0427,665.701538
User_01/Grid_15/HP_076/09.png,HP_076,-12.3217,23.8593,-0.89557,-18.665,-5.0604,53.3386,-11.0,0.0,0.0,1176.02686,663.2383,1174.73926,663.8286,1179.77649,661.5193,1182.71387,660.1726,728.3292,666.6865,722.9806,666.876465,743.8818,666.1338,756.0427,665.701538
User_01/Grid_15/HP_076/10.png,HP_076,-12.3217,23.8593,-0.89557,-18.665,-5.0604,53.3386,-11.0,5.5,0.0,1176.47693,671.3744,1175.27686,673.5294,1179.973,665.0951,1182.71387,660.1726,728.799255,675.376953,723.5454,677.2428,744.0835,669.9487,756.0427,665.701538
User_01/Grid_15/HP_076/11.png,HP_076,-12.3217,23.8593,-0.89557,-18.665,-5.0604,53.3386,0.0,5.5,0.0,1192.72461,670.959961,1194.64734,673.03186,1187.11646,664.9169,1182.71387,660.1726,746.3655,675.026367,744.5012,676.8229,751.792847,669.796753,756.0427,665.701538
User_01/Grid_15/HP_076/12.png,HP_076,-12.3217,23.8593,-0.89557,-18.665,-5.0604,53.3386,11.0,5.5,0.0,1206.82959,670.2439,1211.4491,672.1731,1193.33337,664.607666,1182.71387,660.1726,761.6517,674.3572,762.7303,676.0215,758.508362,669.506348,756.0427,665.701538
User_01/Grid_15/HP_076/13.png,HP_076,-12.3217,23.8593,-0.89557,-18.665,-5.0604,53.3386,11.0,11.0,0.0,1206.37915,676.867065,1210.90869,680.062256,1193.13879,667.526855,1182.71387,660.1726,761.1943,681.4724,762.18396,684.502563,758.308,672.6365,756.0427,665.701538
User_01/Grid_15/HP_076/14.png,HP_076,-12.3217,23.8593,-0.89557,-18.665,-5.0604,53.3386,0.0,11.0,0.0,1192.71631,678.14624,1194.63562,681.595,1187.11487,668.081055,1182.71387,660.1726,746.357239,682.720337,744.493,685.9961,751.787231,673.178955,756.0427,665.701538
User_01/Grid_15/HP_076/15.png,HP_076,-12.3217,23.8593,-0.89557,-18.665,-5.0604,53.3386,-11.0,11.0,0.0,1177.10413,678.8727,1176.02612,682.466553,1180.24744,668.394531,1182.71387,660.1726,729.4799,683.384155,724.363159,686.7903,744.3763,673.4678,756.0427,665.701538
User_01/Grid_15/HP_077/01.png,HP_077,-9.7546,23.2295,-3.9362,-19.6904,-1.2333,52.5371,11.0,-11.0,0.0,1130.27368,885.5006,1135.039,883.3207,1116.35828,891.8661,1105.41663,896.8712,670.735962,872.804443,671.8531,869.9487,667.48114,881.1244,664.9299,887.646362
User_01/Grid_15/HP_077/02.png,HP_077,-9.7546,23.2295,-3.9362,-19.6904,-1.2333,52.5371,0.0,-11.0,0.0,1115.49158,883.9955,1117.42883,881.5194,1109.84509,891.2117,1105.41663,896.8712,654.904053,871.0642,652.9706,867.866455,660.528931,880.367432,664.9299,887.646362
User_01/Grid_15/HP_077/03.png,HP_077,-9.7546,23.2295,-3.9362,-19.6904,-1.2333,52.5371,-11.0,-11.0,0.0,1098.157,883.135,1096.75793,880.4879,1102.22864,890.839355,1105.41663,896.8712,636.3899,869.917358,630.8794,866.494263,652.408936,879.8684,664.9299,887.646362
User_01/Grid_15/HP_077/04.png,HP_077,-9.7546,23.2295,-3.9362,-19.6904,-1.2333,52.5371,-11.0,-5.5,0.0,1097.95264,891.6749,1096.51379,890.67334,1102.1394,894.5897,1105.41663,896.8712,636.0934,878.9579,630.5232,877.279663,652.2813,883.8353,664.9299,887.646362
User_01/Grid_15/HP_077/05.png,HP_077,-9.7546,23.2295,-3.9362,-19.6904,-1.2333,52.5371,0.0,-5.5,0.0,1115.49658,892.073,1117.43518,891.150146,1109.8468,894.762451,1105.41663,896.8712,654.895,879.6207,652.959045,878.0724,660.525635,884.124,664.9299,887.646362
User_01/Grid_15/HP_077/06.png,HP_077,-9.7546,23.2295,-3.9362,-19.6904,-1.2333,52.5371,11.0,-5.5,0.0,1130.4115,892.807739,1135.20422,892.0287,1116.41809,895.0829,1105.41663,896.8712,670.8936,880.5742,672.0414,879.213257,667.5501,884.539063,664.9299,887.646362
User_01/Grid_15/HP_077/07.png,HP_077,-9.7546,23.2295,-3.9362,-19.6904,-1.2333,52.5371,11.0,0.0,0.0,1130.37048,900.248657,1135.15442,900.89624,1116.40088,898.358032,1105.41663,896.8712,670.868469,888.509644,672.011353,888.675659,667.539246,888.025635,664.9299,887.646362
User_01/Grid_15/HP_077/08.png,HP_077,-9.7546,23.2295,-3.9362,-19.6904,-1.2333,52.5371,0.0,0.0,0.0,1115.49951,900.3314,1117.43872,900.996948,1109.84851,898.3921,1105.41663,896.8712,654.888062,888.409668,652.951,888.557,660.5224,887.9813,664.9299,887.646362
User_01/Grid_15/HP_077/09.png,HP_077,-9.7546,23.2295,-3.9362,-19.6904,-1.2333,52.5371,-11.0,0.0,0.0,1098.01868,900.4231,1096.59326,901.107666,1102.16809,898.4309,1105.41663,896.8712,636.108643,888.2866,630.541748,888.410156,652.2877,887.9271,664.9299,887.646362
User_01/Grid_15/HP_077/10.png,HP_077,-9.7546,23.2295,-3.9362,-19.6904,-1.2333,52.5371,-11.0,5.5,0.0,1098.35071,908.973755,1096.98987,911.304565,1102.313,902.187134,1105.41663,896.8712,636.433838,897.442261,630.932556,899.333252,652.427246,891.944336,664.9299,887.646362
User_01/Grid_15/HP_077/11.png,HP_077,-9.7546,23.2295,-3.9362,-19.6904,-1.2333,52.5371,0.0,5.5,0.0,1115.50085,908.418945,1117.43909,910.6384,1109.85022,901.948242,1105.41663,896.8712,654.883545,897.0526,652.946533,898.8662,660.519531,891.775757,664.9299,887.646362
User_01/Grid_15/HP_077/12.png,HP_077,-9.7546,23.2295,-3.9362,-19.6904,-1.2333,52.5371,11.0,5.5,0.0,1130.15283,907.5585,1134.893,909.606445,1116.30713,901.576538,1105.41663,896.8712,670.661865,896.3353,671.7645,898.006958,667.448853,891.464844,664.9299,887.646362
User_01/Grid_15/HP_077/13.png,HP_077,-9.7546,23.2295,-3.9362,-19.6904,-1.2333,52.5371,11.0,11.0,0.0,1129.779,914.4949,1134.44458,917.8699,1116.14612,904.632935,1105.41663,896.8712,670.292847,903.7965,671.324036,906.9016,667.287354,894.74585,664.9299,887.646362
User_01/Grid_15/HP_077/14.png,HP_077,-9.7546,23.2295,-3.9362,-19.6904,-1.2333,52.5371,0.0,11.0,0.0,1115.50049,916.0193,1117.43677,919.6964,1109.85193,905.293335,1105.41663,896.8712,654.8813,905.204834,652.9453,908.587646,660.516846,895.3574,664.9299,887.646362
User_01/Grid_15/HP_077/15.png,HP_077,-9.7546,23.2295,-3.9362,-19.6904,-1.2333,52.5371,-11.0,11.0,0.0,1098.9093,916.9647,1097.65735,920.8307,1102.557,905.7013,1105.41663,896.8712,637.024048,906.010132,631.6418,909.552,652.6807,895.707031,664.9299,887.646362
User_01/Grid_15/HP_078/01.png,HP_078,-6.8743,22.4779,-4.1567,-18.5411,3.3516,52.8515,11.0,-11.0,0.0,1204.455,1152.742,1209.12646,1150.59229,1190.81323,1159.01953,1180.08618,1163.95581,753.3032,1145.35742,754.39386,1142.59521,750.1252,1153.40625,747.6331,1159.71753
User_01/Grid_15/HP_078/02.png,HP_078,-6.8743,22.4779,-4.1567,-18.5411,3.3516,52.8515,0.0,-11.0,0.0,1189.94983,1151.43384,1191.846,1149.02661,1184.42236,1158.45093,1180.08618,1163.95581,737.785156,1143.74841,735.887146,1140.67065,743.3091,1152.70569,747.6331,1159.71753
User_01/Grid_15/HP_078/03.png,HP_078,-6.8743,22.4779,-4.1567,-18.5411,3.3516,52.8515,-11.0,-11.0,0.0,1173.19885,1150.77344,1171.87231,1148.23474,1177.061,1158.16565,1180.08618,1163.95581,719.9383,1142.74268,714.595764,1139.468,735.4783,1152.26733,747.6331,1159.71753
User_01/Grid_15/HP_078/04.png,HP_078,-6.8743,22.4779,-4.1567,-18.5411,3.3516,52.8515,-11.0,-5.5,0.0,1172.81689,1158.93335,1171.41614,1157.96545,1176.894,1161.75024,1180.08618,1163.95581,719.4476,1151.34668,714.006165,1149.73059,735.266968,1156.04492,747.6331,1159.71753
User_01/Grid_15/HP_078/05.png,HP_078,-6.8743,22.4779,-4.1567,-18.5411,3.3516,52.8515,0.0,-5.5,0.0,1189.95349,1159.21484,1191.85107,1158.303,1184.42285,1161.87207,1180.08618,1163.95581,737.776,1151.97412,735.875,1150.48083,743.3062,1156.31848,747.6331,1159.71753
User_01/Grid_15/HP_078/06.png,HP_078,-6.8743,22.4779,-4.1567,-18.5411,3.3516,52.8515,11.0,-5.5,0.0,1204.71606,1159.8457,1209.43958,1159.05762,1190.92639,1162.14685,1180.08618,1163.95581,753.591858,1152.90125,754.7383,1151.5896,750.2515,1156.72241,747.6331,1159.71753
User_01/Grid_15/HP_078/07.png,HP_078,-6.8743,22.4779,-4.1567,-18.5411,3.3516,52.8515,11.0,0.0,0.0,1204.80835,1167.20776,1209.54956,1167.83142,1190.96655,1165.38708,1180.08618,1163.95581,753.7079,1160.74048,754.877,1160.9375,750.3021,1160.167,747.6331,1159.71753
User_01/Grid_15/HP_078/08.png,HP_078,-6.8743,22.4779,-4.1567,-18.5411,3.3516,52.8515,0.0,0.0,0.0,1189.95532,1167.33545,1191.85364,1167.9856,1184.42346,1165.44116,1180.08618,1163.95581,737.7687,1160.60168,735.865845,1160.77222,743.3037,1160.10559,747.6331,1159.71753
User_01/Grid_15/HP_078/09.png,HP_078,-6.8743,22.4779,-4.1567,-18.5411,3.3516,52.8515,-11.0,0.0,0.0,1172.6781,1167.47668,1171.25037,1168.15527,1176.8335,1165.50171,1180.08618,1163.95581,719.233948,1160.432,713.7493,1160.57007,735.175,1160.031,747.6331,1159.71753
User_01/Grid_15/HP_078/10.png,HP_078,-6.8743,22.4779,-4.1567,-18.5411,3.3516,52.8515,-11.0,5.5,0.0,1172.80481,1176.02539,1171.4021,1178.35083,1176.88855,1169.25623,1180.08618,1163.95581,719.327759,1169.57349,713.8623,1171.47656,735.2153,1164.0415,747.6331,1159.71753
User_01/Grid_15/HP_078/11.png,HP_078,-6.8743,22.4779,-4.1567,-18.5411,3.3516,52.8515,0.0,5.5,0.0,1189.95544,1175.461,1191.85339,1177.67371,1184.42407,1169.013,1180.08618,1163.95581,737.763733,1169.27271,735.8602,1171.11572,743.3012,1163.91162,747.6331,1159.71753
User_01/Grid_15/HP_078/12.png,HP_078,-6.8743,22.4779,-4.1567,-18.5411,3.3516,52.8515,11.0,5.5,0.0,1204.71936,1174.5708,1209.44226,1176.60608,1190.92847,1168.628,1180.08618,1163.95581,753.63855,1168.609,754.79425,1170.32007,750.2719,1163.62427,747.6331,1159.71753
User_01/Grid_15/HP_078/13.png,HP_078,-6.8743,22.4779,-4.1567,-18.5411,3.3516,52.8515,11.0,11.0,0.0,1204.45654,1181.67285,1209.127,1185.06824,1190.81543,1171.75586,1180.08618,1163.95581,753.3901,1176.23279,754.497559,1179.40991,750.1632,1166.97559,747.6331,1159.71753
User_01/Grid_15/HP_078/14.png,HP_078,-6.8743,22.4779,-4.1567,-18.5411,3.3516,52.8515,0.0,11.0,0.0,1189.95374,1183.24976,1191.8501,1186.95776,1184.4248,1172.43884,1180.08618,1163.95581,737.7612,1177.61658,735.8581,1181.067,743.2989,1167.57593,747.6331,1159.71753
User_01/Grid_15/HP_078/15.png,HP_078,-6.8743,22.4779,-4.1567,-18.5411,3.3516,52.8515,-11.0,11.0,0.0,1173.18347,1184.19238,1171.85461,1188.08862,1177.05371,1172.84583,1180.08618,1163.95581,719.7157,1178.32886,714.328857,1181.92,735.382,1167.88489,747.6331,1159.71753
User_01/Grid_15/HP_079/01.png,HP_079,9.4358,25.9172,-2.3701,-20.2221,11.3836,53.3342,11.0,-11.0,0.0,1160.22217,1496.49634,1164.483,1494.66138,1147.76807,1501.86,1137.96313,1506.08276,729.5322,1474.9176,730.3903,1472.34351,727.029053,1482.42639,725.06366,1488.322
User_01/Grid_15/HP_079/02.png,HP_079,9.4358,25.9172,-2.3701,-20.2221,11.3836,53.3342,0.0,-11.0,0.0,1147.3208,1495.28394,1149.11633,1493.21191,1142.08057,1501.3313,1137.96313,1506.08276,715.5104,1473.71667,713.672546,1470.90723,720.8652,1481.90332,725.06366,1488.322
User_01/Grid_15/HP_079/03.png,HP_079,9.4358,25.9172,-2.3701,-20.2221,11.3836,53.3342,-11.0,-11.0,0.0,1132.55029,1494.543,1131.51,1492.325,1135.58325,1501.009,1137.96313,1506.08276,699.545044,1473.01538,694.6321,1470.06848,713.8533,1481.59778,725.06366,1488.322
User_01/Grid_15/HP_079/04.png,HP_079,9.4358,25.9172,-2.3701,-20.2221,11.3836,53.3342,-11.0,-5.5,0.0,1132.046,1501.72217,1130.90784,1500.88354,1135.36267,1504.16626,1137.96313,1506.08276,698.9426,1480.60413,693.908752,1479.1167,713.5937,1484.93311,725.06366,1488.322
User_01/Grid_15/HP_079/05.png,HP_079,9.4358,25.9172,-2.3701,-20.2221,11.3836,53.3342,0.0,-5.5,0.0,1147.31238,1502.14612,1149.10767,1501.39026,1142.07544,1504.3512,1137.96313,1506.08276,715.5057,1480.99487,713.6656,1479.58423,720.8648,1485.10327,725.06366,1488.322
User_01/Grid_15/HP_079/06.png,HP_079,9.4358,25.9172,-2.3701,-20.2221,11.3836,53.3342,11.0,-5.5,0.0,1160.54858,1502.82117,1164.87415,1502.19653,1147.90942,1504.64636,1137.96313,1506.08276,729.915833,1481.6521,730.8482,1480.37036,727.1972,1485.3894,725.06366,1488.322
User_01/Grid_15/HP_079/07.png,HP_079,9.4358,25.9172,-2.3701,-20.2221,11.3836,53.3342,11.0,0.0,0.0,1160.75269,1509.48218,1165.11865,1510.1333,1147.998,1507.57947,1137.96313,1506.08276,730.17334,1488.77051,731.1558,1488.85657,727.309937,1488.51917,725.06366,1488.322
User_01/Grid_15/HP_079/08.png,HP_079,9.4358,25.9172,-2.3701,-20.2221,11.3836,53.3342,0.0,0.0,0.0,1147.30225,1509.44434,1149.09619,1510.09009,1142.07007,1507.561,1137.96313,1506.08276,715.5032,1488.77686,713.66156,1488.8645,720.864746,1488.52185,725.06366,1488.322
User_01/Grid_15/HP_079/09.png,HP_079,9.4358,25.9172,-2.3701,-20.2221,11.3836,53.3342,-11.0,0.0,0.0,1131.70715,1509.39966,1130.503,1510.03809,1135.21436,1507.54,1137.96313,1506.08276,698.531,1488.7843,693.4144,1488.87354,713.4167,1488.5249,725.06366,1488.322
User_01/Grid_15/HP_079/10.png,HP_079,9.4358,25.9172,-2.3701,-20.2221,11.3836,53.3342,-11.0,5.5,0.0,1131.573,1517.30322,1130.343,1519.46313,1135.15552,1511.0127,1137.96313,1506.08276,698.3597,1497.25085,693.208557,1498.97314,713.342957,1492.24109,725.06366,1488.322
User_01/Grid_15/HP_079/11.png,HP_079,9.4358,25.9172,-2.3701,-20.2221,11.3836,53.3342,0.0,5.5,0.0,1147.29,1516.93652,1149.082,1519.02173,1142.06458,1510.85547,1137.96313,1506.08276,715.5032,1496.80054,713.661133,1498.43433,720.8653,1492.04541,725.06366,1488.322
User_01/Grid_15/HP_079/12.png,HP_079,9.4358,25.9172,-2.3701,-20.2221,11.3836,53.3342,11.0,5.5,0.0,1160.81311,1516.28662,1165.19092,1518.24158,1148.02441,1510.57544,1137.96313,1506.08276,730.282532,1496.0708,731.28595,1497.56055,727.3577,1491.72815,725.06366,1488.322
User_01/Grid_15/HP_079/13.png,HP_079,9.4358,25.9172,-2.3701,-20.2221,11.3836,53.3342,11.0,11.0,0.0,1160.72119,1523.012,1165.08044,1526.25464,1147.98474,1513.5376,1137.96313,1506.08276,730.233,1503.31836,731.226746,1506.20154,727.336,1494.91431,725.06366,1488.322
User_01/Grid_15/HP_079/14.png,HP_079,9.4358,25.9172,-2.3701,-20.2221,11.3836,53.3342,0.0,11.0,0.0,1147.27612,1524.33386,1149.06482,1527.83948,1142.05908,1514.1095,1137.96313,1506.08276,715.5059,1504.75171,713.6644,1507.917,720.8662,1495.53735,725.06366,1488.322
User_01/Grid_15/HP_079/15.png,HP_079,9.4358,25.9172,-2.3701,-20.2221,11.3836,53.3342,-11.0,11.0,0.0,1131.66138,1525.10425,1130.449,1528.76453,1135.19421,1514.441,1137.96313,1506.08276,698.450867,1505.62781,693.318359,1508.96558,713.3822,1495.91833,725.06366,1488.322
User_01/Grid_15/HP_080/01.png,HP_080,12.2895,20.2009,-2.507,-18.2808,14.5466,52.858,11.0,-11.0,0.0,1219.269,1669.75854,1223.606,1667.89355,1206.59521,1675.20862,1196.61987,1679.49829,783.0636,1648.48267,783.931763,1645.89148,780.530762,1656.04211,778.542,1661.97827
User_01/Grid_15/HP_080/02.png,HP_080,12.2895,20.2009,-2.507,-18.2808,14.5466,52.858,0.0,-11.0,0.0,1206.03125,1668.583,1207.83765,1666.488,1200.76038,1674.69617,1196.61987,1679.49829,768.9879,1647.33862,767.1503,1644.52319,774.3427,1655.5437,778.542,1661.97827
User_01/Grid_15/HP_080/03.png,HP_080,12.2895,20.2009,-2.507,-18.2808,14.5466,52.858,-11.0,-11.0,0.0,1191.01758,1667.91492,1189.9408,1665.68848,1194.15686,1674.40576,1196.61987,1679.49829,753.1264,1646.71313,748.2351,1643.77551,767.374634,1655.27087,778.542,1661.97827
User_01/Grid_15/HP_080/04.png,HP_080,12.2895,20.2009,-2.507,-18.2808,14.5466,52.858,-11.0,-5.5,0.0,1190.42517,1675.12451,1189.2334,1674.28284,1193.89758,1677.57629,1196.61987,1679.49829,752.42926,1654.24292,747.398438,1652.75256,767.074341,1658.58118,778.542,1661.97827
User_01/Grid_15/HP_080/05.png,HP_080,12.2895,20.2009,-2.507,-18.2808,14.5466,52.858,0.0,-5.5,0.0,1206.03845,1675.512,1207.84766,1674.74609,1200.762,1677.74512,1196.61987,1679.49829,768.9844,1654.60083,767.1444,1653.18079,774.3431,1658.737,778.542,1661.97827
User_01/Grid_15/HP_080/06.png,HP_080,12.2895,20.2009,-2.507,-18.2808,14.5466,52.858,11.0,-5.5,0.0,1219.692,1676.17566,1224.11267,1675.53906,1206.77844,1678.0354,1196.61987,1679.49829,783.524,1655.23975,784.48114,1653.945,780.732666,1659.01538,778.542,1661.97827
User_01/Grid_15/HP_080/07.png,HP_080,12.2895,20.2009,-2.507,-18.2808,14.5466,52.858,11.0,0.0,0.0,1219.998,1683.009,1224.47937,1683.682,1206.91125,1681.0437,1196.61987,1679.49829,783.866638,1662.45752,784.8902,1662.54956,780.8828,1662.18884,778.542,1661.97827
User_01/Grid_15/HP_080/08.png,HP_080,12.2895,20.2009,-2.507,-18.2808,14.5466,52.858,0.0,0.0,0.0,1206.0448,1682.97449,1207.85632,1683.64258,1200.76355,1681.02661,1196.61987,1679.49829,768.9822,1662.45947,767.1405,1662.55225,774.3435,1662.1897,778.542,1661.97827
User_01/Grid_15/HP_080/09.png,HP_080,12.2895,20.2009,-2.507,-18.2808,14.5466,52.858,-11.0,0.0,0.0,1189.98413,1682.93408,1188.70654,1683.59546,1193.70483,1681.00757,1196.61987,1679.49829,751.8988,1662.46167,746.761353,1662.55493,766.845947,1662.19043,778.542,1661.97827
User_01/Grid_15/HP_080/10.png,HP_080,12.2895,20.2009,-2.507,-18.2808,14.5466,52.858,-11.0,5.5,0.0,1189.74463,1691.0896,1188.42041,1693.32214,1193.6,1684.5896,1196.61987,1679.49829,751.5951,1671.09326,746.396362,1672.85168,766.715454,1665.97876,778.542,1661.97827
User_01/Grid_15/HP_080/11.png,HP_080,12.2895,20.2009,-2.507,-18.2808,14.5466,52.858,0.0,5.5,0.0,1206.0498,1690.7395,1207.86279,1692.90063,1200.76514,1684.4397,1196.61987,1679.49829,768.98175,1670.67139,767.13916,1672.34692,774.344238,1665.79541,778.542,1661.97827
User_01/Grid_15/HP_080/12.png,HP_080,12.2895,20.2009,-2.507,-18.2808,14.5466,52.858,11.0,5.5,0.0,1220.15857,1690.07019,1224.67139,1692.097,1206.981,1684.15173,1196.61987,1679.49829,784.0622,1669.94312,785.123962,1671.475,780.968262,1665.479,778.542,1661.97827
User_01/Grid_15/HP_080/13.png,HP_080,12.2895,20.2009,-2.507,-18.2808,14.5466,52.858,11.0,11.0,0.0,1220.15527,1697.124,1224.667,1700.50293,1206.98,1687.257,1196.61987,1679.49829,784.0928,1677.45679,785.1603,1680.43408,780.9817,1668.78113,778.542,1661.97827
User_01/Grid_15/HP_080/14.png,HP_080,12.2895,20.2009,-2.507,-18.2808,14.5466,52.858,0.0,11.0,0.0,1206.05347,1698.50574,1207.86707,1702.15967,1200.767,1687.85413,1196.61987,1679.49829,768.983459,1678.918,767.141052,1682.18286,774.345032,1669.416,778.542,1661.97827
User_01/Grid_15/HP_080/15.png,HP_080,12.2895,20.2009,-2.507,-18.2808,14.5466,52.858,-11.0,11.0,0.0,1189.73938,1699.254,1188.41418,1703.05859,1193.59766,1688.17578,1196.61987,1679.49829,751.557556,1679.76245,746.3512,1683.1936,766.6992,1669.7832,778.542,1661.97827
User_01/Grid_15/HP_081/01.png,HP_081,-13.5573,10.4737,-6.6129,-13.4031,-7.6296,53.0944,11.0,-11.0,0.0,1400.65381,528.803955,1405.62671,526.5679,1386.14966,535.3263,1374.76318,540.4463,953.796631,479.970825,955.0993,476.815063,950.0036,489.159668,947.0326,496.357422
User_01/Grid_15/HP_081/02.png,HP_081,-13.5573,10.4737,-6.6129,-13.4031,-7.6296,53.0944,0.0,-11.0,0.0,1384.54126,527.2969,1386.42493,524.7637,1379.05762,534.671143,1374.76318,540.4463,937.402161,478.413574,935.54364,474.950928,942.8064,488.483032,947.0326,496.357422
User_01/Grid_15/HP_081/03.png,HP_081,-13.5573,10.4737,-6.6129,-13.4031,-7.6296,53.0944,-11.0,-11.0,0.0,1366.26709,526.688843,1364.62793,524.034668,1371.03442,534.408569,1374.76318,540.4463,918.8388,477.674438,913.3947,474.0669,934.66394,488.161133,947.0326,496.357422
User_01/Grid_15/HP_081/04.png,HP_081,-13.5573,10.4737,-6.6129,-13.4031,-7.6296,53.0944,-11.0,-5.5,0.0,1366.38684,535.7632,1364.77112,534.86,1371.08667,538.391,1374.76318,540.4463,918.874268,486.998657,913.437439,485.191528,934.679,492.251465,947.0326,496.357422
User_01/Grid_15/HP_081/05.png,HP_081,-13.5573,10.4737,-6.6129,-13.4031,-7.6296,53.0944,0.0,-5.5,0.0,1384.5824,536.057739,1386.47363,535.212646,1379.076,538.5188,1374.76318,540.4463,937.4041,487.397827,935.546143,485.669067,942.8072,492.425537,947.0326,496.357422
User_01/Grid_15/HP_081/06.png,HP_081,-13.5573,10.4737,-6.6129,-13.4031,-7.6296,53.0944,11.0,-5.5,0.0,1400.633,536.7986,1405.60107,536.098267,1386.1416,538.8419,1374.76318,540.4463,953.769165,488.1997,955.066345,486.628662,949.9917,492.774048,947.0326,496.357422
User_01/Grid_15/HP_081/07.png,HP_081,-13.5573,10.4737,-6.6129,-13.4031,-7.6296,53.0944,11.0,0.0,0.0,1400.40112,544.7345,1405.32227,545.5576,1386.04224,542.3329,1374.76318,540.4463,953.5406,496.3982,954.7934,496.406128,949.8918,496.375366,947.0326,496.357422
User_01/Grid_15/HP_081/08.png,HP_081,-13.5573,10.4737,-6.6129,-13.4031,-7.6296,53.0944,0.0,0.0,0.0,1384.61975,544.7488,1386.517,545.577,1379.09363,542.3367,1374.76318,540.4463,937.4079,496.3474,935.551758,496.345581,942.807861,496.353027,947.0326,496.357422
User_01/Grid_15/HP_081/09.png,HP_081,-13.5573,10.4737,-6.6129,-13.4031,-7.6296,53.0944,-11.0,0.0,0.0,1366.788,544.7612,1365.25061,545.593,1371.26147,542.3408,1374.76318,540.4463,919.2169,496.28894,913.8493,496.275635,934.8263,496.327271,947.0326,496.357422
User_01/Grid_15/HP_081/10.png,HP_081,-13.5573,10.4737,-6.6129,-13.4031,-7.6296,53.0944,-11.0,5.5,0.0,1367.42615,553.278564,1366.01343,555.7494,1371.54,546.0834,1374.76318,540.4463,919.82,505.110229,914.5736,506.797729,935.085632,500.200073,947.0326,496.357422
User_01/Grid_15/HP_081/11.png,HP_081,-13.5573,10.4737,-6.6129,-13.4031,-7.6296,53.0944,0.0,5.5,0.0,1384.65259,552.9944,1386.5542,555.407,1379.11023,545.9619,1374.76318,540.4463,937.413452,504.88,935.5599,506.522461,942.8086,500.099976,947.0326,496.357422
User_01/Grid_15/HP_081/12.png,HP_081,-13.5573,10.4737,-6.6129,-13.4031,-7.6296,53.0944,11.0,5.5,0.0,1399.98486,552.3153,1404.822,554.5917,1385.86328,545.6698,1374.76318,540.4463,953.1347,504.2743,954.3084,505.797119,949.7143,499.83667,947.0326,496.357422
User_01/Grid_15/HP_081/13.png,HP_081,-13.5573,10.4737,-6.6129,-13.4031,-7.6296,53.0944,11.0,11.0,0.0,1399.42627,559.313843,1404.15137,562.9287,1385.62268,548.7539,1374.76318,540.4463,952.589844,511.5984,953.658,514.5276,949.4759,503.05835,947.0326,496.357422
User_01/Grid_15/HP_081/14.png,HP_081,-13.5573,10.4737,-6.6129,-13.4031,-7.6296,53.0944,0.0,11.0,0.0,1384.68115,560.518066,1386.58582,564.3728,1379.12537,549.2743,1374.76318,540.4463,937.4201,512.709839,935.5698,515.8573,942.809265,503.542,947.0326,496.357422
User_01/Grid_15/HP_081/15.png,HP_081,-13.5573,10.4737,-6.6129,-13.4031,-7.6296,53.0944,-11.0,11.0,0.0,1368.23462,561.0215,1366.97925,564.9779,1371.89343,549.4905,1374.76318,540.4463,920.61,513.147,915.5224,516.3799,935.4258,503.7328,947.0326,496.357422
User_01/Grid_15/HP_082/01.png,HP_082,-3.552,17.2521,1.0469,-8.949,-3.16,56.4987,11.0,-11.0,0.0,1761.52417,702.634155,1765.93213,700.50354,1748.66187,708.85144,1738.55811,713.7355,1367.53943,698.8457,1368.75964,696.1758,1363.98389,706.624756,1361.19641,712.7235
User_01/Grid_15/HP_082/02.png,HP_082,-3.552,17.2521,1.0469,-8.949,-3.16,56.4987,0.0,-11.0,0.0,1747.68945,701.7125,1749.44543,699.4005,1742.57178,708.4507,1738.55811,713.7355,1352.73816,698.0957,1351.10889,695.2787,1357.4812,706.298462,1361.19641,712.7235
User_01/Grid_15/HP_082/03.png,HP_082,-3.552,17.2521,1.0469,-8.949,-3.16,56.4987,-11.0,-11.0,0.0,1732.96606,701.515869,1731.89,699.164551,1736.10083,708.3657,1738.55811,713.7355,1337.0542,698.1388,1332.40588,695.3307,1350.5907,706.3164,1361.19641,712.7235
User_01/Grid_15/HP_082/04.png,HP_082,-3.552,17.2521,1.0469,-8.949,-3.16,56.4987,-11.0,-5.5,0.0,1732.91455,708.929932,1731.82874,708.0054,1736.07813,711.6238,1738.55811,713.7355,1336.96265,705.8341,1332.29639,704.507568,1350.551,709.697144,1361.19641,712.7235
User_01/Grid_15/HP_082/05.png,HP_082,-3.552,17.2521,1.0469,-8.949,-3.16,56.4987,0.0,-5.5,0.0,1747.67456,709.087036,1749.42761,708.193359,1742.56531,711.692261,1738.55811,713.7355,1352.72168,705.7722,1351.08936,704.43335,1357.47412,709.6704,1361.19641,712.7235
User_01/Grid_15/HP_082/06.png,HP_082,-3.552,17.2521,1.0469,-8.949,-3.16,56.4987,11.0,-5.5,0.0,1761.54028,709.6073,1765.95142,708.815063,1748.669,711.9192,1738.55811,713.7355,1367.58337,706.116455,1368.81226,704.8452,1364.003,709.8202,1361.19641,712.7235
User_01/Grid_15/HP_082/07.png,HP_082,-3.552,17.2521,1.0469,-8.949,-3.16,56.4987,11.0,0.0,0.0,1761.38489,716.6101,1765.76477,717.161743,1748.602,715.000366,1738.55811,713.7355,1367.45093,713.4459,1368.65381,713.584961,1363.94507,713.041,1361.19641,712.7235
User_01/Grid_15/HP_082/08.png,HP_082,-3.552,17.2521,1.0469,-8.949,-3.16,56.4987,0.0,0.0,0.0,1747.65808,716.499268,1749.4071,717.0304,1742.55872,714.950439,1738.55811,713.7355,1352.70837,713.5199,1351.074,713.6732,1357.46777,713.073242,1361.19641,712.7235
User_01/Grid_15/HP_082/09.png,HP_082,-3.552,17.2521,1.0469,-8.949,-3.16,56.4987,-11.0,0.0,0.0,1733.05591,716.381348,1731.99756,716.890259,1736.13989,714.898438,1738.55811,713.7355,1337.09656,713.602051,1332.45752,713.77124,1350.60864,713.1095,1361.19641,712.7235
User_01/Grid_15/HP_082/10.png,HP_082,-3.552,17.2521,1.0469,-8.949,-3.16,56.4987,-11.0,5.5,0.0,1733.37488,723.584351,1732.37866,725.4774,1736.2793,718.065552,1738.55811,713.7355,1337.439,721.1205,1332.86841,722.73584,1350.75574,716.4136,1361.19641,712.7235
User_01/Grid_15/HP_082/11.png,HP_082,-3.552,17.2521,1.0469,-8.949,-3.16,56.4987,0.0,5.5,0.0,1747.64014,723.660645,1749.38477,725.5674,1742.552,718.1002,1738.55811,713.7355,1352.69812,721.0259,1351.06274,722.623657,1357.4624,716.37146,1361.19641,712.7235
User_01/Grid_15/HP_082/12.png,HP_082,-3.552,17.2521,1.0469,-8.949,-3.16,56.4987,11.0,5.5,0.0,1761.07129,723.392944,1765.38843,725.2449,1748.4668,717.985962,1738.55811,713.7355,1367.15381,720.573242,1368.29919,722.0824,1363.81531,716.1743,1361.19641,712.7235
User_01/Grid_15/HP_082/13.png,HP_082,-3.552,17.2521,1.0469,-8.949,-3.16,56.4987,11.0,11.0,0.0,1760.62769,729.746948,1764.85645,732.8147,1748.27539,720.785156,1738.55811,713.7355,1366.7196,727.2766,1367.78064,730.0724,1363.62524,719.1233,1361.19641,712.7235
User_01/Grid_15/HP_082/14.png,HP_082,-3.552,17.2521,1.0469,-8.949,-3.16,56.4987,0.0,11.0,0.0,1747.62158,730.3341,1749.361,733.519653,1742.54565,721.0383,1738.55811,713.7355,1352.69092,728.030151,1351.05566,730.973267,1357.45764,719.452,1361.19641,712.7235
User_01/Grid_15/HP_082/15.png,HP_082,-3.552,17.2521,1.0469,-8.949,-3.16,56.4987,-11.0,11.0,0.0,1733.83862,730.303,1732.93237,733.484253,1736.4823,721.0226,1738.55811,713.7355,1337.95044,728.1228,1333.4823,731.082642,1350.9762,719.4939,1361.19641,712.7235
User_01/Grid_15/HP_083/01.png,HP_083,-5.7611,15.5746,-0.68862,-8.0155,3.2664,52.5856,11.0,-11.0,0.0,1797.02747,1114.40137,1802.05322,1111.85571,1782.37878,1121.82129,1770.88843,1127.64148,1363.70728,1120.331,1365.234,1117.29529,1359.26379,1129.16687,1355.78516,1136.084
User_01/Grid_15/HP_083/02.png,HP_083,-5.7611,15.5746,-0.68862,-8.0155,3.2664,52.5856,0.0,-11.0,0.0,1780.83228,1113.50122,1782.74817,1110.77661,1775.25525,1121.43176,1770.88843,1127.64148,1346.50244,1119.1969,1344.71143,1115.93848,1351.7113,1128.673,1355.78516,1136.084
User_01/Grid_15/HP_083/03.png,HP_083,-5.7611,15.5746,-0.68862,-8.0155,3.2664,52.5856,-11.0,-11.0,0.0,1763.62415,1113.57922,1762.22375,1110.86829,1767.69922,1121.46765,1770.88843,1127.64148,1328.26331,1119.08289,1322.95557,1115.804,1343.70447,1128.62134,1355.78516,1136.084
User_01/Grid_15/HP_083/04.png,HP_083,-5.7611,15.5746,-0.68862,-8.0155,3.2664,52.5856,-11.0,-5.5,0.0,1763.22974,1122.03137,1761.75256,1120.94934,1767.527,1125.17908,1770.88843,1127.64148,1327.76465,1127.83667,1322.35657,1126.245,1343.48975,1132.46509,1355.78516,1136.084
User_01/Grid_15/HP_083/05.png,HP_083,-5.7611,15.5746,-0.68862,-8.0155,3.2664,52.5856,0.0,-5.5,0.0,1780.81946,1121.93933,1782.73413,1120.84009,1775.24854,1125.13806,1770.88843,1127.64148,1346.48389,1127.96387,1344.68787,1126.396,1351.70459,1132.52161,1355.78516,1136.084
User_01/Grid_15/HP_083/06.png,HP_083,-5.7611,15.5746,-0.68862,-8.0155,3.2664,52.5856,11.0,-5.5,0.0,1797.35,1122.37158,1802.44019,1121.35791,1782.51807,1125.32544,1770.88843,1127.64148,1364.06982,1128.63062,1365.66748,1127.19324,1359.42188,1132.812,1355.78516,1136.084
User_01/Grid_15/HP_083/07.png,HP_083,-5.7611,15.5746,-0.68862,-8.0155,3.2664,52.5856,11.0,0.0,0.0,1797.44312,1130.67749,1802.55164,1131.26147,1782.55835,1128.97571,1770.88843,1127.64148,1364.2019,1137.30762,1365.82507,1137.54358,1359.47961,1136.62109,1355.78516,1136.084
User_01/Grid_15/HP_083/08.png,HP_083,-5.7611,15.5746,-0.68862,-8.0155,3.2664,52.5856,0.0,0.0,0.0,1780.8042,1130.77039,1782.716,1131.37378,1775.24146,1129.01514,1770.88843,1127.64148,1346.46814,1137.196,1344.669,1137.411,1351.69824,1136.57178,1355.78516,1136.084
User_01/Grid_15/HP_083/09.png,HP_083,-5.7611,15.5746,-0.68862,-8.0155,3.2664,52.5856,-11.0,0.0,0.0,1763.09058,1130.86414,1761.5863,1131.48584,1767.466,1129.05591,1770.88843,1127.64148,1327.55957,1137.069,1322.11072,1137.25916,1343.40137,1136.51611,1355.78516,1136.084
User_01/Grid_15/HP_083/10.png,HP_083,-5.7611,15.5746,-0.68862,-8.0155,3.2664,52.5856,-11.0,5.5,0.0,1763.22668,1139.67969,1761.74915,1142.00122,1767.52515,1132.9259,1770.88843,1127.64148,1327.67786,1146.333,1322.25293,1148.311,1343.4519,1140.581,1355.78516,1136.084
User_01/Grid_15/HP_083/11.png,HP_083,-5.7611,15.5746,-0.68862,-8.0155,3.2664,52.5856,0.0,5.5,0.0,1780.78638,1139.58691,1782.69409,1141.8894,1775.23425,1132.88647,1770.88843,1127.64148,1346.45618,1146.457,1344.65479,1148.46021,1351.69263,1140.63464,1355.78516,1136.084
User_01/Grid_15/HP_083/12.png,HP_083,-5.7611,15.5746,-0.68862,-8.0155,3.2664,52.5856,11.0,5.5,0.0,1797.29053,1138.96924,1802.36816,1141.14783,1782.4928,1132.62036,1770.88843,1127.64148,1364.08447,1146.00513,1365.68481,1147.91821,1359.42834,1140.43909,1355.78516,1136.084
User_01/Grid_15/HP_083/13.png,HP_083,-5.7611,15.5746,-0.68862,-8.0155,3.2664,52.5856,11.0,11.0,0.0,1796.907,1146.89478,1801.90747,1150.595,1782.32788,1136.10657,1770.88843,1127.64148,1363.73,1154.359,1365.26111,1157.881,1359.27356,1144.1084,1355.78516,1136.084
User_01/Grid_15/HP_083/14.png,HP_083,-5.7611,15.5746,-0.68862,-8.0155,3.2664,52.5856,0.0,11.0,0.0,1780.76672,1147.97827,1782.66931,1151.895,1775.22729,1136.574,1770.88843,1127.64148,1346.44775,1155.2998,1344.646,1159.00757,1351.6875,1144.5166,1355.78516,1136.084
User_01/Grid_15/HP_083/15.png,HP_083,-5.7611,15.5746,-0.68862,-8.0155,3.2664,52.5856,-11.0,11.0,0.0,1763.62134,1148.07837,1762.2207,1152.0166,1767.69727,1136.61584,1770.88843,1127.64148,1328.10156,1155.17017,1322.76208,1158.85132,1343.63391,1144.46155,1355.78516,1136.084
User_01/Grid_15/HP_084/01.png,HP_084,3.4251,5.5043,0.20077,-6.4709,7.7238,54.1812,11.0,-11.0,0.0,1794.11511,1298.64917,1798.85254,1296.3584,1780.29858,1305.33032,1769.45239,1310.5752,1373.60522,1298.47827,1374.848,1295.71924,1369.9845,1306.51746,1367.14563,1312.82019
User_01/Grid_15/HP_084/02.png,HP_084,3.4251,5.5043,0.20077,-6.4709,7.7238,54.1812,0.0,-11.0,0.0,1779.03882,1297.77393,1780.88367,1295.3103,1773.66455,1304.95056,1769.45239,1310.5752,1358.31738,1297.6521,1356.61719,1294.7312,1363.2677,1306.15747,1367.14563,1312.82019
User_01/Grid_15/HP_084/03.png,HP_084,3.4251,5.5043,0.20077,-6.4709,7.7238,54.1812,-11.0,-11.0,0.0,1763.07483,1297.72314,1761.8468,1295.24829,1766.65088,1304.92957,1769.45239,1310.5752,1342.2063,1297.633,1337.40576,1294.70972,1356.18872,1306.14783,1367.14563,1312.82019
User_01/Grid_15/HP_084/04.png,HP_084,3.4251,5.5043,0.20077,-6.4709,7.7238,54.1812,-11.0,-5.5,0.0,1762.64929,1305.43628,1761.3385,1304.446,1766.465,1308.31848,1769.45239,1310.5752,1341.7019,1305.42676,1336.80042,1304.00244,1355.97131,1309.57324,1367.14563,1312.82019
User_01/Grid_15/HP_084/05.png,HP_084,3.4251,5.5043,0.20077,-6.4709,7.7238,54.1812,0.0,-5.5,0.0,1779.05884,1305.47034,1780.90894,1304.4873,1773.672,1308.333,1769.45239,1310.5752,1358.313,1305.447,1356.61072,1304.02612,1363.26709,1309.58276,1367.14563,1312.82019
User_01/Grid_15/HP_084/06.png,HP_084,3.4251,5.5043,0.20077,-6.4709,7.7238,54.1812,11.0,-5.5,0.0,1794.52173,1305.95166,1799.33984,1305.06311,1780.47437,1308.54248,1769.45239,1310.5752,1374.00952,1305.90479,1375.33069,1304.57361,1370.161,1309.7821,1367.14563,1312.82019
User_01/Grid_15/HP_084/07.png,HP_084,3.4251,5.5043,0.20077,-6.4709,7.7238,54.1812,11.0,0.0,0.0,1794.74182,1313.639,1799.60352,1314.228,1780.56982,1311.92212,1769.45239,1310.5752,1374.23608,1313.73889,1375.60156,1313.91577,1370.26013,1313.22363,1367.14563,1312.82019
User_01/Grid_15/HP_084/08.png,HP_084,3.4251,5.5043,0.20077,-6.4709,7.7238,54.1812,0.0,0.0,0.0,1779.07776,1313.617,1780.93213,1314.20288,1773.67957,1311.91113,1769.45239,1310.5752,1358.31,1313.7301,1356.60645,1313.90552,1363.26672,1313.21973,1367.14563,1312.82019
User_01/Grid_15/HP_084/09.png,HP_084,3.4251,5.5043,0.20077,-6.4709,7.7238,54.1812,-11.0,0.0,0.0,1762.43091,1313.59229,1761.07751,1314.17383,1766.36951,1311.8999,1769.45239,1310.5752,1341.41565,1313.71973,1336.45654,1313.89307,1355.8479,1313.21521,1367.14563,1312.82019
User_01/Grid_15/HP_084/10.png,HP_084,3.4251,5.5043,0.20077,-6.4709,7.7238,54.1812,-11.0,5.5,0.0,1762.4502,1321.86426,1761.10059,1324.04,1766.37781,1315.5321,1769.45239,1310.5752,1341.3844,1322.169,1336.41931,1323.971,1355.83447,1316.925,1367.14563,1312.82019
User_01/Grid_15/HP_084/11.png,HP_084,3.4251,5.5043,0.20077,-6.4709,7.7238,54.1812,0.0,5.5,0.0,1779.09485,1321.87988,1780.95239,1324.05737,1773.68726,1315.54016,1769.45239,1310.5752,1358.30872,1322.1665,1356.60486,1323.96863,1363.26624,1316.92322,1367.14563,1312.82019
User_01/Grid_15/HP_084/12.png,HP_084,3.4251,5.5043,0.20077,-6.4709,7.7238,54.1812,11.0,5.5,0.0,1794.749,1321.42065,1799.61182,1323.50537,1780.57349,1315.34326,1769.45239,1310.5752,1374.2605,1321.7,1375.63062,1323.40991,1370.27075,1316.72058,1367.14563,1312.82019
User_01/Grid_15/HP_084/13.png,HP_084,3.4251,5.5043,0.20077,-6.4709,7.7238,54.1812,11.0,11.0,0.0,1794.54163,1328.979,1799.3623,1332.51526,1780.48462,1318.66772,1769.45239,1310.5752,1374.07886,1329.47876,1375.41357,1332.68591,1370.19153,1320.13843,1367.14563,1312.82019
User_01/Grid_15/HP_084/14.png,HP_084,3.4251,5.5043,0.20077,-6.4709,7.7238,54.1812,0.0,11.0,0.0,1779.10986,1329.88989,1780.96924,1333.60864,1773.695,1319.06,1769.45239,1310.5752,1358.3092,1330.382,1356.606,1333.76685,1363.26575,1320.53125,1367.14563,1312.82019
User_01/Grid_15/HP_084/15.png,HP_084,3.4251,5.5043,0.20077,-6.4709,7.7238,54.1812,-11.0,11.0,0.0,1762.70923,1329.89148,1761.41016,1333.61255,1766.49084,1319.05872,1769.45239,1310.5752,1341.61353,1330.38965,1336.69446,1333.77466,1355.93286,1320.53613,1367.14563,1312.82019
User_01/Grid_15/HP_085/01.png,HP_085,6.7358,18.9671,-5.6786,-12.2538,12.0204,53.8967,11.0,-11.0,0.0,1595.8457,1573.58374,1600.22571,1571.65808,1583.058,1579.20581,1573.00537,1583.62549,1183.4292,1539.478,1184.51855,1536.73828,1180.25317,1547.46631,1177.76111,1553.734
User_01/Grid_15/HP_085/02.png,HP_085,6.7358,18.9671,-5.6786,-12.2538,12.0204,53.8967,0.0,-11.0,0.0,1582.105,1572.72546,1583.85339,1570.6311,1577.00659,1578.83252,1573.00537,1583.62549,1168.713,1538.50757,1166.97192,1535.57764,1173.78516,1547.04321,1177.76111,1553.734
User_01/Grid_15/HP_085/03.png,HP_085,6.7358,18.9671,-5.6786,-12.2538,12.0204,53.8967,-11.0,-11.0,0.0,1567.22119,1572.51514,1566.10913,1570.37866,1570.463,1578.742,1573.00537,1583.62549,1152.86548,1538.22046,1148.0752,1535.2356,1166.82129,1546.917,1177.76111,1553.734
User_01/Grid_15/HP_085/04.png,HP_085,6.7358,18.9671,-5.6786,-12.2538,12.0204,53.8967,-11.0,-5.5,0.0,1566.6709,1579.73047,1565.45178,1578.981,1570.222,1581.91406,1573.00537,1583.62549,1152.22229,1545.71582,1147.3031,1544.17163,1166.54407,1550.2124,1177.76111,1553.734
User_01/Grid_15/HP_085/05.png,HP_085,6.7358,18.9671,-5.6786,-12.2538,12.0204,53.8967,0.0,-5.5,0.0,1582.09021,1579.82422,1583.83716,1579.09338,1576.99854,1581.95459,1573.00537,1583.62549,1168.70911,1545.92053,1166.96558,1544.41565,1173.78528,1550.30225,1177.76111,1553.734
User_01/Grid_15/HP_085/06.png,HP_085,6.7358,18.9671,-5.6786,-12.2538,12.0204,53.8967,11.0,-5.5,0.0,1596.26453,1580.2771,1600.72778,1579.63464,1583.23914,1582.15234,1573.00537,1583.62549,1183.91443,1546.49707,1185.0979,1545.1051,1180.46545,1550.55347,1177.76111,1553.734
User_01/Grid_15/HP_085/07.png,HP_085,6.7358,18.9671,-5.6786,-12.2538,12.0204,53.8967,11.0,0.0,0.0,1596.54492,1587.40564,1601.06384,1588.13123,1583.36035,1585.28833,1573.00537,1583.62549,1184.25916,1554.00024,1185.50964,1554.05151,1180.61609,1553.85107,1177.76111,1553.734
User_01/Grid_15/HP_085/08.png,HP_085,6.7358,18.9671,-5.6786,-12.2538,12.0204,53.8967,0.0,0.0,0.0,1582.07288,1587.44409,1583.8175,1588.179,1576.99,1585.30359,1573.00537,1583.62549,1168.70776,1553.92847,1166.96265,1553.96582,1173.78589,1553.81934,1177.76111,1553.734
User_01/Grid_15/HP_085/09.png,HP_085,6.7358,18.9671,-5.6786,-12.2538,12.0204,53.8967,-11.0,0.0,0.0,1566.27917,1587.48267,1564.98389,1588.22534,1570.0509,1585.31982,1573.00537,1583.62549,1151.76062,1553.84558,1146.74878,1553.867,1166.34534,1553.783,1177.76111,1553.734
User_01/Grid_15/HP_085/10.png,HP_085,6.7358,18.9671,-5.6786,-12.2538,12.0204,53.8967,-11.0,5.5,0.0,1566.09009,1595.507,1564.758,1597.79541,1569.968,1588.844,1573.00537,1583.62549,1151.5354,1562.31628,1146.47827,1563.97119,1166.24841,1557.50146,1177.76111,1553.734
User_01/Grid_15/HP_085/11.png,HP_085,6.7358,18.9671,-5.6786,-12.2538,12.0204,53.8967,0.0,5.5,0.0,1582.05322,1595.32654,1583.79431,1597.57825,1576.981,1588.76709,1573.00537,1583.62549,1168.70935,1562.25427,1166.96387,1563.897,1173.78735,1557.47449,1177.76111,1553.734
User_01/Grid_15/HP_085/12.png,HP_085,6.7358,18.9671,-5.6786,-12.2538,12.0204,53.8967,11.0,5.5,0.0,1596.65479,1594.7478,1601.19531,1596.8833,1583.4082,1588.518,1573.00537,1583.62549,1184.43,1561.75854,1185.71387,1563.30334,1180.6908,1557.25928,1177.76111,1553.734
User_01/Grid_15/HP_085/13.png,HP_085,6.7358,18.9671,-5.6786,-12.2538,12.0204,53.8967,11.0,11.0,0.0,1596.57764,1602.03394,1601.10254,1605.56763,1583.37512,1591.72363,1573.00537,1583.62549,1184.40991,1569.4917,1185.68982,1572.52515,1180.68213,1560.65674,1177.76111,1553.734
User_01/Grid_15/HP_085/14.png,HP_085,6.7358,18.9671,-5.6786,-12.2538,12.0204,53.8967,0.0,11.0,0.0,1582.03125,1603.14832,1583.76782,1606.90454,1576.9718,1592.20471,1573.00537,1583.62549,1168.71387,1570.54761,1166.96936,1573.78943,1173.78931,1561.11548,1177.76111,1553.734
User_01/Grid_15/HP_085/15.png,HP_085,6.7358,18.9671,-5.6786,-12.2538,12.0204,53.8967,-11.0,11.0,0.0,1566.12756,1603.4707,1564.803,1607.29248,1569.98425,1592.34253,1573.00537,1583.62549,1151.57617,1570.75183,1146.52722,1574.0332,1166.266,1561.20483,1177.76111,1553.734
User_01/Grid_15/HP_086/01.png,HP_086,-10.6176,-8.1689,2.7126,2.3251,-6.7838,55.9318,11.0,-11.0,0.0,2193.7627,543.2449,2198.691,540.7228,2179.4082,550.5913,2168.15869,556.348633,1788.489,560.0005,1789.87769,557.2389,1784.44531,568.0426,1781.277,574.3434
User_01/Grid_15/HP_086/02.png,HP_086,-10.6176,-8.1689,2.7126,2.3251,-6.7838,55.9318,0.0,-11.0,0.0,2177.751,542.7799,2179.59937,540.165039,2172.37085,550.3904,2168.15869,556.348633,1773.00342,559.623169,1771.41,556.7882,1777.643,567.8777,1781.277,574.3434
User_01/Grid_15/HP_086/03.png,HP_086,-10.6176,-8.1689,2.7126,2.3251,-6.7838,55.9318,-11.0,-11.0,0.0,2161.82446,543.254639,2160.60425,540.732544,2165.37671,550.5979,2168.15869,556.348633,1757.64917,560.130249,1753.10449,557.396362,1770.89246,568.0967,1781.277,574.3434
User_01/Grid_15/HP_086/04.png,HP_086,-10.6176,-8.1689,2.7126,2.3251,-6.7838,55.9318,-11.0,-5.5,0.0,2161.90649,551.144043,2160.70239,550.1416,2165.4126,554.0626,2168.15869,556.348633,1757.66943,567.8485,1753.129,566.599365,1770.90112,571.4889,1781.277,574.3434
User_01/Grid_15/HP_086/05.png,HP_086,-10.6176,-8.1689,2.7126,2.3251,-6.7838,55.9318,0.0,-5.5,0.0,2177.78369,550.9249,2179.63818,549.8799,2172.3855,553.9669,2168.15869,556.348633,1773.008,567.595337,1771.41577,566.2959,1777.6449,571.3793,1781.277,574.3434
User_01/Grid_15/HP_086/06.png,HP_086,-10.6176,-8.1689,2.7126,2.3251,-6.7838,55.9318,11.0,-5.5,0.0,2193.744,551.1731,2198.66748,550.1771,2179.40063,554.074463,2168.15869,556.348633,1788.47375,567.782959,1789.85925,566.52,1784.43872,571.4614,1781.277,574.3434
User_01/Grid_15/HP_086/07.png,HP_086,-10.6176,-8.1689,2.7126,2.3251,-6.7838,55.9318,11.0,0.0,0.0,2193.49951,559.0499,2198.37354,559.569336,2179.29614,557.5359,2168.15869,556.348633,1788.25586,575.5448,1789.59875,575.7761,1784.34351,574.871338,1781.277,574.3434
User_01/Grid_15/HP_086/08.png,HP_086,-10.6176,-8.1689,2.7126,2.3251,-6.7838,55.9318,0.0,0.0,0.0,2177.8125,559.0165,2179.67163,559.530151,2172.39941,557.5205,2168.15869,556.348633,1773.0144,575.548,1771.42383,575.7798,1777.64685,574.8727,1781.277,574.3434
User_01/Grid_15/HP_086/09.png,HP_086,-10.6176,-8.1689,2.7126,2.3251,-6.7838,55.9318,-11.0,0.0,0.0,2162.19336,558.983032,2161.04517,559.490234,2165.53784,557.5061,2168.15869,556.348633,1757.89966,575.5503,1753.4054,575.7822,1771.00024,574.8739,1781.277,574.3434
User_01/Grid_15/HP_086/10.png,HP_086,-10.6176,-8.1689,2.7126,2.3251,-6.7838,55.9318,-11.0,5.5,0.0,2162.65771,566.4757,2161.59961,568.423462,2165.741,560.799561,2168.15869,556.348633,1758.31409,582.9347,1753.90271,584.5852,1771.179,578.12146,1781.277,574.3434
User_01/Grid_15/HP_086/11.png,HP_086,-10.6176,-8.1689,2.7126,2.3251,-6.7838,55.9318,0.0,5.5,0.0,2177.83765,566.7223,2179.7,568.71814,2172.41235,560.907349,2168.15869,556.348633,1773.02173,583.158447,1771.434,584.854,1777.6488,578.2178,1781.277,574.3434
User_01/Grid_15/HP_086/12.png,HP_086,-10.6176,-8.1689,2.7126,2.3251,-6.7838,55.9318,11.0,5.5,0.0,2193.05957,566.5598,2197.84521,568.5221,2179.107,560.8384,2168.15869,556.348633,1787.85913,582.991333,1789.12476,584.6544,1784.17017,578.144653,1781.277,574.3434
User_01/Grid_15/HP_086/13.png,HP_086,-10.6176,-8.1689,2.7126,2.3251,-6.7838,55.9318,11.0,11.0,0.0,2192.472,573.4647,2197.1394,576.750732,2178.85425,563.878052,2168.15869,556.348633,1787.32336,589.8926,1788.485,592.879639,1783.93591,581.1813,1781.277,574.3434
User_01/Grid_15/HP_086/14.png,HP_086,-10.6176,-8.1689,2.7126,2.3251,-6.7838,55.9318,0.0,11.0,0.0,2177.859,573.792969,2179.72314,577.1454,2172.42383,564.018555,2168.15869,556.348633,1773.02991,590.179443,1771.44543,593.222046,1777.65063,581.307,1781.277,574.3434
User_01/Grid_15/HP_086/15.png,HP_086,-10.6176,-8.1689,2.7126,2.3251,-6.7838,55.9318,-11.0,11.0,0.0,2163.25757,573.3937,2162.316,576.6687,2166.00366,563.84375,2168.15869,556.348633,1758.87061,589.768555,1754.57043,592.729248,1771.41931,581.13,1781.277,574.3434
User_01/Grid_15/HP_087/01.png,HP_087,-4.9052,6.401,5.0582,0.14945,-3.0665,53.2495,11.0,-11.0,0.0,2214.71,670.9581,2219.98584,668.0785,2199.352,679.3408,2187.326,685.905,1789.54248,703.7407,1791.27734,700.637939,1784.49683,712.7656,1780.55,719.8248
User_01/Grid_15/HP_087/02.png,HP_087,-4.9052,6.401,5.0582,0.14945,-3.0665,53.2495,0.0,-11.0,0.0,2197.53784,670.3668,2199.50781,667.3694,2191.80786,679.0853,2187.326,685.905,1771.73486,703.321045,1770.03369,700.1361,1776.68176,712.582764,1780.55,719.8248
User_01/Grid_15/HP_087/03.png,HP_087,-4.9052,6.401,5.0582,0.14945,-3.0665,53.2495,-11.0,-11.0,0.0,2180.49463,670.8613,2179.17725,667.9608,2184.327,679.3009,2187.326,685.905,1754.081,704.0603,1748.98071,701.0227,1768.92676,712.9021,1780.55,719.8248
User_01/Grid_15/HP_087/04.png,HP_087,-4.9052,6.401,5.0582,0.14945,-3.0665,53.2495,-11.0,-5.5,0.0,2180.42188,679.4088,2179.09033,678.15625,2184.295,683.053345,2187.326,685.905,1753.94812,712.73645,1748.82153,711.3705,1768.869,716.7123,1780.55,719.8248
User_01/Grid_15/HP_087/05.png,HP_087,-4.9052,6.401,5.0582,0.14945,-3.0665,53.2495,0.0,-5.5,0.0,2197.52734,679.2147,2199.49561,677.9241,2191.80322,682.9689,2187.326,685.905,1771.71216,712.3196,1770.00635,710.871,1776.67212,716.5316,1780.55,719.8248
User_01/Grid_15/HP_087/06.png,HP_087,-4.9052,6.401,5.0582,0.14945,-3.0665,53.2495,11.0,-5.5,0.0,2214.76978,679.5729,2220.05713,678.3529,2199.378,683.124268,2187.326,685.905,1789.62891,712.49585,1791.38049,711.0818,1784.53442,716.6084,1780.55,719.8248
User_01/Grid_15/HP_087/07.png,HP_087,-4.9052,6.401,5.0582,0.14945,-3.0665,53.2495,11.0,0.0,0.0,2214.55786,688.2566,2219.80249,688.7095,2199.287,686.937866,2187.326,685.905,1789.44678,721.3584,1791.16272,721.6542,1784.4552,720.4979,1780.55,719.8248
User_01/Grid_15/HP_087/08.png,HP_087,-4.9052,6.401,5.0582,0.14945,-3.0665,53.2495,0.0,0.0,0.0,2197.51514,688.1371,2199.47974,688.5675,2191.79858,686.884766,2187.326,685.905,1771.69287,721.4385,1769.98389,721.7499,1776.663,720.532959,1780.55,719.8248
User_01/Grid_15/HP_087/09.png,HP_087,-4.9052,6.401,5.0582,0.14945,-3.0665,53.2495,-11.0,0.0,0.0,2180.5957,688.019531,2179.29858,688.4271,2184.37085,686.8334,2187.326,685.905,1754.096,721.5209,1748.99939,721.8474,1768.93225,720.5697,1780.55,719.8248
User_01/Grid_15/HP_087/10.png,HP_087,-4.9052,6.401,5.0582,0.14945,-3.0665,53.2495,-11.0,5.5,0.0,2180.99658,696.329346,2179.77734,698.337158,2184.546,690.4835,2187.326,685.905,1754.504,730.0099,1749.48962,731.9706,1769.10754,724.2993,1780.55,719.8248
User_01/Grid_15/HP_087/11.png,HP_087,-4.9052,6.401,5.0582,0.14945,-3.0665,53.2495,0.0,5.5,0.0,2197.50049,696.7191,2199.461,698.802856,2191.794,690.653931,2187.326,685.905,1771.67712,730.2383,1769.96631,732.24585,1776.65479,724.3965,1780.55,719.8248
User_01/Grid_15/HP_087/12.png,HP_087,-4.9052,6.401,5.0582,0.14945,-3.0665,53.2495,11.0,5.5,0.0,2214.09888,696.6156,2219.251,698.6769,2199.08984,690.6112,2187.326,685.905,1789.01575,729.933,1790.64746,731.8811,1784.26709,724.2632,1780.55,719.8248
User_01/Grid_15/HP_087/13.png,HP_087,-4.9052,6.401,5.0582,0.14945,-3.0665,53.2495,11.0,11.0,0.0,2213.446,704.3334,2218.467,707.876,2198.80884,694.0065,2187.326,685.905,1788.38452,737.8917,1789.89282,741.370361,1783.9917,727.7616,1780.55,719.8248
User_01/Grid_15/HP_087/14.png,HP_087,-4.9052,6.401,5.0582,0.14945,-3.0665,53.2495,0.0,11.0,0.0,2197.48486,704.628662,2199.44,708.2322,2191.78955,694.131836,2187.326,685.905,1771.66492,738.360352,1769.95374,741.929932,1776.64734,727.9667,1780.55,719.8248
User_01/Grid_15/HP_087/15.png,HP_087,-4.9052,6.401,5.0582,0.14945,-3.0665,53.2495,-11.0,11.0,0.0,2181.579,704.0399,2180.47314,707.5292,2184.80054,693.874146,2187.326,685.905,1755.12109,737.8718,1750.23059,741.342651,1769.37317,727.7571,1780.55,719.8248
User_01/Grid_15/HP_088/01.png,HP_088,4.8293,-1.6583,-1.96,-2.6765,5.5241,54.5699,11.0,-11.0,0.0,1966.48889,1151.39148,1971.27454,1149.11169,1952.54016,1158.0365,1941.59888,1163.24878,1553.95361,1135.48364,1555.23767,1132.61658,1550.21326,1143.8363,1547.28113,1150.38379
User_01/Grid_15/HP_088/02.png,HP_088,4.8293,-1.6583,-1.96,-2.6765,5.5241,54.5699,0.0,-11.0,0.0,1951.03931,1150.59924,1952.85718,1148.16333,1945.74561,1157.69238,1941.59888,1163.24878,1538.68054,1134.91614,1537.02466,1131.93787,1543.50317,1143.58911,1547.28113,1150.38379
User_01/Grid_15/HP_088/03.png,HP_088,4.8293,-1.6583,-1.96,-2.6765,5.5241,54.5699,-11.0,-11.0,0.0,1935.108,1150.68628,1933.85791,1148.26685,1938.74792,1157.731,1941.59888,1163.24878,1522.99146,1135.192,1518.318,1132.269,1536.60742,1143.70789,1547.28113,1150.38379
User_01/Grid_15/HP_088/04.png,HP_088,4.8293,-1.6583,-1.96,-2.6765,5.5241,54.5699,-11.0,-5.5,0.0,1934.79907,1158.41846,1933.48865,1157.48755,1938.61292,1161.12769,1941.59888,1163.24878,1522.61255,1142.87012,1517.86328,1141.42358,1536.44409,1147.08289,1547.28113,1150.38379
User_01/Grid_15/HP_088/05.png,HP_088,4.8293,-1.6583,-1.96,-2.6765,5.5241,54.5699,0.0,-5.5,0.0,1951.07275,1158.42407,1952.89832,1157.49438,1945.75928,1161.13,1941.59888,1163.24878,1538.679,1142.69312,1537.02136,1141.21118,1543.50354,1147.00635,1547.28113,1150.38379
User_01/Grid_15/HP_088/06.png,HP_088,4.8293,-1.6583,-1.96,-2.6765,5.5241,54.5699,11.0,-5.5,0.0,1966.842,1158.90027,1971.69751,1158.06384,1952.693,1161.33765,1941.59888,1163.24878,1554.28613,1142.969,1555.63477,1141.5415,1550.35864,1147.12646,1547.28113,1150.38379
User_01/Grid_15/HP_088/07.png,HP_088,4.8293,-1.6583,-1.96,-2.6765,5.5241,54.5699,11.0,0.0,0.0,1966.98743,1166.72412,1971.87122,1167.39258,1952.75647,1164.77612,1941.59888,1163.24878,1554.42773,1150.78931,1555.80408,1150.86743,1550.42041,1150.56189,1547.28113,1150.38379
User_01/Grid_15/HP_088/08.png,HP_088,4.8293,-1.6583,-1.96,-2.6765,5.5241,54.5699,0.0,0.0,0.0,1951.105,1166.60681,1952.937,1167.25391,1945.77319,1164.72339,1941.59888,1163.24878,1538.67871,1150.85571,1537.02075,1150.94666,1543.50391,1150.59106,1547.28113,1150.38379
User_01/Grid_15/HP_088/09.png,HP_088,4.8293,-1.6583,-1.96,-2.6765,5.5241,54.5699,-11.0,0.0,0.0,1934.70337,1166.489,1933.37451,1167.1134,1938.571,1164.67163,1941.59888,1163.24878,1522.45337,1150.92554,1517.67224,1151.02991,1536.37524,1150.6217,1547.28113,1150.38379
User_01/Grid_15/HP_088/10.png,HP_088,4.8293,-1.6583,-1.96,-2.6765,5.5241,54.5699,-11.0,5.5,0.0,1934.83813,1174.56836,1933.53589,1176.74939,1938.62988,1168.21985,1941.59888,1163.24878,1522.5343,1159.02075,1517.76941,1160.68372,1536.41016,1154.17786,1547.28113,1150.38379
User_01/Grid_15/HP_088/11.png,HP_088,4.8293,-1.6583,-1.96,-2.6765,5.5241,54.5699,0.0,5.5,0.0,1951.135,1174.7959,1952.97229,1177.02026,1945.787,1168.32007,1941.59888,1163.24878,1538.6803,1159.06091,1537.02283,1160.733,1543.50439,1154.19409,1547.28113,1150.38379
User_01/Grid_15/HP_088/12.png,HP_088,4.8293,-1.6583,-1.96,-2.6765,5.5241,54.5699,11.0,5.5,0.0,1966.90747,1174.5459,1971.77466,1176.71851,1952.72278,1168.21436,1941.59888,1163.24878,1554.36218,1158.64758,1555.72559,1160.23877,1550.39172,1154.01392,1547.28113,1150.38379
User_01/Grid_15/HP_088/13.png,HP_088,4.8293,-1.6583,-1.96,-2.6765,5.5241,54.5699,11.0,11.0,0.0,1966.61243,1182.04321,1971.42017,1185.65552,1952.59644,1171.512,1941.59888,1163.24878,1554.0968,1166.238,1555.40857,1169.28931,1550.27576,1157.34985,1547.28113,1150.38379
User_01/Grid_15/HP_088/14.png,HP_088,4.8293,-1.6583,-1.96,-2.6765,5.5241,54.5699,0.0,11.0,0.0,1951.16223,1182.6311,1953.00342,1186.36255,1945.80029,1171.76379,1941.59888,1163.24878,1538.68347,1166.9541,1537.02759,1170.14539,1543.50476,1157.662,1547.28113,1150.38379
User_01/Grid_15/HP_088/15.png,HP_088,4.8293,-1.6583,-1.96,-2.6765,5.5241,54.5699,-11.0,11.0,0.0,1935.193,1182.31909,1933.95947,1185.99109,1938.78479,1171.62622,1941.59888,1163.24878,1522.8457,1166.80676,1518.14319,1169.96729,1536.54431,1157.6,1547.28113,1150.38379
User_01/Grid_15/HP_089/01.png,HP_089,8.4459,7.3272,5.4504,-1.3286,10.8201,57.0645,11.0,-11.0,0.0,2092.91846,1396.47485,2097.22583,1394.31543,2080.34839,1402.777,2070.47266,1407.72839,1707.87061,1429.44043,1708.973,1427.113,1704.656,1436.227,1702.133,1441.554
User_01/Grid_15/HP_089/02.png,HP_089,8.4459,7.3272,5.4504,-1.3286,10.8201,57.0645,0.0,-11.0,0.0,2079.66553,1396.01685,2081.4314,1393.76685,2074.51538,1402.57813,2070.47266,1407.72839,1694.15881,1429.14014,1692.62622,1426.75452,1698.62683,1436.09583,1702.133,1441.554
User_01/Grid_15/HP_089/03.png,HP_089,8.4459,7.3272,5.4504,-1.3286,10.8201,57.0645,-11.0,-11.0,0.0,2066.26221,1396.18628,2065.45337,1393.969,2068.621,1402.65259,2070.47266,1407.72839,1680.40637,1429.49475,1676.23462,1427.17932,1692.57617,1436.24951,1702.133,1441.554
User_01/Grid_15/HP_089/04.png,HP_089,8.4459,7.3272,5.4504,-1.3286,10.8201,57.0645,-11.0,-5.5,0.0,2065.88965,1402.71924,2065.00879,1401.75635,2068.458,1405.52625,2070.47266,1407.72839,1679.9707,1436.10156,1675.7124,1435.054,1692.38782,1439.15649,1702.133,1441.554
User_01/Grid_15/HP_089/05.png,HP_089,8.4459,7.3272,5.4504,-1.3286,10.8201,57.0645,0.0,-5.5,0.0,2079.666,1402.65784,2081.43335,1401.68311,2074.51416,1405.49927,2070.47266,1407.72839,1694.14319,1435.888,1692.60657,1434.79822,1698.62122,1439.06348,1702.133,1441.554
User_01/Grid_15/HP_089/06.png,HP_089,8.4459,7.3272,5.4504,-1.3286,10.8201,57.0645,11.0,-5.5,0.0,2093.29248,1402.93872,2097.674,1402.01892,2080.51,1405.62158,2070.47266,1407.72839,1708.259,1436.03369,1709.43677,1434.97241,1704.826,1439.1272,1702.133,1441.554
User_01/Grid_15/HP_089/07.png,HP_089,8.4459,7.3272,5.4504,-1.3286,10.8201,57.0645,11.0,0.0,0.0,2093.52271,1409.77661,2097.9502,1410.17017,2080.60962,1408.62915,2070.47266,1407.72839,1708.50745,1443.027,1709.73352,1443.3103,1704.93457,1442.20142,1702.133,1441.554
User_01/Grid_15/HP_089/08.png,HP_089,8.4459,7.3272,5.4504,-1.3286,10.8201,57.0645,0.0,0.0,0.0,2079.665,1409.70142,2081.433,1410.08081,2074.51318,1408.59546,2070.47266,1407.72839,1694.12854,1443.075,1692.58826,1443.36755,1698.6156,1442.22241,1702.133,1441.554
User_01/Grid_15/HP_089/09.png,HP_089,8.4459,7.3272,5.4504,-1.3286,10.8201,57.0645,-11.0,0.0,0.0,2065.65649,1409.62622,2064.73022,1409.991,2068.35571,1408.5625,2070.47266,1407.72839,1679.68359,1443.12427,1675.36829,1443.42615,1692.26343,1442.24438,1702.133,1441.554
User_01/Grid_15/HP_089/10.png,HP_089,8.4459,7.3272,5.4504,-1.3286,10.8201,57.0645,-11.0,5.5,0.0,2065.58618,1416.68408,2064.64648,1418.40637,2068.32471,1411.66479,2070.47266,1407.72839,1679.5752,1450.32739,1675.2384,1452.01416,1692.21643,1445.41089,1702.133,1441.554
User_01/Grid_15/HP_089/11.png,HP_089,8.4459,7.3272,5.4504,-1.3286,10.8201,57.0645,0.0,5.5,0.0,2079.6626,1416.90674,2081.43042,1418.67212,2074.51172,1411.76233,2070.47266,1407.72839,1694.11523,1450.45532,1692.57227,1452.16833,1698.61,1445.46521,1702.133,1441.554
User_01/Grid_15/HP_089/12.png,HP_089,8.4459,7.3272,5.4504,-1.3286,10.8201,57.0645,11.0,5.5,0.0,2093.58374,1416.762,2098.02344,1418.49756,2080.63623,1411.70117,2070.47266,1407.72839,1708.58936,1450.19653,1709.83142,1451.85889,1704.97058,1445.35217,1702.133,1441.554
User_01/Grid_15/HP_089/13.png,HP_089,8.4459,7.3272,5.4504,-1.3286,10.8201,57.0645,11.0,11.0,0.0,2093.46753,1423.63452,2097.88379,1426.68945,2080.58618,1414.72412,2070.47266,1407.72839,1708.49463,1457.281,1709.71826,1460.30566,1704.92908,1448.46631,1702.133,1441.554
User_01/Grid_15/HP_089/14.png,HP_089,8.4459,7.3272,5.4504,-1.3286,10.8201,57.0645,0.0,11.0,0.0,2079.65869,1423.99585,2081.42529,1427.124,2074.5105,1414.87891,2070.47266,1407.72839,1694.10388,1457.73889,1692.559,1460.853,1698.60461,1448.66626,1702.133,1441.554
User_01/Grid_15/HP_089/15.png,HP_089,8.4459,7.3272,5.4504,-1.3286,10.8201,57.0645,-11.0,11.0,0.0,2065.6875,1423.63745,2064.76733,1426.69653,2068.36914,1414.72168,2070.47266,1407.72839,1679.65759,1457.43469,1675.33752,1460.487,1692.25183,1448.53589,1702.133,1441.554
User_01/Grid_15/HP_090/01.png,HP_090,11.3613,-0.12449,4.9181,-1.3889,12.0912,52.6073,11.0,-11.0,0.0,2028.69531,1486.59082,2033.68445,1484.03015,2014.15234,1494.05493,2002.74438,1499.91016,1603.07214,1520.66357,1604.41711,1517.915,1599.15381,1528.67041,1596.0824,1534.94653
User_01/Grid_15/HP_090/02.png,HP_090,11.3613,-0.12449,4.9181,-1.3889,12.0912,52.6073,0.0,-11.0,0.0,2012.85669,1485.87061,2014.80359,1483.16748,2007.18652,1493.74268,2002.74438,1499.91016,1587.3031,1520.14941,1585.61279,1517.30054,1592.22559,1528.44617,1596.0824,1534.94653
User_01/Grid_15/HP_090/03.png,HP_090,11.3613,-0.12449,4.9181,-1.3889,12.0912,52.6073,-11.0,-11.0,0.0,1996.65271,1486.0376,1995.47974,1483.36646,2000.0686,1493.81616,2002.74438,1499.91016,1571.25293,1520.49438,1566.47656,1517.71423,1585.17041,1528.59509,1596.0824,1534.94653
User_01/Grid_15/HP_090/04.png,HP_090,11.3613,-0.12449,4.9181,-1.3889,12.0912,52.6073,-11.0,-5.5,0.0,1996.09729,1493.78687,1994.81592,1492.60669,1999.82568,1497.22144,2002.74438,1499.91016,1570.63269,1528.22534,1565.7323,1526.93115,1584.903,1531.99414,1596.0824,1534.94653
User_01/Grid_15/HP_090/05.png,HP_090,11.3613,-0.12449,4.9181,-1.3889,12.0912,52.6073,0.0,-5.5,0.0,2012.87842,1493.73315,2014.83142,1492.54272,2007.19409,1497.198,2002.74438,1499.91016,1587.29993,1528.009,1585.607,1526.67188,1592.22607,1531.90039,1596.0824,1534.94653
User_01/Grid_15/HP_090/06.png,HP_090,11.3613,-0.12449,4.9181,-1.3889,12.0912,52.6073,11.0,-5.5,0.0,2029.27466,1494.1748,2034.37939,1493.07129,2014.40259,1497.38989,2002.74438,1499.91016,1603.63245,1528.27368,1605.08667,1526.98828,1599.39856,1532.01563,1596.0824,1534.94653
User_01/Grid_15/HP_090/07.png,HP_090,11.3613,-0.12449,4.9181,-1.3889,12.0912,52.6073,11.0,0.0,0.0,2029.66455,1502.31128,2034.84717,1502.77344,2014.5708,1500.965,2002.74438,1499.91016,1604.01929,1536.44751,1605.54883,1536.73682,1599.5675,1535.60571,1596.0824,1534.94653
User_01/Grid_15/HP_090/08.png,HP_090,11.3613,-0.12449,4.9181,-1.3889,12.0912,52.6073,0.0,0.0,0.0,2012.899,1502.20947,2014.8573,1502.65283,2007.2019,1500.91943,2002.74438,1499.91016,1587.29785,1536.50964,1585.60364,1536.81116,1592.22644,1535.63281,1596.0824,1534.94653
User_01/Grid_15/HP_090/09.png,HP_090,11.3613,-0.12449,4.9181,-1.3889,12.0912,52.6073,-11.0,0.0,0.0,1995.73108,1502.10852,1994.37854,1502.53235,1999.66577,1500.87524,2002.74438,1499.91016,1570.20459,1536.57373,1565.21838,1536.88721,1584.71826,1535.66113,1596.0824,1534.94653
User_01/Grid_15/HP_090/10.png,HP_090,11.3613,-0.12449,4.9181,-1.3889,12.0912,52.6073,-11.0,5.5,0.0,1995.6001,1510.69434,1994.22229,1512.77441,1999.60852,1504.6438,2002.74438,1499.91016,1570.02173,1545.22656,1564.999,1547.20776,1584.6394,1539.46033,1596.0824,1534.94653
User_01/Grid_15/HP_090/11.png,HP_090,11.3613,-0.12449,4.9181,-1.3889,12.0912,52.6073,0.0,5.5,0.0,2012.91772,1510.968,2014.88025,1513.10083,2007.21,1504.76367,2002.74438,1499.91016,1587.29773,1545.33008,1585.60291,1547.33325,1592.22693,1539.50366,1596.0824,1534.94653
User_01/Grid_15/HP_090/12.png,HP_090,11.3613,-0.12449,4.9181,-1.3889,12.0912,52.6073,11.0,5.5,0.0,2029.8186,1510.69531,2035.03162,1512.772,2014.63782,1504.648,2002.74438,1499.91016,1604.18884,1544.90137,1605.75159,1546.82019,1599.64148,1539.31714,1596.0824,1534.94653
User_01/Grid_15/HP_090/13.png,HP_090,11.3613,-0.12449,4.9181,-1.3889,12.0912,52.6073,11.0,11.0,0.0,2029.71655,1518.95728,2034.90869,1522.6239,2014.59436,1508.27832,2002.74438,1499.91016,1604.11975,1553.28467,1605.669,1556.81909,1599.61145,1542.99841,1596.0824,1534.94653
User_01/Grid_15/HP_090/14.png,HP_090,11.3613,-0.12449,4.9181,-1.3889,12.0912,52.6073,0.0,11.0,0.0,2012.93433,1519.60083,2014.89893,1523.39771,2007.21753,1508.55383,2002.74438,1499.91016,1587.29932,1554.06567,1585.60522,1557.75342,1592.22742,1543.33838,1596.0824,1534.94653
User_01/Grid_15/HP_090/15.png,HP_090,11.3613,-0.12449,4.9181,-1.3889,12.0912,52.6073,-11.0,11.0,0.0,1995.72461,1519.16968,1994.37109,1522.88354,1999.663,1508.36475,2002.74438,1499.91016,1570.11011,1553.79175,1565.10559,1557.42322,1584.67725,1543.222,1596.0824,1534.94653
User_01/Grid_15/HP_091/01.png,HP_091,-7.6414,-11.3144,-4.3886,11.3214,-5.0543,52.4932,11.0,-11.0,0.0,2801.42847,590.8147,2807.084,587.947266,2784.99121,599.1488,2772.14673,605.661255,2353.70239,559.2385,2355.50537,555.7346,2348.46,569.4275,2344.36035,577.3949
User_01/Grid_15/HP_091/02.png,HP_091,-7.6414,-11.3144,-4.3886,11.3214,-5.0543,52.4932,0.0,-11.0,0.0,2782.47388,591.162842,2784.468,588.3634,2776.67725,599.300659,2772.14673,605.661255,2335.31274,559.718262,2333.5686,556.3108,2340.388,569.6339,2344.36035,577.3949
User_01/Grid_15/HP_091/03.png,HP_091,-7.6414,-11.3144,-4.3886,11.3214,-5.0543,52.4932,-11.0,-11.0,0.0,2765.4292,592.4839,2764.13452,589.9442,2769.19727,599.875244,2772.14673,605.661255,2318.75464,561.195068,2313.83252,558.0808,2333.10352,570.2732,2344.36035,577.3949
User_01/Grid_15/HP_091/04.png,HP_091,-7.6414,-11.3144,-4.3886,11.3214,-5.0543,52.4932,-11.0,-5.5,0.0,2765.45337,601.0073,2764.16357,600.1106,2769.20776,603.6177,2772.14673,605.661255,2318.72949,569.432861,2313.80225,567.902344,2333.09277,573.8949,2344.36035,577.3949
User_01/Grid_15/HP_091/05.png,HP_091,-7.6414,-11.3144,-4.3886,11.3214,-5.0543,52.4932,0.0,-5.5,0.0,2782.48682,600.403564,2784.483,599.3884,2776.683,603.3545,2772.14673,605.661255,2335.31226,568.660034,2333.56787,566.9762,2340.3877,573.559937,2344.36035,577.3949
User_01/Grid_15/HP_091/06.png,HP_091,-7.6414,-11.3144,-4.3886,11.3214,-5.0543,52.4932,11.0,-5.5,0.0,2801.43359,600.2948,2807.08936,599.2584,2784.99414,603.3071,2772.14673,605.661255,2353.73,568.386,2355.53784,566.647339,2348.472,573.4418,2344.36035,577.3949
User_01/Grid_15/HP_091/07.png,HP_091,-7.6414,-11.3144,-4.3886,11.3214,-5.0543,52.4932,11.0,0.0,0.0,2801.11353,609.7639,2806.704,610.5558,2784.85742,607.461548,2772.14673,605.661255,2353.461,577.5619,2355.21655,577.5941,2348.35474,577.468262,2344.36035,577.3949
User_01/Grid_15/HP_091/08.png,HP_091,-7.6414,-11.3144,-4.3886,11.3214,-5.0543,52.4932,0.0,0.0,0.0,2782.49731,609.6343,2784.49463,610.4009,2776.68921,607.4048,2772.14673,605.661255,2335.314,577.630859,2333.5708,577.6764,2340.3877,577.498535,2344.36035,577.3949
User_01/Grid_15/HP_091/09.png,HP_091,-7.6414,-11.3144,-4.3886,11.3214,-5.0543,52.4932,-11.0,0.0,0.0,2765.7,609.518433,2764.45825,610.2616,2769.31519,607.355347,2772.14673,605.661255,2318.936,577.6953,2314.0498,577.7529,2333.18213,577.527,2344.36035,577.3949
User_01/Grid_15/HP_091/10.png,HP_091,-7.6414,-11.3144,-4.3886,11.3214,-5.0543,52.4932,-11.0,5.5,0.0,2766.14575,617.692261,2764.99048,620.008057,2769.51,610.947266,2772.14673,605.661255,2319.34961,585.65,2314.54614,587.235352,2333.36035,581.025635,2344.36035,577.3949
User_01/Grid_15/HP_091/11.png,HP_091,-7.6414,-11.3144,-4.3886,11.3214,-5.0543,52.4932,0.0,5.5,0.0,2782.50562,618.435669,2784.50244,620.8983,2776.69458,611.2698,2772.14673,605.661255,2335.31763,586.2195,2333.57642,587.918457,2340.3877,581.2716,2344.36035,577.3949
User_01/Grid_15/HP_091/12.png,HP_091,-7.6414,-11.3144,-4.3886,11.3214,-5.0543,52.4932,11.0,5.5,0.0,2800.51074,618.7594,2805.979,621.284546,2784.59937,611.4116,2772.14673,605.661255,2352.93237,586.338,2354.58447,588.061646,2348.12427,581.3218,2344.36035,577.3949
User_01/Grid_15/HP_091/13.png,HP_091,-7.6414,-11.3144,-4.3886,11.3214,-5.0543,52.4932,11.0,11.0,0.0,2799.7,626.936035,2805.00464,631.032,2784.251,615.007446,2772.14673,605.661255,2352.20825,594.386963,2353.71924,597.6581,2347.80835,584.8601,2344.36035,577.3949
User_01/Grid_15/HP_091/14.png,HP_091,-7.6414,-11.3144,-4.3886,11.3214,-5.0543,52.4932,0.0,11.0,0.0,2782.512,626.4872,2784.507,630.4968,2776.7002,614.8103,2772.14673,605.661255,2335.32227,594.110352,2333.58423,597.3251,2340.388,584.741943,2344.36035,577.3949
User_01/Grid_15/HP_091/15.png,HP_091,-7.6414,-11.3144,-4.3886,11.3214,-5.0543,52.4932,-11.0,11.0,0.0,2766.74878,625.269531,2765.711,629.039551,2769.774,614.2805,2772.14673,605.661255,2319.92554,593.033936,2315.23682,596.0348,2333.60913,584.2761,2344.36035,577.3949
User_01/Grid_15/HP_092/01.png,HP_092,0.057654,-8.1029,5.1785,12.121,0.093641,54.5816,11.0,-11.0,0.0,2807.04346,840.933,2812.25439,838.131,2791.87842,849.0868,2780.0083,855.4691,2383.23,880.3152,2384.77417,877.4685,2378.735,888.602539,2375.215,895.0925
User_01/Grid_15/HP_092/02.png,HP_092,0.057654,-8.1029,5.1785,12.121,0.093641,54.5816,0.0,-11.0,0.0,2790.43433,841.2273,2792.44385,838.4828,2784.58643,849.2156,2780.0083,855.4691,2366.77075,880.7927,2365.146,878.041,2371.50439,888.8091,2375.215,895.0925
User_01/Grid_15/HP_092/03.png,HP_092,0.057654,-8.1029,5.1785,12.121,0.093641,54.5816,-11.0,-11.0,0.0,2775.36987,842.2732,2774.47729,839.7339,2777.97021,849.670532,2780.0083,855.4691,2351.909,882.0465,2347.435,879.5421,2364.96265,889.3535,2375.215,895.0925
User_01/Grid_15/HP_092/04.png,HP_092,0.057654,-8.1029,5.1785,12.121,0.093641,54.5816,-11.0,-5.5,0.0,2775.24072,849.756836,2774.32349,848.6572,2777.91333,852.9592,2780.0083,855.4691,2351.736,889.3447,2347.228,888.240967,2364.8877,892.5642,2375.215,895.0925
User_01/Grid_15/HP_092/05.png,HP_092,0.057654,-8.1029,5.1785,12.121,0.093641,54.5816,0.0,-5.5,0.0,2790.43359,849.2665,2792.443,848.0709,2784.58545,852.74585,2780.0083,855.4691,2366.75586,888.662231,2365.12744,887.424561,2371.49854,892.267334,2375.215,895.0925
User_01/Grid_15/HP_092/06.png,HP_092,0.057654,-8.1029,5.1785,12.121,0.093641,54.5816,11.0,-5.5,0.0,2807.22534,849.1688,2812.47266,847.9541,2791.957,852.703247,2780.0083,855.4691,2383.42529,888.3793,2385.00732,887.0857,2378.82031,892.144653,2375.215,895.0925
User_01/Grid_15/HP_092/07.png,HP_092,0.057654,-8.1029,5.1785,12.121,0.093641,54.5816,11.0,0.0,0.0,2807.149,857.586548,2812.38086,857.994751,2791.92432,856.3988,2780.0083,855.4691,2383.37817,896.652832,2384.951,896.953369,2378.79956,895.7777,2375.215,895.0925
User_01/Grid_15/HP_092/08.png,HP_092,0.057654,-8.1029,5.1785,12.121,0.093641,54.5816,0.0,0.0,0.0,2790.43066,857.4713,2792.43945,857.8572,2784.58472,856.348267,2780.0083,855.4691,2366.743,896.729,2365.1123,897.044067,2371.49243,895.8115,2375.215,895.0925
User_01/Grid_15/HP_092/09.png,HP_092,0.057654,-8.1029,5.1785,12.121,0.093641,54.5816,-11.0,0.0,0.0,2775.29175,857.3689,2774.38428,857.7344,2777.93579,856.303955,2780.0083,855.4691,2351.75317,896.799561,2347.24854,897.1273,2364.89453,895.8434,2375.215,895.0925
User_01/Grid_15/HP_092/10.png,HP_092,0.057654,-8.1029,5.1785,12.121,0.093641,54.5816,-11.0,5.5,0.0,2775.51855,864.8391,2774.65479,866.641357,2778.035,859.587158,2780.0083,855.4691,2351.95752,904.1316,2347.494,905.866333,2364.98242,899.069336,2375.215,895.0925
User_01/Grid_15/HP_092/11.png,HP_092,0.057654,-8.1029,5.1785,12.121,0.093641,54.5816,0.0,5.5,0.0,2790.42627,865.4968,2792.433,867.428467,2784.584,859.8734,2780.0083,855.4691,2366.73218,904.647461,2365.10034,906.4857,2371.487,899.2916,2375.215,895.0925
User_01/Grid_15/HP_092/12.png,HP_092,0.057654,-8.1029,5.1785,12.121,0.093641,54.5816,11.0,5.5,0.0,2806.82178,865.8052,2811.98755,867.7965,2791.784,860.0084,2780.0083,855.4691,2383.092,904.7717,2384.60913,906.635742,2378.6748,899.3441,2375.215,895.0925
User_01/Grid_15/HP_092/13.png,HP_092,0.057654,-8.1029,5.1785,12.121,0.093641,54.5816,11.0,11.0,0.0,2806.283,873.4895,2811.34,876.958,2791.55249,863.3866,2780.0083,855.4691,2382.59937,912.407959,2384.02026,915.739746,2378.46,902.7013,2375.215,895.0925
User_01/Grid_15/HP_092/14.png,HP_092,0.057654,-8.1029,5.1785,12.121,0.093641,54.5816,0.0,11.0,0.0,2790.42017,873.0371,2792.42383,876.418335,2784.583,863.188232,2780.0083,855.4691,2366.72388,912.105957,2365.09155,915.3762,2371.482,902.572144,2375.215,895.0925
User_01/Grid_15/HP_092/15.png,HP_092,0.057654,-8.1029,5.1785,12.121,0.093641,54.5816,-11.0,11.0,0.0,2775.89941,871.922852,2775.10986,875.085449,2778.20215,862.703,2780.0083,855.4691,2352.32764,911.0852,2347.938,914.152466,2365.142,902.130859,2375.215,895.0925
User_01/Grid_15/HP_093/01.png,HP_093,-4.084,-10.1403,3.7846,5.8149,3.8143,53.6753,11.0,-11.0,0.0,2405.04956,1130.16528,2410.32,1127.42249,2389.708,1138.14917,2377.6958,1144.40063,1978.95947,1148.83057,1980.4823,1145.93176,1974.52649,1157.2699,1971.055,1163.87915
User_01/Grid_15/HP_093/02.png,HP_093,-4.084,-10.1403,3.7846,5.8149,3.8143,53.6753,0.0,-11.0,0.0,2387.907,1130.06848,2389.876,1127.30481,2382.17822,1138.10913,2377.6958,1144.40063,1962.46191,1148.58777,1960.80688,1145.64258,1967.28052,1157.1626,1971.055,1163.87915
User_01/Grid_15/HP_093/03.png,HP_093,-4.084,-10.1403,3.7846,5.8149,3.8143,53.6753,-11.0,-11.0,0.0,2371.38428,1130.9342,2370.168,1128.3396,2374.924,1138.48682,2377.6958,1144.40063,1946.60779,1149.27417,1941.90747,1146.46619,1960.30811,1157.459,1971.055,1163.87915
User_01/Grid_15/HP_093/04.png,HP_093,-4.084,-10.1403,3.7846,5.8149,3.8143,53.6753,-11.0,-5.5,0.0,2371.072,1138.928,2369.79517,1137.87292,2374.78784,1141.9978,2377.6958,1144.40063,1946.23767,1157.02881,1941.46338,1155.71094,1960.14868,1160.86865,1971.055,1163.87915
User_01/Grid_15/HP_093/05.png,HP_093,-4.084,-10.1403,3.7846,5.8149,3.8143,53.6753,0.0,-5.5,0.0,2387.93652,1138.42358,2389.9126,1137.27051,2382.19019,1141.77759,2377.6958,1144.40063,1962.46191,1156.71045,1960.80591,1155.32886,1967.282,1160.73145,1971.055,1163.87915
User_01/Grid_15/HP_093/06.png,HP_093,-4.084,-10.1403,3.7846,5.8149,3.8143,53.6753,11.0,-5.5,0.0,2405.482,1138.42944,2410.83887,1137.27832,2389.89478,1141.77917,2377.6958,1144.40063,1979.35681,1156.89221,1980.95691,1155.54541,1974.7,1160.81152,1971.055,1163.87915
User_01/Grid_15/HP_093/07.png,HP_093,-4.084,-10.1403,3.7846,5.8149,3.8143,53.6753,11.0,0.0,0.0,2405.654,1147.09375,2411.045,1147.61292,2389.96948,1145.58276,2377.6958,1144.40063,1979.52393,1165.3501,1981.15674,1165.63379,1974.77283,1164.5249,1971.055,1163.87915
User_01/Grid_15/HP_093/08.png,HP_093,-4.084,-10.1403,3.7846,5.8149,3.8143,53.6753,0.0,0.0,0.0,2387.964,1147.1814,2389.94556,1147.718,2382.202,1145.62085,2377.6958,1144.40063,1962.46375,1165.2522,1960.80786,1165.51685,1967.28308,1164.48193,1971.055,1163.87915
User_01/Grid_15/HP_093/09.png,HP_093,-4.084,-10.1403,3.7846,5.8149,3.8143,53.6753,-11.0,0.0,0.0,2370.97754,1147.25867,2369.68237,1147.80969,2374.74634,1145.6554,2377.6958,1144.40063,1946.085,1165.15442,1941.28027,1165.3999,1960.08276,1164.43945,1971.055,1163.87915
User_01/Grid_15/HP_093/10.png,HP_093,-4.084,-10.1403,3.7846,5.8149,3.8143,53.6753,-11.0,5.5,0.0,2371.1167,1155.59082,2369.84839,1157.74768,2374.80713,1149.314,2377.6958,1144.40063,1946.17017,1173.31689,1941.38257,1175.13257,1960.11914,1168.02661,1971.055,1163.87915
User_01/Grid_15/HP_093/11.png,HP_093,-4.084,-10.1403,3.7846,5.8149,3.8143,53.6753,0.0,5.5,0.0,2387.98853,1155.94385,2389.974,1158.17078,2382.21313,1149.4668,2377.6958,1144.40063,1962.46741,1173.83545,1960.81238,1175.75439,1967.28442,1168.25073,1971.055,1163.87915
User_01/Grid_15/HP_093/12.png,HP_093,-4.084,-10.1403,3.7846,5.8149,3.8143,53.6753,11.0,5.5,0.0,2405.54224,1155.76184,2410.91016,1157.9519,2389.92188,1149.38879,2377.6958,1144.40063,1979.4386,1173.84509,1981.05469,1175.76611,1974.73572,1168.25464,1971.055,1163.87915
User_01/Grid_15/HP_093/13.png,HP_093,-4.084,-10.1403,3.7846,5.8149,3.8143,53.6753,11.0,11.0,0.0,2405.16162,1164.03125,2410.45264,1167.8125,2389.75879,1153.02222,2377.6958,1144.40063,1979.11084,1182.00562,1980.6626,1185.49768,1974.5929,1171.83984,1971.055,1163.87915
User_01/Grid_15/HP_093/14.png,HP_093,-4.084,-10.1403,3.7846,5.8149,3.8143,53.6753,0.0,11.0,0.0,2388.00928,1164.30652,2389.99756,1168.144,2382.22388,1153.13989,2377.6958,1144.40063,1962.4729,1182.06836,1960.8197,1185.572,1967.28564,1171.868,1971.055,1163.87915
User_01/Grid_15/HP_093/15.png,HP_093,-4.084,-10.1403,3.7846,5.8149,3.8143,53.6753,-11.0,11.0,0.0,2371.47754,1163.5835,2370.27979,1167.27856,2374.96484,1152.82568,2377.6958,1144.40063,1946.48389,1181.17065,1941.75916,1184.49536,1960.25415,1171.48,1971.055,1163.87915
User_01/Grid_15/HP_094/01.png,HP_094,11.6155,-10.6936,-1.2241,11.3205,10.3053,56.4772,11.0,-11.0,0.0,2704.727,1360.207,2709.29077,1358.063,2691.42529,1366.45679,2680.99146,1371.35876,2305.92529,1357.21216,2307.05762,1354.66528,2302.623,1364.63916,2300.03125,1370.46875
User_01/Grid_15/HP_094/02.png,HP_094,11.6155,-10.6936,-1.2241,11.3205,10.3053,56.4772,0.0,-11.0,0.0,2690.562,1360.28638,2692.402,1358.15759,2685.19849,1366.49146,2680.99146,1371.35876,2292.035,1357.56128,2290.49976,1355.0835,2296.51343,1364.79053,2300.03125,1370.46875
User_01/Grid_15/HP_094/03.png,HP_094,11.6155,-10.6936,-1.2241,11.3205,10.3053,56.4772,-11.0,-11.0,0.0,2677.40576,1360.94263,2676.717,1358.94214,2679.41431,1366.77771,2680.99146,1371.35876,2279.22461,1358.47534,2275.23779,1356.17725,2290.87,1365.18823,2300.03125,1370.46875
User_01/Grid_15/HP_094/04.png,HP_094,11.6155,-10.6936,-1.2241,11.3205,10.3053,56.4772,-11.0,-5.5,0.0,2677.109,1367.35315,2676.36279,1366.5835,2679.28418,1369.59753,2680.99146,1371.35876,2278.89185,1364.69885,2274.839,1363.59277,2290.726,1367.929,2300.03125,1370.46875
User_01/Grid_15/HP_094/05.png,HP_094,11.6155,-10.6936,-1.2241,11.3205,10.3053,56.4772,0.0,-5.5,0.0,2690.57373,1367.06079,2692.41724,1366.23389,2685.20239,1369.47,2680.99146,1371.35876,2292.029,1364.16162,2290.492,1362.95007,2296.512,1367.69507,2300.03125,1370.46875
User_01/Grid_15/HP_094/06.png,HP_094,11.6155,-10.6936,-1.2241,11.3205,10.3053,56.4772,11.0,-5.5,0.0,2705.13843,1367.08545,2709.78418,1366.26318,2691.60278,1369.48083,2680.99146,1371.35876,2306.32739,1363.92773,2307.5376,1362.67017,2302.79883,1367.59326,2300.03125,1370.46875
User_01/Grid_15/HP_094/07.png,HP_094,11.6155,-10.6936,-1.2241,11.3205,10.3053,56.4772,11.0,0.0,0.0,2705.38232,1374.36072,2710.07666,1374.93848,2691.7085,1372.67773,2680.99146,1371.35876,2306.5752,1371.05,2307.834,1371.162,2302.90747,1370.72424,2300.03125,1370.46875
User_01/Grid_15/HP_094/08.png,HP_094,11.6155,-10.6936,-1.2241,11.3205,10.3053,56.4772,0.0,0.0,0.0,2690.58447,1374.20825,2692.43066,1374.75659,2685.20654,1372.61084,2680.99146,1371.35876,2292.02441,1371.152,2290.48584,1371.28333,2296.51074,1370.76917,2300.03125,1370.46875
User_01/Grid_15/HP_094/09.png,HP_094,11.6155,-10.6936,-1.2241,11.3205,10.3053,56.4772,-11.0,0.0,0.0,2676.9397,1374.07068,2676.16113,1374.592,2679.21021,1372.551,2680.99146,1371.35876,2278.68823,1371.24817,2274.59521,1371.39771,2290.638,1370.81177,2300.03125,1370.46875
User_01/Grid_15/HP_094/10.png,HP_094,11.6155,-10.6936,-1.2241,11.3205,10.3053,56.4772,-11.0,5.5,0.0,2676.91626,1380.89331,2676.13281,1382.72607,2679.19971,1375.55054,2680.99146,1371.35876,2278.63354,1377.92114,2274.52979,1379.35046,2290.61426,1373.74854,2300.03125,1370.46875
User_01/Grid_15/HP_094/11.png,HP_094,11.6155,-10.6936,-1.2241,11.3205,10.3053,56.4772,0.0,5.5,0.0,2690.594,1381.4834,2692.44214,1383.43188,2685.21045,1375.80737,2680.99146,1371.35876,2292.021,1378.29443,2290.48145,1379.79858,2296.50952,1373.90942,2300.03125,1370.46875
User_01/Grid_15/HP_094/12.png,HP_094,11.6155,-10.6936,-1.2241,11.3205,10.3053,56.4772,11.0,5.5,0.0,2705.43042,1381.769,2710.134,1383.77271,2691.72949,1375.93286,2680.99146,1371.35876,2306.64233,1378.33362,2307.914,1379.84644,2302.93677,1373.92517,2300.03125,1370.46875
User_01/Grid_15/HP_094/13.png,HP_094,11.6155,-10.6936,-1.2241,11.3205,10.3053,56.4772,11.0,11.0,0.0,2705.27539,1389.01172,2709.94751,1392.408,2691.663,1379.11646,2680.99146,1371.35876,2306.51978,1385.49658,2307.76782,1388.38672,2302.883,1377.074,2300.03125,1370.46875
User_01/Grid_15/HP_094/14.png,HP_094,11.6155,-10.6936,-1.2241,11.3205,10.3053,56.4772,0.0,11.0,0.0,2690.602,1388.61011,2692.451,1391.92908,2685.2146,1378.94006,2680.99146,1371.35876,2292.0188,1385.31738,2290.47925,1388.17041,2296.508,1376.99792,2300.03125,1370.46875
User_01/Grid_15/HP_094/15.png,HP_094,11.6155,-10.6936,-1.2241,11.3205,10.3053,56.4772,-11.0,11.0,0.0,2677.04224,1387.59766,2676.2832,1390.718,2679.255,1378.499,2680.99146,1371.35876,2278.73364,1384.49072,2274.64966,1387.17969,2290.65747,1376.64038,2300.03125,1370.46875
User_01/Grid_15/HP_095/01.png,HP_095,17.4384,-18.8372,4.2241,10.3577,14.1114,54.5097,11.0,-11.0,0.0,2543.91748,1545.17334,2548.65527,1542.81348,2530.10742,1552.05273,2519.27441,1557.44922,2150.24878,1587.56738,2151.368,1585.15662,2146.98413,1594.59851,2144.42139,1600.11853
User_01/Grid_15/HP_095/02.png,HP_095,17.4384,-18.8372,4.2241,10.3577,14.1114,54.5097,0.0,-11.0,0.0,2529.21875,1545.04858,2531.131,1542.66357,2523.64526,1551.99878,2519.27441,1557.44922,2136.451,1587.76,2134.921,1585.38757,2140.91528,1594.682,2144.42139,1600.11853
User_01/Grid_15/HP_095/03.png,HP_095,17.4384,-18.8372,4.2241,10.3577,14.1114,54.5097,-11.0,-11.0,0.0,2515.24243,1545.58887,2514.46777,1543.30969,2517.50146,1552.23425,2519.27441,1557.44922,2123.429,1588.5415,2119.40527,1586.32227,2135.18018,1595.022,2144.42139,1600.11853
User_01/Grid_15/HP_095/04.png,HP_095,17.4384,-18.8372,4.2241,10.3577,14.1114,54.5097,-11.0,-5.5,0.0,2514.82764,1552.22314,2513.97266,1551.218,2517.31982,1555.1521,2519.27441,1557.44922,2123.005,1594.91235,2118.89673,1593.91357,2134.99683,1597.82739,2144.42139,1600.11853
User_01/Grid_15/HP_095/05.png,HP_095,17.4384,-18.8372,4.2241,10.3577,14.1114,54.5097,0.0,-5.5,0.0,2529.252,1551.98486,2531.172,1550.93311,2523.658,1555.04834,2519.27441,1557.44922,2136.45947,1594.43726,2134.92969,1593.3457,2140.92041,1597.62036,2144.42139,1600.11853
User_01/Grid_15/HP_095/06.png,HP_095,17.4384,-18.8372,4.2241,10.3577,14.1114,54.5097,11.0,-5.5,0.0,2544.48853,1552.12183,2549.34033,1551.09668,2530.35425,1555.10815,2519.27441,1557.44922,2150.75977,1594.28589,2151.97827,1593.16455,2147.20776,1597.55444,2144.42139,1600.11853
User_01/Grid_15/HP_095/07.png,HP_095,17.4384,-18.8372,4.2241,10.3577,14.1114,54.5097,11.0,0.0,0.0,2544.901,1559.59277,2549.83472,1560.00549,2530.53223,1558.39087,2519.27441,1557.44922,2151.1377,1601.513,2152.42969,1601.78125,2147.373,1600.73132,2144.42139,1600.11853
User_01/Grid_15/HP_095/08.png,HP_095,17.4384,-18.8372,4.2241,10.3577,14.1114,54.5097,0.0,0.0,0.0,2529.28271,1559.43433,2531.21045,1559.81665,2523.67041,1558.321,2519.27441,1557.44922,2136.47021,1601.62012,2134.94165,1601.90869,2140.926,1600.77856,2144.42139,1600.11853
User_01/Grid_15/HP_095/09.png,HP_095,17.4384,-18.8372,4.2241,10.3577,14.1114,54.5097,-11.0,0.0,0.0,2514.54272,1559.29272,2513.63232,1559.64746,2517.195,1558.25928,2519.27441,1557.44922,2122.704,1601.72046,2118.53613,1602.02808,2134.867,1600.82324,2144.42139,1600.11853
User_01/Grid_15/HP_095/10.png,HP_095,17.4384,-18.8372,4.2241,10.3577,14.1114,54.5097,-11.0,5.5,0.0,2514.41626,1566.5874,2513.48145,1568.34607,2517.14,1561.46448,2519.27441,1557.44922,2122.55737,1608.76782,2118.36,1610.4281,2134.80322,1603.92334,2144.42139,1600.11853
User_01/Grid_15/HP_095/11.png,HP_095,17.4384,-18.8372,4.2241,10.3577,14.1114,54.5097,0.0,5.5,0.0,2529.311,1567.14954,2531.24438,1569.01831,2523.68213,1561.70947,2519.27441,1557.44922,2136.48364,1609.08472,2134.95654,1610.8092,2140.93262,1604.05933,2144.42139,1600.11853
User_01/Grid_15/HP_095/12.png,HP_095,17.4384,-18.8372,4.2241,10.3577,14.1114,54.5097,11.0,5.5,0.0,2545.1106,1567.33154,2550.086,1569.23474,2530.6228,1561.79,2519.27441,1557.44922,2151.34448,1609.02515,2152.67651,1610.739,2147.46338,1604.03223,2144.42139,1600.11853
User_01/Grid_15/HP_095/13.png,HP_095,17.4384,-18.8372,4.2241,10.3577,14.1114,54.5097,11.0,11.0,0.0,2545.09375,1575.0188,2550.06519,1578.40186,2530.616,1565.167,2519.27441,1557.44922,2151.357,1616.538,2152.69141,1619.69751,2147.469,1607.3335,2144.42139,1600.11853
User_01/Grid_15/HP_095/14.png,HP_095,17.4384,-18.8372,4.2241,10.3577,14.1114,54.5097,0.0,11.0,0.0,2529.33472,1574.82288,2531.273,1578.16943,2523.69287,1565.07959,2519.27441,1557.44922,2136.499,1616.54565,2134.97534,1619.70483,2140.93921,1607.33875,2144.42139,1600.11853
User_01/Grid_15/HP_095/15.png,HP_095,17.4384,-18.8372,4.2241,10.3577,14.1114,54.5097,-11.0,11.0,0.0,2514.46387,1573.85156,2513.538,1577.00781,2517.1604,1564.65649,2519.27441,1557.44922,2122.58276,1615.80664,2118.39063,1618.81824,2134.81421,1607.02,2144.42139,1600.11853
User_01/Grid_15/HP_096/01.png,HP_096,-19.9277,-21.7963,7.6941,15.4959,-8.1429,54.4576,11.0,-11.0,0.0,2907.111,559.561646,2912.49561,556.7197,2891.44971,567.8274,2879.19971,574.2925,2476.226,583.572144,2477.75122,580.7512,2471.78613,591.7848,2468.30884,598.2167
User_01/Grid_15/HP_096/02.png,HP_096,-19.9277,-21.7963,7.6941,15.4959,-8.1429,54.4576,0.0,-11.0,0.0,2889.57373,560.3373,2891.574,557.646362,2883.754,568.1664,2879.19971,574.2925,2459.833,583.9154,2458.20215,581.1642,2464.58374,591.9315,2468.30884,598.2167
User_01/Grid_15/HP_096/03.png,HP_096,-19.9277,-21.7963,7.6941,15.4959,-8.1429,54.4576,-11.0,-11.0,0.0,2873.9502,561.8314,2872.9397,559.4331,2876.89331,568.817749,2879.19971,574.2925,2445.26636,585.0088,2440.84521,582.4745,2458.17041,592.405151,2468.30884,598.2167
User_01/Grid_15/HP_096/04.png,HP_096,-19.9277,-21.7963,7.6941,15.4959,-8.1429,54.4576,-11.0,-5.5,0.0,2874.018,569.529663,2873.02075,568.613159,2876.923,572.199951,2879.19971,574.2925,2445.26636,592.301758,2440.84521,591.1669,2458.17017,595.614,2468.30884,598.2167
User_01/Grid_15/HP_096/05.png,HP_096,-19.9277,-21.7963,7.6941,15.4959,-8.1429,54.4576,0.0,-5.5,0.0,2889.60938,568.695557,2891.61621,567.616455,2883.76978,571.835449,2879.19971,574.2925,2459.83545,591.845337,2458.20532,590.619751,2464.585,595.4165,2468.30884,598.2167
User_01/Grid_15/HP_096/06.png,HP_096,-19.9277,-21.7963,7.6941,15.4959,-8.1429,54.4576,11.0,-5.5,0.0,2907.11426,568.202,2912.49878,567.0271,2891.452,571.6194,2879.19971,574.2925,2476.22314,591.7728,2477.74756,590.5314,2471.785,595.3865,2468.30884,598.2167
User_01/Grid_15/HP_096/07.png,HP_096,-19.9277,-21.7963,7.6941,15.4959,-8.1429,54.4576,11.0,0.0,0.0,2906.84473,576.814453,2912.17432,577.300659,2891.33643,575.3998,2879.19971,574.2925,2475.98413,599.965454,2477.462,600.3021,2471.68066,598.984741,2468.30884,598.2167
User_01/Grid_15/HP_096/08.png,HP_096,-19.9277,-21.7963,7.6941,15.4959,-8.1429,54.4576,0.0,0.0,0.0,2889.64136,577.0222,2891.65332,577.5482,2883.78467,575.4912,2879.19971,574.2925,2459.8396,599.7739,2458.211,600.073364,2464.58618,598.9011,2468.30884,598.2167
User_01/Grid_15/HP_096/09.png,HP_096,-19.9277,-21.7963,7.6941,15.4959,-8.1429,54.4576,-11.0,0.0,0.0,2874.26416,577.1959,2873.315,577.7545,2877.031,575.5685,2879.19971,574.2925,2445.44385,599.597534,2441.05786,599.8624,2458.24658,598.824341,2468.30884,598.2167
User_01/Grid_15/HP_096/10.png,HP_096,-19.9277,-21.7963,7.6941,15.4959,-8.1429,54.4576,-11.0,5.5,0.0,2874.66943,584.569336,2873.79834,586.5448,2877.208,578.8103,2879.19971,574.2925,2445.781,606.6404,2441.46216,608.255249,2458.392,601.9248,2468.30884,598.2167
User_01/Grid_15/HP_096/11.png,HP_096,-19.9277,-21.7963,7.6941,15.4959,-8.1429,54.4576,0.0,5.5,0.0,2889.669,584.979248,2891.68457,587.036865,2883.799,578.9872,2879.19971,574.2925,2459.84473,607.3832,2458.21851,609.144653,2464.587,602.2473,2468.30884,598.2167
User_01/Grid_15/HP_096/12.png,HP_096,-19.9277,-21.7963,7.6941,15.4959,-8.1429,54.4576,11.0,5.5,0.0,2906.33862,585.017334,2911.56567,587.083252,2891.11963,579.003052,2879.19971,574.2925,2475.53735,607.8085,2476.92822,609.6538,2471.48584,602.432,2468.30884,598.2167
User_01/Grid_15/HP_096/13.png,HP_096,-19.9277,-21.7963,7.6941,15.4959,-8.1429,54.4576,11.0,11.0,0.0,2905.65527,592.5242,2910.745,596.0316,2890.82617,582.304565,2879.19971,574.2925,2474.932,615.037842,2476.20435,618.270264,2471.221,605.6128,2468.30884,598.2167
User_01/Grid_15/HP_096/14.png,HP_096,-19.9277,-21.7963,7.6941,15.4959,-8.1429,54.4576,0.0,11.0,0.0,2889.69238,592.306763,2891.71045,595.7715,2883.81152,582.2102,2879.19971,574.2925,2459.85132,614.42395,2458.22754,617.535156,2464.58813,605.346558,2468.30884,598.2167
User_01/Grid_15/HP_096/15.png,HP_096,-19.9277,-21.7963,7.6941,15.4959,-8.1429,54.4576,-11.0,11.0,0.0,2875.20068,591.4407,2874.43237,594.7344,2877.441,581.834351,2879.19971,574.2925,2446.246,613.2234,2442.02,616.0979,2458.59326,604.824951,2468.30884,598.2167
User_01/Grid_15/HP_097/01.png,HP_097,-6.3278,-31.3159,5.7937,19.6913,-3.1107,52.5662,11.0,-11.0,0.0,3090.04468,716.3718,3095.7373,713.3506,3073.49658,725.1537,3060.56323,732.0172,2651.11816,753.423,2652.63013,750.5271,2646.716,761.854736,2643.26831,768.459
User_01/Grid_15/HP_097/02.png,HP_097,-6.3278,-31.3159,5.7937,19.6913,-3.1107,52.5662,0.0,-11.0,0.0,3071.644,717.2102,3073.782,714.3534,3065.42627,725.5187,3060.56323,732.0172,2634.61475,754.164551,2632.951,751.416,2639.46436,762.1754,2643.26831,768.459
User_01/Grid_15/HP_097/03.png,HP_097,-6.3278,-31.3159,5.7937,19.6913,-3.1107,52.5662,-11.0,-11.0,0.0,3055.66943,718.74585,3054.72729,716.1908,3058.41333,726.1869,3060.56323,732.0172,2620.28638,755.554565,2615.87939,753.0802,2633.15283,762.779053,2643.26831,768.459
User_01/Grid_15/HP_097/04.png,HP_097,-6.3278,-31.3159,5.7937,19.6913,-3.1107,52.5662,-11.0,-5.5,0.0,3055.65771,726.532959,3054.71338,725.4769,3058.40845,729.608032,3060.56323,732.0172,2620.21021,762.755,2615.78833,761.661133,2633.11987,765.9485,2643.26831,768.459
User_01/Grid_15/HP_097/05.png,HP_097,-6.3278,-31.3159,5.7937,19.6913,-3.1107,52.5662,0.0,-5.5,0.0,3071.704,725.746948,3073.85327,724.5371,3065.45239,729.2654,3060.56323,732.0172,2634.62671,762.0613,2632.96484,760.830933,2639.47,765.647,2643.26831,768.459
User_01/Grid_15/HP_097/06.png,HP_097,-6.3278,-31.3159,5.7937,19.6913,-3.1107,52.5662,11.0,-5.5,0.0,3090.22241,725.312256,3095.95044,724.017334,3073.574,729.0759,3060.56323,732.0172,2651.25635,761.699951,2652.79517,760.3978,2646.77661,765.4905,2643.26831,768.459
User_01/Grid_15/HP_097/07.png,HP_097,-6.3278,-31.3159,5.7937,19.6913,-3.1107,52.5662,11.0,0.0,0.0,3090.09253,734.364136,3095.79272,734.817261,3073.519,733.047,3060.56323,732.0172,2651.14624,770.100952,2652.66357,770.417236,2646.72876,769.1802,2643.26831,768.459
User_01/Grid_15/HP_097/08.png,HP_097,-6.3278,-31.3159,5.7937,19.6913,-3.1107,52.5662,0.0,0.0,0.0,3071.758,734.376343,3073.91724,734.8314,3065.477,733.052734,3060.56323,732.0172,2634.64063,770.070068,2632.982,770.379639,2639.47559,769.1671,2643.26831,768.459
User_01/Grid_15/HP_097/09.png,HP_097,-6.3278,-31.3159,5.7937,19.6913,-3.1107,52.5662,-11.0,0.0,0.0,3055.82983,734.384766,3054.91846,734.840332,3058.4834,733.0575,3060.56323,732.0172,2620.30737,770.042,2615.90527,770.345459,2633.16187,769.155762,2643.26831,768.459
User_01/Grid_15/HP_097/10.png,HP_097,-6.3278,-31.3159,5.7937,19.6913,-3.1107,52.5662,-11.0,5.5,0.0,3056.17358,742.0272,3055.32935,743.953,3058.63428,736.41626,3060.56323,732.0172,2620.56982,777.160767,2616.21973,778.828369,2633.275,772.2899,2643.26831,768.459
User_01/Grid_15/HP_097/11.png,HP_097,-6.3278,-31.3159,5.7937,19.6913,-3.1107,52.5662,0.0,5.5,0.0,3071.80518,742.7294,3073.972,744.794067,3065.499,736.7206,3060.56323,732.0172,2634.65674,777.8613,2633.0022,779.6681,2639.48169,772.5934,2643.26831,768.459
User_01/Grid_15/HP_097/12.png,HP_097,-6.3278,-31.3159,5.7937,19.6913,-3.1107,52.5662,11.0,5.5,0.0,3089.67554,743.0924,3095.29126,745.228638,3073.341,736.8782,3060.56323,732.0172,2650.80273,778.255859,2652.253,780.1415,2646.57886,772.76355,2643.26831,768.459
User_01/Grid_15/HP_097/13.png,HP_097,-6.3278,-31.3159,5.7937,19.6913,-3.1107,52.5662,11.0,11.0,0.0,3089.03052,751.141968,3094.51538,754.827,3073.06421,740.4158,3060.56323,732.0172,2650.267,785.8518,2651.61279,789.1958,2646.34473,776.1045,2643.26831,768.459
User_01/Grid_15/HP_097/14.png,HP_097,-6.3278,-31.3159,5.7937,19.6913,-3.1107,52.5662,0.0,11.0,0.0,3071.84546,750.4977,3074.018,754.0564,3065.51929,740.135254,3060.56323,732.0172,2634.674,785.154053,2633.02417,788.3594,2639.48779,775.803,2643.26831,768.459
User_01/Grid_15/HP_097/15.png,HP_097,-6.3278,-31.3159,5.7937,19.6913,-3.1107,52.5662,-11.0,11.0,0.0,3056.66284,749.2239,3055.913,752.5315,3058.84863,739.581543,3060.56323,732.0172,2620.97314,783.88855,2616.70313,786.8435,2633.44946,775.254,2643.26831,768.459
User_01/Grid_15/HP_098/01.png,HP_098,-4.6447,-24.4092,-7.0258,17.6233,5.0772,54.9389,11.0,-11.0,0.0,3010.71,1215.79053,3015.68042,1213.6322,2996.24219,1222.073,2984.91479,1226.99158,2591.678,1148.65369,2592.941,1145.68909,2587.99683,1157.29468,2585.10962,1164.07227
User_01/Grid_15/HP_098/02.png,HP_098,-4.6447,-24.4092,-7.0258,17.6233,5.0772,54.9389,0.0,-11.0,0.0,2994.56348,1216.4137,2996.42163,1214.377,2989.15332,1222.345,2984.91479,1226.99158,2576.71533,1149.20044,2575.10376,1146.345,2581.41724,1157.53052,2585.10962,1164.07227
User_01/Grid_15/HP_098/03.png,HP_098,-4.6447,-24.4092,-7.0258,17.6233,5.0772,54.9389,-11.0,-11.0,0.0,2980.264,1217.60693,2979.36987,1215.80286,2982.87,1222.86584,2984.91479,1226.99158,2563.50073,1150.30676,2559.36182,1147.67,2575.59375,1158.0105,2585.10962,1164.07227
User_01/Grid_15/HP_098/04.png,HP_098,-4.6447,-24.4092,-7.0258,17.6233,5.0772,54.9389,-11.0,-5.5,0.0,2980.068,1224.542,2979.13574,1224.0708,2982.78418,1225.91479,2984.91479,1226.99158,2563.23535,1156.82178,2559.04346,1155.4325,2575.479,1160.88013,2585.10962,1164.07227
User_01/Grid_15/HP_098/05.png,HP_098,-4.6447,-24.4092,-7.0258,17.6233,5.0772,54.9389,0.0,-5.5,0.0,2994.622,1223.90674,2996.49219,1223.31226,2989.178,1225.63672,2984.91479,1226.99158,2576.71118,1156.25854,2575.098,1154.75757,2581.41626,1160.63623,2585.10962,1164.07227
User_01/Grid_15/HP_098/06.png,HP_098,-4.6447,-24.4092,-7.0258,17.6233,5.0772,54.9389,11.0,-5.5,0.0,3011.15161,1223.56934,3016.21,1222.90942,2996.43335,1225.48914,2984.91479,1226.99158,2592.038,1155.99487,2593.371,1154.44067,2588.154,1160.52271,2585.10962,1164.07227
User_01/Grid_15/HP_098/07.png,HP_098,-4.6447,-24.4092,-7.0258,17.6233,5.0772,54.9389,11.0,0.0,0.0,3011.36865,1231.721,3016.46948,1232.633,2996.52759,1229.06775,2984.91479,1226.99158,2592.20264,1163.70093,2593.56787,1163.62939,2588.226,1163.909,2585.10962,1164.07227
User_01/Grid_15/HP_098/08.png,HP_098,-4.6447,-24.4092,-7.0258,17.6233,5.0772,54.9389,0.0,0.0,0.0,2994.67944,1231.72339,2996.56079,1232.635,2989.203,1229.06958,2984.91479,1226.99158,2576.7085,1163.64734,2575.094,1163.56567,2581.41553,1163.8855,2585.10962,1164.07227
User_01/Grid_15/HP_098/09.png,HP_098,-4.6447,-24.4092,-7.0258,17.6233,5.0772,54.9389,-11.0,0.0,0.0,2980.02124,1231.72241,2979.07983,1232.63208,2982.764,1229.071,2984.91479,1226.99158,2563.11255,1163.59985,2558.89624,1163.50928,2575.426,1163.86426,2585.10962,1164.07227
User_01/Grid_15/HP_098/10.png,HP_098,-4.6447,-24.4092,-7.0258,17.6233,5.0772,54.9389,-11.0,5.5,0.0,2980.13428,1238.9187,2979.21484,1241.21191,2982.81323,1232.2345,2984.91479,1226.99158,2563.14478,1170.42139,2558.93457,1171.63831,2575.4397,1166.86743,2585.10962,1164.07227
User_01/Grid_15/HP_098/11.png,HP_098,-4.6447,-24.4092,-7.0258,17.6233,5.0772,54.9389,0.0,5.5,0.0,2994.73438,1239.5647,2996.62622,1241.98657,2989.22754,1232.51367,2984.91479,1226.99158,2576.70679,1171.09033,2575.09229,1172.439,2581.415,1167.1582,2585.10962,1164.07227
User_01/Grid_15/HP_098/12.png,HP_098,-4.6447,-24.4092,-7.0258,17.6233,5.0772,54.9389,11.0,5.5,0.0,3011.335,1239.90051,3016.428,1242.389,2996.51465,1232.65918,2984.91479,1226.99158,2592.15283,1171.46631,2593.5083,1172.88916,2588.20435,1167.32117,2585.10962,1164.07227
User_01/Grid_15/HP_098/13.png,HP_098,-4.6447,-24.4092,-7.0258,17.6233,5.0772,54.9389,11.0,11.0,0.0,3011.05737,1247.74658,3016.09351,1251.74487,2996.396,1236.10681,2984.91479,1226.99158,2591.89453,1178.97192,2593.2,1181.83777,2588.09131,1170.62048,2585.10962,1164.07227
User_01/Grid_15/HP_098/14.png,HP_098,-4.6447,-24.4092,-7.0258,17.6233,5.0772,54.9389,0.0,11.0,0.0,2994.78613,1247.11938,2996.68677,1250.99414,2989.25146,1235.834,2984.91479,1226.99158,2576.70728,1178.2998,2575.09326,1181.03247,2581.41431,1170.32947,2585.10962,1164.07227
User_01/Grid_15/HP_098/15.png,HP_098,-4.6447,-24.4092,-7.0258,17.6233,5.0772,54.9389,-11.0,11.0,0.0,2980.40259,1245.89355,2979.5354,1249.52637,2982.931,1235.30225,2984.91479,1226.99158,2563.32764,1177.05957,2559.15381,1179.548,2575.519,1169.79053,2585.10962,1164.07227
User_01/Grid_15/HP_099/01.png,HP_099,11.3597,-30.4956,3.021,20.4234,11.7052,55.3476,11.0,-11.0,0.0,3037.80762,1461.86755,3042.56836,1459.60791,3023.93555,1468.45215,3013.05762,1473.61536,2639.4585,1488.9021,2640.4707,1486.57593,2636.504,1495.69019,2634.18262,1501.023
User_01/Grid_15/HP_099/02.png,HP_099,11.3597,-30.4956,3.021,20.4234,11.7052,55.3476,0.0,-11.0,0.0,3023.33081,1462.31763,3025.306,1460.14575,3017.574,1468.64868,3013.05762,1473.61536,2626.26416,1489.46716,2624.74658,1487.25244,2630.69653,1495.93567,2634.18262,1501.023
User_01/Grid_15/HP_099/03.png,HP_099,11.3597,-30.4956,3.021,20.4234,11.7052,55.3476,-11.0,-11.0,0.0,3010.38428,1463.23486,3009.871,1461.24219,3011.88184,1469.04883,3013.05762,1473.61536,2614.54,1490.44067,2610.78271,1488.4165,2625.52686,1496.35986,2634.18262,1501.023
User_01/Grid_15/HP_099/04.png,HP_099,11.3597,-30.4956,3.021,20.4234,11.7052,55.3476,-11.0,-5.5,0.0,3010.098,1469.40942,3009.5293,1468.60156,3011.75586,1471.76538,3013.05762,1473.61536,2614.24438,1496.22192,2610.429,1495.30322,2625.399,1498.908,2634.18262,1501.023
User_01/Grid_15/HP_099/05.png,HP_099,11.3597,-30.4956,3.021,20.4234,11.7052,55.3476,0.0,-5.5,0.0,3023.37061,1468.93469,3025.35449,1468.03442,3017.59,1471.55835,3013.05762,1473.61536,2626.27466,1495.68311,2624.75781,1494.659,2630.70239,1498.673,2634.18262,1501.023
User_01/Grid_15/HP_099/06.png,HP_099,11.3597,-30.4956,3.021,20.4234,11.7052,55.3476,11.0,-5.5,0.0,3038.32031,1468.71411,3043.183,1467.77075,3024.157,1471.46191,3013.05762,1473.61536,2639.896,1495.36255,2640.99365,1494.27563,2636.69531,1498.53345,2634.18262,1501.023
User_01/Grid_15/HP_099/07.png,HP_099,11.3597,-30.4956,3.021,20.4234,11.7052,55.3476,11.0,0.0,0.0,3038.67163,1476.01819,3043.60449,1476.481,3024.30859,1474.67078,3013.05762,1473.61536,2640.20239,1502.25464,2641.35913,1502.49133,2636.82959,1501.56458,2634.18262,1501.023
User_01/Grid_15/HP_099/08.png,HP_099,11.3597,-30.4956,3.021,20.4234,11.7052,55.3476,0.0,0.0,0.0,3023.4082,1475.95361,3025.4,1476.40356,3017.60547,1474.64282,3013.05762,1473.61536,2626.287,1502.2854,2624.772,1502.52747,2630.7085,1501.57849,2634.18262,1501.023
User_01/Grid_15/HP_099/09.png,HP_099,11.3597,-30.4956,3.021,20.4234,11.7052,55.3476,-11.0,0.0,0.0,3009.92163,1475.89868,3009.319,1476.3374,3011.67871,1474.61938,3013.05762,1473.61536,2614.05151,1502.31177,2610.19751,1502.55859,2625.31543,1501.59058,2634.18262,1501.023
User_01/Grid_15/HP_099/10.png,HP_099,11.3597,-30.4956,3.021,20.4234,11.7052,55.3476,-11.0,5.5,0.0,3009.87231,1482.52734,3009.26,1484.23987,3011.657,1477.53418,3013.05762,1473.61536,2613.97876,1508.54944,2610.11,1509.99048,2625.28369,1504.338,2634.18262,1501.023
User_01/Grid_15/HP_099/11.png,HP_099,11.3597,-30.4956,3.021,20.4234,11.7052,55.3476,0.0,5.5,0.0,3023.44214,1483.1521,3025.44067,1484.98767,3017.62,1477.80542,3013.05762,1473.61536,2626.30176,1509.07666,2624.78931,1510.62231,2630.71533,1504.56628,2634.18262,1501.023
User_01/Grid_15/HP_099/12.png,HP_099,11.3597,-30.4956,3.021,20.4234,11.7052,55.3476,11.0,5.5,0.0,3038.8252,1483.52686,3043.78833,1485.43579,3024.37549,1477.96875,3013.05762,1473.61536,2640.34644,1509.3606,2641.53125,1510.96313,2636.89258,1504.68872,2634.18262,1501.023
User_01/Grid_15/HP_099/13.png,HP_099,11.3597,-30.4956,3.021,20.4234,11.7052,55.3476,11.0,11.0,0.0,3038.765,1490.93774,3043.71533,1494.27356,3024.34985,1481.22437,3013.05762,1473.61536,2640.31348,1516.41736,2641.492,1519.37585,2636.87817,1507.79163,2634.18262,1501.023
User_01/Grid_15/HP_099/14.png,HP_099,11.3597,-30.4956,3.021,20.4234,11.7052,55.3476,0.0,11.0,0.0,3023.47168,1490.2699,3025.47559,1493.47485,3017.63354,1480.93335,3013.05762,1473.61536,2626.31836,1515.82178,2624.80933,1518.66138,2630.72241,1507.5343,2634.18262,1501.023
User_01/Grid_15/HP_099/15.png,HP_099,11.3597,-30.4956,3.021,20.4234,11.7052,55.3476,-11.0,11.0,0.0,3009.95728,1489.09534,3009.36182,1492.06946,3011.69458,1480.42261,3013.05762,1473.61536,2614.03418,1514.74768,2610.17725,1517.37524,2625.30786,1507.06836,2634.18262,1501.023
User_01/Grid_15/HP_100/01.png,HP_100,3.5301,-28.2046,-5.1568,23.3614,12.0928,54.7944,11.0,-11.0,0.0,3320.85034,1562.8429,3325.73242,1560.84766,3306.62939,1568.65479,3295.4834,1573.21008,2887.30737,1509.77319,2888.33667,1507.084,2884.30371,1517.62109,2881.944,1523.78638
User_01/Grid_15/HP_100/02.png,HP_100,3.5301,-28.2046,-5.1568,23.3614,12.0928,54.7944,0.0,-11.0,0.0,3305.89258,1563.62939,3307.89355,1561.7876,3300.05957,1568.99854,3295.4834,1573.21008,2873.459,1510.50793,2871.83325,1507.96387,2878.20776,1517.9397,2881.944,1523.78638
User_01/Grid_15/HP_100/03.png,HP_100,3.5301,-28.2046,-5.1568,23.3614,12.0928,54.7944,-11.0,-11.0,0.0,3292.91431,1564.78137,3292.42114,1563.16357,3294.353,1569.50183,3295.4834,1573.21008,2861.51,1511.60449,2857.60449,1509.27588,2872.937,1518.4165,2881.944,1523.78638
User_01/Grid_15/HP_100/04.png,HP_100,3.5301,-28.2046,-5.1568,23.3614,12.0928,54.7944,-11.0,-5.5,0.0,3292.62744,1571.04041,3292.07935,1570.62378,3294.227,1572.25574,3295.4834,1573.21008,2861.18774,1517.4353,2857.21777,1516.22046,2872.797,1520.98755,2881.944,1523.78638
User_01/Grid_15/HP_100/05.png,HP_100,3.5301,-28.2046,-5.1568,23.3614,12.0928,54.7944,0.0,-5.5,0.0,3305.93115,1570.416,3307.94116,1569.87842,3300.07471,1571.98218,3295.4834,1573.21008,2873.4563,1516.856,2871.82886,1515.52734,2878.208,1520.736,2881.944,1523.78638
User_01/Grid_15/HP_100/06.png,HP_100,3.5301,-28.2046,-5.1568,23.3614,12.0928,54.7944,11.0,-5.5,0.0,3321.41016,1569.98242,3326.40356,1569.36084,3306.871,1571.79248,3295.4834,1573.21008,2887.7915,1516.47266,2888.915,1515.06787,2884.51587,1520.57,2881.944,1523.78638
User_01/Grid_15/HP_100/07.png,HP_100,3.5301,-28.2046,-5.1568,23.3614,12.0928,54.7944,11.0,0.0,0.0,3321.80859,1577.63342,3326.88135,1578.48572,3307.04321,1575.15234,3295.4834,1573.21008,2888.13525,1523.66,2889.3252,1523.63586,2884.666,1523.731,2881.944,1523.78638
User_01/Grid_15/HP_100/08.png,HP_100,3.5301,-28.2046,-5.1568,23.3614,12.0928,54.7944,0.0,0.0,0.0,3305.96973,1577.62549,3307.988,1578.47534,3300.09058,1575.15015,3295.4834,1573.21008,2873.45483,1523.62109,2871.82617,1523.58936,2878.20825,1523.71362,2881.944,1523.78638
User_01/Grid_15/HP_100/09.png,HP_100,3.5301,-28.2046,-5.1568,23.3614,12.0928,54.7944,-11.0,0.0,0.0,3292.44678,1577.61707,3291.86328,1578.46338,3294.148,1575.14819,3295.4834,1573.21008,2860.96436,1523.5874,2856.9502,1523.54932,2872.70044,1523.69873,2881.944,1523.78638
User_01/Grid_15/HP_100/10.png,HP_100,3.5301,-28.2046,-5.1568,23.3614,12.0928,54.7944,-11.0,5.5,0.0,3292.38965,1584.34375,3291.79541,1586.48242,3294.1228,1578.10645,3295.4834,1573.21008,2860.8584,1529.904,2856.82349,1531.07471,2872.65479,1526.48157,2881.944,1523.78638
User_01/Grid_15/HP_100/11.png,HP_100,3.5301,-28.2046,-5.1568,23.3614,12.0928,54.7944,0.0,5.5,0.0,3306.007,1585.03955,3308.03271,1587.31653,3300.107,1578.40735,3295.4834,1573.21008,2873.454,1530.60327,2871.8252,1531.91125,2878.2085,1526.78589,2881.944,1523.78638
User_01/Grid_15/HP_100/12.png,HP_100,3.5301,-28.2046,-5.1568,23.3614,12.0928,54.7944,11.0,5.5,0.0,3322.00317,1585.53418,3327.1145,1587.90955,3307.128,1578.62134,3295.4834,1573.21008,2888.30249,1531.10449,2889.52515,1532.5116,2884.73926,1527.00342,2881.944,1523.78638
User_01/Grid_15/HP_100/13.png,HP_100,3.5301,-28.2046,-5.1568,23.3614,12.0928,54.7944,11.0,11.0,0.0,3321.97119,1593.36145,3327.07568,1597.24463,3307.115,1582.05908,3295.4834,1573.21008,2888.27466,1538.52026,2889.4917,1541.35291,2884.72681,1530.26343,2881.944,1523.78638
User_01/Grid_15/HP_100/14.png,HP_100,3.5301,-28.2046,-5.1568,23.3614,12.0928,54.7944,0.0,11.0,0.0,3306.04248,1592.39478,3308.075,1596.08691,3300.123,1581.63965,3295.4834,1573.21008,2873.45483,1537.56018,2871.82642,1540.20288,2878.20874,1529.84692,2881.944,1523.78638
User_01/Grid_15/HP_100/15.png,HP_100,3.5301,-28.2046,-5.1568,23.3614,12.0928,54.7944,-11.0,11.0,0.0,3292.46484,1591.02563,3291.88477,1594.44739,3294.15576,1581.04541,3295.4834,1573.21008,2860.87915,1536.20068,2856.84839,1538.57617,2872.66357,1529.25562,2881.944,1523.78638
User_01/Grid_15/HP_101/01.png,HP_101,-17.4412,20.7975,-4.0796,-18.6325,-8.8308,59.9441,11.0,-11.0,0.0,1271.17847,560.521362,1275.04626,558.882446,1259.86914,565.3135,1250.96094,569.0884,884.2698,549.8478,885.0318,547.668945,882.0457,556.207764,880.298,561.2052
User_01/Grid_15/HP_101/02.png,HP_101,-17.4412,20.7975,-4.0796,-18.6325,-8.8308,59.9441,0.0,-11.0,0.0,1259.61292,559.624,1261.27185,557.8093,1254.76917,564.922363,1250.96094,569.0884,872.0351,548.7898,870.447266,546.404053,876.6647,555.74585,880.298,561.2052
User_01/Grid_15/HP_101/03.png,HP_101,-17.4412,20.7975,-4.0796,-18.6325,-8.8308,59.9441,-11.0,-11.0,0.0,1246.50977,559.157837,1245.65515,557.2512,1249.00293,564.7202,1250.96094,569.0884,858.2853,548.142334,854.0527,545.6306,870.6219,555.463135,880.298,561.2052
User_01/Grid_15/HP_101/04.png,HP_101,-17.4412,20.7975,-4.0796,-18.6325,-8.8308,59.9441,-11.0,-5.5,0.0,1246.57654,565.7207,1245.73474,565.074341,1249.03223,567.606934,1250.96094,569.0884,858.3151,554.9701,854.0886,553.771362,870.6346,558.464233,880.298,561.2052
User_01/Grid_15/HP_101/05.png,HP_101,-17.4412,20.7975,-4.0796,-18.6325,-8.8308,59.9441,0.0,-5.5,0.0,1259.615,565.907837,1261.27393,565.2982,1254.77026,567.688232,1250.96094,569.0884,872.0266,555.3468,870.4374,554.2213,876.6608,558.629,880.298,561.2052
User_01/Grid_15/HP_101/06.png,HP_101,-17.4412,20.7975,-4.0796,-18.6325,-8.8308,59.9441,11.0,-5.5,0.0,1271.1344,566.312134,1274.99341,565.781,1259.85034,567.864868,1250.96094,569.0884,884.2303,555.919556,884.9847,554.9055,882.028442,558.8793,880.298,561.2052
User_01/Grid_15/HP_101/07.png,HP_101,-17.4412,20.7975,-4.0796,-18.6325,-8.8308,59.9441,11.0,0.0,0.0,1270.98169,572.0574,1274.81,572.6251,1259.78442,570.396851,1250.96094,569.0884,884.0799,561.96106,884.805359,562.1062,881.9624,561.537964,880.298,561.2052
User_01/Grid_15/HP_101/08.png,HP_101,-17.4412,20.7975,-4.0796,-18.6325,-8.8308,59.9441,0.0,0.0,0.0,1259.61584,572.135132,1261.27417,572.719,1254.77148,570.4298,1250.96094,569.0884,872.019653,561.869263,870.429749,561.996948,876.657166,561.4972,880.298,561.2052
User_01/Grid_15/HP_101/09.png,HP_101,-17.4412,20.7975,-4.0796,-18.6325,-8.8308,59.9441,-11.0,0.0,0.0,1246.79016,572.219,1245.98987,572.8196,1249.12585,570.4658,1250.96094,569.0884,858.5109,561.761963,854.323669,561.869,870.7188,561.449951,880.298,561.2052
User_01/Grid_15/HP_101/10.png,HP_101,-17.4412,20.7975,-4.0796,-18.6325,-8.8308,59.9441,-11.0,5.5,0.0,1247.13208,578.4396,1246.398,580.232544,1249.27551,573.2042,1250.96094,569.0884,858.8524,568.282959,854.733337,569.642334,870.8662,564.3181,880.298,561.2052
User_01/Grid_15/HP_101/11.png,HP_101,-17.4412,20.7975,-4.0796,-18.6325,-8.8308,59.9441,0.0,5.5,0.0,1259.6156,578.1134,1261.273,579.8418,1254.77258,573.0631,1250.96094,569.0884,872.0144,568.151733,870.424133,569.4851,876.6538,564.2611,880.298,561.2052
User_01/Grid_15/HP_101/12.png,HP_101,-17.4412,20.7975,-4.0796,-18.6325,-8.8308,59.9441,11.0,5.5,0.0,1270.73181,577.601563,1274.51038,579.2285,1259.67639,572.841064,1250.96094,569.0884,883.8296,567.8104,884.506653,569.076538,881.852661,564.1128,880.298,561.2052
User_01/Grid_15/HP_101/13.png,HP_101,-17.4412,20.7975,-4.0796,-18.6325,-8.8308,59.9441,11.0,11.0,0.0,1270.40259,582.818,1274.11584,585.4402,1259.53394,575.1427,1250.96094,569.0884,883.4967,573.3335,884.109558,575.657,881.7065,566.5458,880.298,561.2052
User_01/Grid_15/HP_101/14.png,HP_101,-17.4412,20.7975,-4.0796,-18.6325,-8.8308,59.9441,0.0,11.0,0.0,1259.6145,583.6914,1261.27026,586.4856,1254.77356,575.522339,1250.96094,569.0884,872.0105,574.03,870.4208,576.49,876.650757,566.849243,880.298,561.2052
User_01/Grid_15/HP_101/15.png,HP_101,-17.4412,20.7975,-4.0796,-18.6325,-8.8308,59.9441,-11.0,11.0,0.0,1247.57336,584.21814,1246.92444,587.1166,1249.46912,575.7506,1250.96094,569.0884,859.307556,574.349243,855.2796,576.8716,871.0627,566.9883,880.298,561.2052
User_01/Grid_15/HP_102/01.png,HP_102,-11.7082,24.4787,-8.7722,-24.4291,-1.7647,60.4629,11.0,-11.0,0.0,1006.55,935.45166,1010.18762,934.066162,995.9039,939.506836,987.507935,942.7047,615.1354,904.8147,615.6673,902.737061,613.581848,910.8834,612.359863,915.6572
User_01/Grid_15/HP_102/02.png,HP_102,-11.7082,24.4787,-8.7722,-24.4291,-1.7647,60.4629,0.0,-11.0,0.0,995.906433,934.571533,997.5144,933.0144,991.207031,939.122437,987.507935,942.7047,603.8397,903.7092,602.204468,901.4159,608.61145,910.400757,612.359863,915.6572
User_01/Grid_15/HP_102/03.png,HP_102,-11.7082,24.4787,-8.7722,-24.4291,-1.7647,60.4629,-11.0,-11.0,0.0,983.5595,933.9911,982.802246,932.319946,985.770142,938.8699,987.507935,942.7047,590.859863,902.8668,586.729,900.4094,602.90564,910.032837,612.359863,915.6572
User_01/Grid_15/HP_102/04.png,HP_102,-11.7082,24.4787,-8.7722,-24.4291,-1.7647,60.4629,-11.0,-5.5,0.0,983.4681,940.0686,982.6932,939.562866,985.7301,941.544556,987.507935,942.7047,590.7146,909.239258,586.555054,908.005859,602.842834,912.8353,612.359863,915.6572
User_01/Grid_15/HP_102/05.png,HP_102,-11.7082,24.4787,-8.7722,-24.4291,-1.7647,60.4629,0.0,-5.5,0.0,995.9159,940.306152,997.5259,939.8469,991.211,941.6483,987.507935,942.7047,603.8364,909.7477,602.1999,908.613159,608.6104,913.0576,612.359863,915.6572
User_01/Grid_15/HP_102/06.png,HP_102,-11.7082,24.4787,-8.7722,-24.4291,-1.7647,60.4629,11.0,-5.5,0.0,1006.62427,940.702637,1010.27643,940.320068,995.9363,941.822,987.507935,942.7047,615.2188,910.376831,615.7667,909.364868,613.618469,913.332642,612.359863,915.6572
User_01/Grid_15/HP_102/07.png,HP_102,-11.7082,24.4787,-8.7722,-24.4291,-1.7647,60.4629,11.0,0.0,0.0,1006.60663,946.0194,1010.255,946.6526,995.9291,944.16626,987.507935,942.7047,615.2082,916.025757,615.7539,916.0963,613.6138,915.819458,612.359863,915.6572
User_01/Grid_15/HP_102/08.png,HP_102,-11.7082,24.4787,-8.7722,-24.4291,-1.7647,60.4629,0.0,0.0,0.0,995.9244,946.1273,997.5357,946.7825,991.2149,944.212158,987.507935,942.7047,603.834,915.9022,602.1974,915.9492,608.609131,915.765,612.359863,915.6572
User_01/Grid_15/HP_102/09.png,HP_102,-11.7082,24.4787,-8.7722,-24.4291,-1.7647,60.4629,-11.0,0.0,0.0,983.5121,946.246948,982.7457,946.926147,985.7492,944.2637,987.507935,942.7047,590.720459,915.755,586.562134,915.7738,602.845337,915.7002,612.359863,915.6572
User_01/Grid_15/HP_102/10.png,HP_102,-11.7082,24.4787,-8.7722,-24.4291,-1.7647,60.4629,-11.0,5.5,0.0,983.689941,952.322632,982.957764,954.1665,985.8273,946.938354,987.507935,942.7047,590.877136,922.190063,586.749939,923.4452,602.912964,918.53,612.359863,915.6572
User_01/Grid_15/HP_102/11.png,HP_102,-11.7082,24.4787,-8.7722,-24.4291,-1.7647,60.4629,0.0,5.5,0.0,995.9317,951.8605,997.543945,953.6128,991.2188,946.738037,987.507935,942.7047,603.832947,921.9873,602.19635,923.2023,608.608337,918.442261,612.359863,915.6572
User_01/Grid_15/HP_102/12.png,HP_102,-11.7082,24.4787,-8.7722,-24.4291,-1.7647,60.4629,11.0,5.5,0.0,1006.49792,951.2666,1010.12445,952.9016,995.882263,946.480469,987.507935,942.7047,615.1037,921.619263,615.6292,922.7617,613.5679,918.2822,612.359863,915.6572
User_01/Grid_15/HP_102/13.png,HP_102,-11.7082,24.4787,-8.7722,-24.4291,-1.7647,60.4629,11.0,11.0,0.0,1006.30554,956.3168,1009.89374,958.915161,995.79895,948.7086,987.507935,942.7047,614.912659,927.023438,615.4018,929.200562,613.484131,920.6625,612.359863,915.6572
User_01/Grid_15/HP_102/14.png,HP_102,-11.7082,24.4787,-8.7722,-24.4291,-1.7647,60.4629,0.0,11.0,0.0,995.9381,957.3441,997.5506,960.144531,991.222656,949.1555,987.507935,942.7047,603.832764,927.828857,602.197,930.1638,608.6074,921.0134,612.359863,915.6572
User_01/Grid_15/HP_102/15.png,HP_102,-11.7082,24.4787,-8.7722,-24.4291,-1.7647,60.4629,-11.0,11.0,0.0,983.9873,958.108154,983.312744,961.0593,985.9577,949.4872,987.507935,942.7047,591.168945,928.3367,587.1,930.77124,603.039,921.2344,612.359863,915.6572
User_01/Grid_15/HP_103/01.png,HP_103,9.1011,24.3935,5.1437,-25.7308,5.8255,62.0192,11.0,-11.0,0.0,951.2672,1102.88452,954.6583,1101.528,941.335144,1106.8573,933.4939,1109.9939,576.682434,1107.80261,577.054565,1106.02246,575.594238,1113.00684,574.7372,1117.105
User_01/Grid_15/HP_103/02.png,HP_103,9.1011,24.3935,5.1437,-25.7308,5.8255,62.0192,0.0,-11.0,0.0,941.858948,1101.91248,943.4581,1100.36768,937.180847,1106.43188,933.4939,1109.9939,566.6549,1107.08447,565.1061,1105.16406,571.17865,1112.69336,574.7372,1117.105
User_01/Grid_15/HP_103/03.png,HP_103,9.1011,24.3935,5.1437,-25.7308,5.8255,62.0192,-11.0,-11.0,0.0,930.983765,1101.13416,930.503052,1099.43787,932.388245,1106.09167,933.4939,1109.9939,555.1932,1106.59814,551.444336,1104.58264,566.1366,1112.48132,574.7372,1117.105
User_01/Grid_15/HP_103/04.png,HP_103,9.1011,24.3935,5.1437,-25.7308,5.8255,62.0192,-11.0,-5.5,0.0,930.8401,1106.49634,930.3321,1105.82642,932.3252,1108.45361,933.4939,1109.9939,555.0078,1112.213,551.222,1111.27429,566.0563,1114.95251,574.7372,1117.105
User_01/Grid_15/HP_103/05.png,HP_103,9.1011,24.3935,5.1437,-25.7308,5.8255,62.0192,0.0,-5.5,0.0,941.8663,1106.97632,943.467163,1106.39941,937.1837,1108.66406,933.4939,1109.9939,566.649963,1112.40808,565.099731,1111.50781,571.177246,1115.03735,574.7372,1117.105
User_01/Grid_15/HP_103/06.png,HP_103,9.1011,24.3935,5.1437,-25.7308,5.8255,62.0192,11.0,-5.5,0.0,951.3709,1107.546,954.7823,1107.079,941.380249,1108.91406,933.4939,1109.9939,576.7957,1112.73083,577.189758,1111.89368,575.644,1115.17822,574.7372,1117.105
User_01/Grid_15/HP_103/07.png,HP_103,9.1011,24.3935,5.1437,-25.7308,5.8255,62.0192,11.0,0.0,0.0,951.4032,1112.30371,954.82074,1112.74451,941.3944,1111.01282,933.4939,1109.9939,576.8358,1117.776,577.2375,1117.90442,575.6615,1117.40063,574.7372,1117.105
User_01/Grid_15/HP_103/08.png,HP_103,9.1011,24.3935,5.1437,-25.7308,5.8255,62.0192,0.0,0.0,0.0,941.873047,1112.16626,943.4753,1112.58154,937.1865,1110.95129,933.4939,1109.9939,566.646057,1117.88147,565.094849,1118.03027,571.1754,1117.44678,574.7372,1117.105
User_01/Grid_15/HP_103/09.png,HP_103,9.1011,24.3935,5.1437,-25.7308,5.8255,62.0192,-11.0,0.0,0.0,930.8011,1112.00989,930.285156,1112.396,932.3079,1110.88171,933.4939,1109.9939,554.936951,1118.006,551.137146,1118.17883,566.0257,1117.50134,574.7372,1117.105
User_01/Grid_15/HP_103/10.png,HP_103,9.1011,24.3935,5.1437,-25.7308,5.8255,62.0192,-11.0,5.5,0.0,930.8709,1117.51477,930.3686,1118.955,932.3386,1113.30615,933.4939,1109.9939,554.9873,1123.80334,551.1976,1125.08875,566.047241,1120.05225,574.7372,1117.105
User_01/Grid_15/HP_103/11.png,HP_103,9.1011,24.3935,5.1437,-25.7308,5.8255,62.0192,0.0,5.5,0.0,941.878967,1117.34534,943.4822,1118.75085,937.1895,1113.234,933.4939,1109.9939,566.642761,1123.36011,565.0912,1124.55908,571.1738,1119.85852,574.7372,1117.105
User_01/Grid_15/HP_103/12.png,HP_103,9.1011,24.3935,5.1437,-25.7308,5.8255,62.0192,11.0,5.5,0.0,951.36145,1117.04932,954.7704,1118.39563,941.3766,1113.10657,933.4939,1109.9939,576.7995,1122.826,577.194336,1123.921,575.6458,1119.62524,574.7372,1117.105
User_01/Grid_15/HP_103/13.png,HP_103,9.1011,24.3935,5.1437,-25.7308,5.8255,62.0192,11.0,11.0,0.0,951.2481,1121.6759,954.634766,1123.904,941.3277,1115.14832,933.4939,1109.9939,576.689331,1127.768,577.0629,1129.80847,575.597168,1121.80273,574.7372,1117.105
User_01/Grid_15/HP_103/14.png,HP_103,9.1011,24.3935,5.1437,-25.7308,5.8255,62.0192,0.0,11.0,0.0,941.8841,1122.3772,943.4878,1124.7439,937.1924,1115.45264,933.4939,1109.9939,566.6404,1128.69824,565.088745,1130.91992,571.172363,1122.20911,574.7372,1117.105
User_01/Grid_15/HP_103/15.png,HP_103,9.1011,24.3935,5.1437,-25.7308,5.8255,62.0192,-11.0,11.0,0.0,931.0453,1122.85059,930.576538,1125.31177,932.415161,1115.6571,933.4939,1109.9939,555.154053,1129.4303,551.397766,1131.79456,566.119446,1122.529,574.7372,1117.105
User_01/Grid_15/HP_104/01.png,HP_104,0.0089228,23.3526,-4.4705,-24.7719,9.533,60.9092,11.0,-11.0,0.0,997.182739,1422.83789,1000.6684,1421.48755,986.976563,1426.7915,978.922363,1429.9115,612.3838,1412.22314,612.804932,1410.35034,611.152832,1417.697,610.1838,1422.00635
User_01/Grid_15/HP_104/02.png,HP_104,0.0089228,23.3526,-4.4705,-24.7719,9.533,60.9092,0.0,-11.0,0.0,987.21106,1422.04736,988.796448,1420.54321,982.5748,1426.446,978.922363,1429.9115,601.809631,1411.304,600.2043,1409.2522,606.4975,1417.29517,610.1838,1422.00635
User_01/Grid_15/HP_104/03.png,HP_104,0.0089228,23.3526,-4.4705,-24.7719,9.533,60.9092,-11.0,-11.0,0.0,975.759644,1421.5105,975.153564,1419.90137,977.5296,1426.21216,978.922363,1429.9115,589.799438,1410.62183,585.88855,1408.4375,601.214355,1416.99707,610.1838,1422.00635
User_01/Grid_15/HP_104/04.png,HP_104,0.0089228,23.3526,-4.4705,-24.7719,9.533,60.9092,-11.0,-5.5,0.0,975.488647,1427.06543,974.8306,1426.52,977.4107,1428.65857,978.922363,1429.9115,589.4673,1416.42114,585.490051,1415.34888,601.0707,1419.54956,610.1838,1422.00635
User_01/Grid_15/HP_104/05.png,HP_104,0.0089228,23.3526,-4.4705,-24.7719,9.533,60.9092,0.0,-5.5,0.0,987.220459,1427.31506,988.8085,1426.81824,982.578247,1428.76758,978.922363,1429.9115,601.8061,1416.83716,600.1992,1415.8457,606.496948,1419.73145,610.1838,1422.00635
User_01/Grid_15/HP_104/06.png,HP_104,0.0089228,23.3526,-4.4705,-24.7719,9.533,60.9092,11.0,-5.5,0.0,997.3794,1427.70142,1000.90356,1427.27942,987.0621,1428.93677,978.922363,1429.9115,612.5953,1417.368,613.057,1416.47974,611.245667,1419.96375,610.1838,1422.00635
User_01/Grid_15/HP_104/07.png,HP_104,0.0089228,23.3526,-4.4705,-24.7719,9.533,60.9092,11.0,0.0,0.0,997.501953,1432.75244,1001.05042,1433.295,987.11554,1431.16431,978.922363,1429.9115,612.731445,1422.72668,613.219666,1422.86462,611.3057,1422.32361,610.1838,1422.00635
User_01/Grid_15/HP_104/08.png,HP_104,0.0089228,23.3526,-4.4705,-24.7719,9.533,60.9092,0.0,0.0,0.0,987.2294,1432.82227,988.819458,1433.37939,982.581848,1431.19385,978.922363,1429.9115,601.803467,1422.64526,600.1957,1422.76782,606.4962,1422.2876,610.1838,1422.00635
User_01/Grid_15/HP_104/09.png,HP_104,0.0089228,23.3526,-4.4705,-24.7719,9.533,60.9092,-11.0,0.0,0.0,975.3218,1432.8999,974.6315,1433.47278,977.3376,1431.22681,978.922363,1429.9115,589.248535,1422.54834,585.2274,1422.65247,600.9763,1422.24487,610.1838,1422.00635
User_01/Grid_15/HP_104/10.png,HP_104,0.0089228,23.3526,-4.4705,-24.7719,9.533,60.9092,-11.0,5.5,0.0,975.2756,1438.84851,974.576538,1440.562,977.3172,1433.84521,978.922363,1429.9115,589.1625,1428.82593,585.124268,1430.13574,600.9391,1425.00549,610.1838,1422.00635
User_01/Grid_15/HP_104/11.png,HP_104,0.0089228,23.3526,-4.4705,-24.7719,9.533,60.9092,0.0,5.5,0.0,987.2376,1438.426,988.829163,1440.05566,982.5854,1433.66223,978.922363,1429.9115,601.802,1428.57813,600.1934,1429.83911,606.4958,1424.898,610.1838,1422.00635
User_01/Grid_15/HP_104/12.png,HP_104,0.0089228,23.3526,-4.4705,-24.7719,9.533,60.9092,11.0,5.5,0.0,997.5419,1437.87646,1001.09778,1439.39771,987.133057,1433.42383,978.922363,1429.9115,612.7831,1428.18066,613.2811,1429.3634,611.328247,1424.7251,610.1838,1422.00635
User_01/Grid_15/HP_104/13.png,HP_104,0.0089228,23.3526,-4.4705,-24.7719,9.533,60.9092,11.0,11.0,0.0,997.495544,1442.94727,1001.04205,1445.43652,987.1131,1435.66028,978.922363,1429.9115,612.7462,1433.59839,613.237061,1435.819,611.312256,1427.11084,610.1838,1422.00635
User_01/Grid_15/HP_104/14.png,HP_104,0.0089228,23.3526,-4.4705,-24.7719,9.533,60.9092,0.0,11.0,0.0,987.244934,1443.96484,988.8375,1446.65417,982.5889,1436.10278,978.922363,1429.9115,601.8012,1434.46436,600.1928,1436.85474,606.4953,1427.488,610.1838,1422.00635
User_01/Grid_15/HP_104/15.png,HP_104,0.0089228,23.3526,-4.4705,-24.7719,9.533,60.9092,-11.0,11.0,0.0,975.3565,1444.72339,974.673035,1447.5625,977.352661,1436.43188,978.922363,1429.9115,589.217957,1435.04834,585.191,1437.55322,600.963,1427.74219,610.1838,1422.00635
User_01/Grid_15/HP_105/01.png,HP_105,14.0882,14.996,4.6344,-17.3874,13.9738,59.6986,11.0,-11.0,0.0,1275.97974,1507.873,1279.62585,1506.29736,1265.31128,1512.48315,1256.90027,1516.11792,897.6788,1525.23438,898.2319,1523.32886,896.0627,1530.802,894.7909,1535.18335
User_01/Grid_15/HP_105/02.png,HP_105,14.0882,14.996,4.6344,-17.3874,13.9738,59.6986,0.0,-11.0,0.0,1265.42615,1506.9823,1267.05847,1505.23315,1260.65552,1512.094,1256.90027,1516.11792,886.7189,1524.5752,885.170959,1522.541,891.238037,1530.51416,894.7909,1535.18335
User_01/Grid_15/HP_105/03.png,HP_105,14.0882,14.996,4.6344,-17.3874,13.9738,59.6986,-11.0,-11.0,0.0,1253.63965,1506.41992,1253.01465,1504.56116,1255.46484,1511.84863,1256.90027,1516.11792,874.6194,1524.26074,870.749451,1522.165,885.914856,1530.377,894.7909,1535.18335
User_01/Grid_15/HP_105/04.png,HP_105,14.0882,14.996,4.6344,-17.3874,13.9738,59.6986,-11.0,-5.5,0.0,1253.31128,1512.10791,1252.62292,1511.33887,1255.3208,1514.35327,1256.90027,1516.11792,874.2357,1530.1167,870.2894,1529.144,885.749,1532.95459,894.7909,1535.18335
User_01/Grid_15/HP_105/05.png,HP_105,14.0882,14.996,4.6344,-17.3874,13.9738,59.6986,0.0,-5.5,0.0,1265.44275,1512.46924,1267.07922,1511.77039,1260.66187,1514.51123,1256.90027,1516.11792,886.7157,1530.248,885.166138,1529.301,891.237732,1533.01172,894.7909,1535.18335
User_01/Grid_15/HP_105/06.png,HP_105,14.0882,14.996,4.6344,-17.3874,13.9738,59.6986,11.0,-5.5,0.0,1276.24609,1513.002,1279.9447,1512.40625,1265.427,1514.74451,1256.90027,1516.11792,897.949341,1530.56848,898.5545,1529.68433,896.181335,1533.15161,894.7909,1535.18335
User_01/Grid_15/HP_105/07.png,HP_105,14.0882,14.996,4.6344,-17.3874,13.9738,59.6986,11.0,0.0,0.0,1276.43054,1518.37891,1280.16541,1518.81116,1265.5072,1517.11438,1256.90027,1516.11792,898.13916,1536.17578,898.781067,1536.36621,896.2648,1535.62024,894.7909,1535.18335
User_01/Grid_15/HP_105/08.png,HP_105,14.0882,14.996,4.6344,-17.3874,13.9738,59.6986,0.0,0.0,0.0,1265.45911,1518.26453,1267.09912,1518.67578,1260.66846,1517.063,1256.90027,1516.11792,886.7131,1536.25818,885.1624,1536.46448,891.237366,1535.656,894.7909,1535.18335
User_01/Grid_15/HP_105/09.png,HP_105,14.0882,14.996,4.6344,-17.3874,13.9738,59.6986,-11.0,0.0,0.0,1253.08826,1518.1394,1252.35669,1518.52734,1255.223,1517.00732,1256.90027,1516.11792,873.9624,1536.35193,869.9617,1536.57629,885.6309,1535.69727,894.7909,1535.18335
User_01/Grid_15/HP_105/10.png,HP_105,14.0882,14.996,4.6344,-17.3874,13.9738,59.6986,-11.0,5.5,0.0,1252.99243,1524.345,1252.24231,1525.92383,1255.181,1519.73755,1256.90027,1516.11792,873.8246,1542.78931,869.7964,1544.25073,885.5713,1538.528,894.7909,1535.18335
User_01/Grid_15/HP_105/11.png,HP_105,14.0882,14.996,4.6344,-17.3874,13.9738,59.6986,0.0,5.5,0.0,1265.47461,1524.21289,1267.118,1525.76416,1260.675,1519.68164,1256.90027,1516.11792,886.711365,1542.448,885.1601,1543.843,891.236938,1538.37891,894.7909,1535.18335
User_01/Grid_15/HP_105/12.png,HP_105,14.0882,14.996,4.6344,-17.3874,13.9738,59.6986,11.0,5.5,0.0,1276.51929,1523.875,1280.27148,1525.35864,1265.546,1519.53638,1256.90027,1516.11792,898.234741,1541.92761,898.894958,1543.2207,896.306763,1538.15186,894.7909,1535.18335
User_01/Grid_15/HP_105/13.png,HP_105,14.0882,14.996,4.6344,-17.3874,13.9738,59.6986,11.0,11.0,0.0,1276.50549,1529.34131,1280.25464,1531.86987,1265.54041,1521.94556,1256.90027,1516.11792,898.228333,1547.67371,898.887268,1550.06848,896.3039,1540.68115,894.7909,1535.18335
User_01/Grid_15/HP_105/14.png,HP_105,14.0882,14.996,4.6344,-17.3874,13.9738,59.6986,0.0,11.0,0.0,1265.4895,1530.13037,1267.13538,1532.81543,1260.68188,1522.28711,1256.90027,1516.11792,886.7106,1548.62866,885.159058,1551.21021,891.2366,1541.09753,894.7909,1535.18335
User_01/Grid_15/HP_105/15.png,HP_105,14.0882,14.996,4.6344,-17.3874,13.9738,59.6986,-11.0,11.0,0.0,1253.03516,1530.52148,1252.29346,1533.2854,1255.19971,1522.45532,1256.90027,1516.11792,873.8364,1549.21338,869.8106,1551.90869,885.5763,1541.35291,894.7909,1535.18335
User_01/Grid_15/HP_106/01.png,HP_106,-19.5259,20.7715,-0.060151,-15.9721,-9.259,57.3285,11.0,-11.0,0.0,1388.23511,498.087524,1392.4917,496.0775,1375.80066,503.959229,1366.01831,508.5785,987.340149,515.446045,988.3646,513.090332,984.3533,522.3153,982.0089,527.7062
User_01/Grid_15/HP_106/02.png,HP_106,-19.5259,20.7715,-0.060151,-15.9721,-9.259,57.3285,0.0,-11.0,0.0,1375.25488,497.089722,1377.02869,494.8833,1370.08081,503.5255,1366.01831,508.5785,973.501648,514.2551,971.8643,511.66626,978.2712,521.796143,982.0089,527.7062
User_01/Grid_15/HP_106/03.png,HP_106,-19.5259,20.7715,-0.060151,-15.9721,-9.259,57.3285,-11.0,-11.0,0.0,1360.66541,496.675659,1359.636,494.386719,1363.66541,503.346558,1366.01831,508.5785,958.0413,513.6345,953.4257,510.924561,971.480957,521.525,982.0089,527.7062
User_01/Grid_15/HP_106/04.png,HP_106,-19.5259,20.7715,-0.060151,-15.9721,-9.259,57.3285,-11.0,-5.5,0.0,1360.74829,504.024658,1359.735,503.149048,1363.70166,506.57666,1366.01831,508.5785,958.080933,521.2909,953.473633,520.055664,971.497742,524.888062,982.0089,527.7062
User_01/Grid_15/HP_106/05.png,HP_106,-19.5259,20.7715,-0.060151,-15.9721,-9.259,57.3285,0.0,-5.5,0.0,1375.24915,504.178223,1377.02148,503.333374,1370.07861,506.642944,1366.01831,508.5785,973.4818,521.6565,971.840942,520.4923,978.262268,525.048,982.0089,527.7062
User_01/Grid_15/HP_106/06.png,HP_106,-19.5259,20.7715,-0.060151,-15.9721,-9.259,57.3285,11.0,-5.5,0.0,1388.16724,504.623779,1392.41,503.8662,1375.77136,506.837036,1366.01831,508.5785,987.2731,522.296143,988.284546,521.2566,984.324,525.327148,982.0089,527.7062
User_01/Grid_15/HP_106/07.png,HP_106,-19.5259,20.7715,-0.060151,-15.9721,-9.259,57.3285,11.0,0.0,0.0,1387.96143,511.097046,1392.16321,511.579346,1375.68274,509.687622,1366.01831,508.5785,987.0653,529.099854,988.0362,529.367432,984.232666,528.3191,982.0089,527.7062
User_01/Grid_15/HP_106/08.png,HP_106,-19.5259,20.7715,-0.060151,-15.9721,-9.259,57.3285,0.0,0.0,0.0,1375.24219,511.1869,1377.01233,511.6875,1370.07666,509.7262,1366.01831,508.5785,973.464661,529.004,971.821045,529.25354,978.2539,528.2766,982.0089,527.7062
User_01/Grid_15/HP_106/09.png,HP_106,-19.5259,20.7715,-0.060151,-15.9721,-9.259,57.3285,-11.0,0.0,0.0,1361.01221,511.2832,1360.05017,511.8031,1363.81714,509.7677,1366.01831,508.5785,958.3297,528.891235,953.7726,529.1194,971.604553,528.2269,982.0089,527.7062
User_01/Grid_15/HP_106/10.png,HP_106,-19.5259,20.7715,-0.060151,-15.9721,-9.259,57.3285,-11.0,5.5,0.0,1361.4303,518.1915,1360.54944,520.037231,1364.00012,512.807,1366.01831,508.5785,958.7584,536.142456,954.287354,537.7649,971.789246,531.4144,982.0089,527.7062
User_01/Grid_15/HP_106/11.png,HP_106,-19.5259,20.7715,-0.060151,-15.9721,-9.259,57.3285,0.0,5.5,0.0,1375.23425,517.874756,1377.00171,519.657349,1370.07458,512.670044,1366.01831,508.5785,973.450256,536.037,971.8052,537.638062,978.2462,531.3688,982.0089,527.7062
User_01/Grid_15/HP_106/12.png,HP_106,-19.5259,20.7715,-0.060151,-15.9721,-9.259,57.3285,11.0,5.5,0.0,1387.63525,517.310547,1391.77209,518.9817,1375.54187,512.4254,1366.01831,508.5785,986.732239,535.6515,987.638855,537.176636,984.086853,531.201538,982.0089,527.7062
User_01/Grid_15/HP_106/13.png,HP_106,-19.5259,20.7715,-0.060151,-15.9721,-9.259,57.3285,11.0,11.0,0.0,1387.2146,523.110352,1391.26758,525.88916,1375.35986,514.9828,1366.01831,508.5785,986.2997,541.786743,987.1225,544.4874,983.8972,533.902954,982.0089,527.7062
User_01/Grid_15/HP_106/14.png,HP_106,-19.5259,20.7715,-0.060151,-15.9721,-9.259,57.3285,0.0,11.0,0.0,1375.22571,524.0597,1376.98975,527.025757,1370.07263,515.395142,1366.01831,508.5785,973.4386,542.554565,971.792664,545.406,978.2394,534.237061,982.0089,527.7062
User_01/Grid_15/HP_106/15.png,HP_106,-19.5259,20.7715,-0.060151,-15.9721,-9.259,57.3285,-11.0,11.0,0.0,1361.9635,524.5564,1361.18591,527.62085,1364.23389,515.6102,1366.01831,508.5785,959.322754,542.8246,954.9646,545.72876,972.0324,534.354736,982.0089,527.7062
User_01/Grid_15/HP_107/01.png,HP_107,-9.0022,6.1628,-7.7142,-12.8172,-3.5395,61.4382,11.0,-11.0,0.0,1480.63916,803.2213,1484.40588,801.737549,1469.63,807.5569,1460.96387,810.97,1113.04907,754.650269,1113.78662,752.3711,1110.89587,761.3041,1109.20313,766.534058
User_01/Grid_15/HP_107/02.png,HP_107,-9.0022,6.1628,-7.7142,-12.8172,-3.5395,61.4382,0.0,-11.0,0.0,1468.97461,802.4264,1470.51111,800.7875,1464.48914,807.2102,1460.96387,810.97,1101.33179,753.8562,1099.82031,751.4219,1105.741,760.957642,1109.20313,766.534058
User_01/Grid_15/HP_107/03.png,HP_107,-9.0022,6.1628,-7.7142,-12.8172,-3.5395,61.4382,-11.0,-11.0,0.0,1456.15784,802.105469,1455.23511,800.403442,1458.84985,807.0708,1460.96387,810.97,1088.57483,753.506,1084.61292,751.0038,1100.13086,760.8043,1109.20313,766.534058
User_01/Grid_15/HP_107/04.png,HP_107,-9.0022,6.1628,-7.7142,-12.8172,-3.5395,61.4382,-11.0,-5.5,0.0,1456.15625,808.403931,1455.23328,807.911255,1458.84912,809.8413,1460.96387,810.97,1088.502,759.876343,1084.52539,758.5974,1100.09924,763.6062,1109.20313,766.534058
User_01/Grid_15/HP_107/05.png,HP_107,-9.0022,6.1628,-7.7142,-12.8172,-3.5395,61.4382,0.0,-5.5,0.0,1469.01587,808.5596,1470.5603,808.097168,1464.50732,809.909058,1460.96387,810.97,1101.3313,760.0803,1099.8197,758.8408,1105.741,763.695435,1109.20313,766.534058
User_01/Grid_15/HP_107/06.png,HP_107,-9.0022,6.1628,-7.7142,-12.8172,-3.5395,61.4382,11.0,-5.5,0.0,1480.70911,808.954834,1484.48938,808.569,1469.661,810.0824,1460.96387,810.97,1113.10046,760.5061,1113.8479,759.35,1110.91821,763.881348,1109.20313,766.534058
User_01/Grid_15/HP_107/07.png,HP_107,-9.0022,6.1628,-7.7142,-12.8172,-3.5395,61.4382,11.0,0.0,0.0,1480.66223,814.7184,1484.43262,815.4359,1469.64136,812.6212,1460.96387,810.97,1113.04065,766.4131,1113.77661,766.3899,1110.89209,766.480835,1109.20313,766.534058
User_01/Grid_15/HP_107/08.png,HP_107,-9.0022,6.1628,-7.7142,-12.8172,-3.5395,61.4382,0.0,0.0,0.0,1469.05493,814.7323,1470.60657,815.453857,1464.5249,812.625854,1460.96387,810.97,1101.33215,766.3685,1099.82068,766.3367,1105.741,766.4612,1109.20313,766.534058
User_01/Grid_15/HP_107/09.png,HP_107,-9.0022,6.1628,-7.7142,-12.8172,-3.5395,61.4382,-11.0,0.0,0.0,1456.299,814.745239,1455.40356,815.469849,1458.91174,812.630737,1460.96387,810.97,1088.58057,766.3191,1084.61975,766.2777,1100.1333,766.4396,1109.20313,766.534058
User_01/Grid_15/HP_107/10.png,HP_107,-9.0022,6.1628,-7.7142,-12.8172,-3.5395,61.4382,-11.0,5.5,0.0,1456.57727,820.9154,1455.73547,822.823364,1459.03357,815.3462,1460.96387,810.97,1088.80249,772.6122,1084.886,773.778931,1100.229,769.2079,1109.20313,766.534058
User_01/Grid_15/HP_107/11.png,HP_107,-9.0022,6.1628,-7.7142,-12.8172,-3.5395,61.4382,0.0,5.5,0.0,1469.09143,820.7427,1470.64929,822.615967,1464.54187,815.272339,1460.96387,810.97,1101.33386,772.518433,1099.82324,773.667,1105.74121,769.1669,1109.20313,766.534058
User_01/Grid_15/HP_107/12.png,HP_107,-9.0022,6.1628,-7.7142,-12.8172,-3.5395,61.4382,11.0,5.5,0.0,1480.50366,820.3436,1484.242,822.136963,1469.57324,815.1,1460.96387,810.97,1112.875,772.2053,1113.57886,773.2926,1110.81934,769.0304,1109.20313,766.534058
User_01/Grid_15/HP_107/13.png,HP_107,-9.0022,6.1628,-7.7142,-12.8172,-3.5395,61.4382,11.0,11.0,0.0,1480.24731,825.6819,1483.9342,828.4949,1469.46277,817.4541,1460.96387,810.97,1112.61584,777.7351,1113.27,779.8816,1110.70581,771.4657,1109.20313,766.534058
User_01/Grid_15/HP_107/14.png,HP_107,-9.0022,6.1628,-7.7142,-12.8172,-3.5395,61.4382,0.0,11.0,0.0,1469.12488,826.415039,1470.688,829.373169,1464.55786,817.7716,1460.96387,810.97,1101.33643,778.3523,1099.82739,780.619141,1105.74121,771.734863,1109.20313,766.534058
User_01/Grid_15/HP_107/15.png,HP_107,-9.0022,6.1628,-7.7142,-12.8172,-3.5395,61.4382,-11.0,11.0,0.0,1456.97009,826.728638,1456.20435,829.749634,1459.20581,817.90686,1460.96387,810.97,1089.14661,778.562744,1085.29834,780.8707,1100.37769,771.827,1109.20313,766.534058
User_01/Grid_15/HP_108/01.png,HP_108,-4.4353,21.3397,-6.7828,-13.549,1.945,60.2751,11.0,-11.0,0.0,1573.78882,1065.61414,1577.52686,1064.06152,1562.86316,1070.15234,1554.26233,1073.72473,1209.02612,1032.09607,1209.84949,1029.80688,1206.62354,1038.77625,1204.73584,1044.025
User_01/Grid_15/HP_108/02.png,HP_108,-4.4353,21.3397,-6.7828,-13.549,1.945,60.2751,0.0,-11.0,0.0,1562.3501,1064.9502,1563.90125,1063.26758,1557.822,1069.86292,1554.26233,1073.72473,1196.75146,1031.31921,1195.21777,1028.87866,1201.22449,1038.43713,1204.73584,1044.025
User_01/Grid_15/HP_108/03.png,HP_108,-4.4353,21.3397,-6.7828,-13.549,1.945,60.2751,-11.0,-11.0,0.0,1549.95654,1064.75623,1549.13013,1063.03491,1552.368,1069.779,1554.26233,1073.72473,1183.56,1031.03711,1179.49243,1028.54211,1195.42334,1038.31323,1204.73584,1044.025
User_01/Grid_15/HP_108/04.png,HP_108,-4.4353,21.3397,-6.7828,-13.549,1.945,60.2751,-11.0,-5.5,0.0,1549.77283,1070.905,1548.91089,1070.36365,1552.28735,1072.4845,1554.26233,1073.72473,1183.33826,1037.41846,1179.22607,1036.1488,1195.32751,1041.12012,1204.73584,1044.025
User_01/Grid_15/HP_108/05.png,HP_108,-4.4353,21.3397,-6.7828,-13.549,1.945,60.2751,0.0,-5.5,0.0,1562.33337,1070.9801,1563.88159,1070.45349,1557.81421,1072.51685,1554.26233,1073.72473,1196.74683,1037.611,1195.21167,1036.37854,1201.223,1041.20471,1204.73584,1044.025
User_01/Grid_15/HP_108/06.png,HP_108,-4.4353,21.3397,-6.7828,-13.549,1.945,60.2751,11.0,-5.5,0.0,1573.90771,1071.30066,1577.66943,1070.83643,1562.91479,1072.6571,1554.26233,1073.72473,1209.18774,1038.05566,1210.04236,1036.91,1206.69434,1041.3988,1204.73584,1044.025
User_01/Grid_15/HP_108/07.png,HP_108,-4.4353,21.3397,-6.7828,-13.549,1.945,60.2751,11.0,0.0,0.0,1573.9115,1077.12231,1577.674,1077.77283,1562.91663,1075.22119,1554.26233,1073.72473,1209.23059,1044.18091,1210.09351,1044.21094,1206.71313,1044.09351,1204.73584,1044.025
User_01/Grid_15/HP_108/08.png,HP_108,-4.4353,21.3397,-6.7828,-13.549,1.945,60.2751,0.0,0.0,0.0,1562.31519,1077.17029,1563.85962,1077.83118,1557.80615,1075.24109,1554.26233,1073.72473,1196.74438,1044.10437,1195.20862,1044.11963,1201.22217,1044.05994,1204.73584,1044.025
User_01/Grid_15/HP_108/09.png,HP_108,-4.4353,21.3397,-6.7828,-13.549,1.945,60.2751,-11.0,0.0,0.0,1549.7262,1077.21973,1548.85522,1077.89063,1552.26685,1075.26221,1554.26233,1073.72473,1183.27454,1044.01733,1179.1499,1044.01575,1195.3,1044.02148,1204.73584,1044.025
User_01/Grid_15/HP_108/10.png,HP_108,-4.4353,21.3397,-6.7828,-13.549,1.945,60.2751,-11.0,5.5,0.0,1549.82166,1083.4895,1548.96924,1085.36353,1552.30859,1078.02087,1554.26233,1073.72473,1183.376,1050.59863,1179.27148,1051.86182,1195.34387,1046.91553,1204.73584,1044.025
User_01/Grid_15/HP_108/11.png,HP_108,-4.4353,21.3397,-6.7828,-13.549,1.945,60.2751,0.0,5.5,0.0,1562.29565,1083.31787,1563.836,1085.15747,1557.7981,1077.947,1554.26233,1073.72473,1196.74438,1050.57971,1195.20886,1051.83911,1201.2218,1046.90723,1204.73584,1044.025
User_01/Grid_15/HP_108/12.png,HP_108,-4.4353,21.3397,-6.7828,-13.549,1.945,60.2751,11.0,5.5,0.0,1573.79712,1082.906,1577.5365,1084.66357,1562.86719,1077.769,1554.26233,1073.72473,1209.15063,1050.28992,1209.998,1051.49243,1206.6781,1046.78125,1204.73584,1044.025
User_01/Grid_15/HP_108/13.png,HP_108,-4.4353,21.3397,-6.7828,-13.549,1.945,60.2751,11.0,11.0,0.0,1573.57153,1088.48267,1577.26611,1091.3064,1562.76978,1080.22693,1554.26233,1073.72473,1208.95483,1056.20386,1209.76416,1058.54053,1206.59216,1049.38391,1204.73584,1044.025
User_01/Grid_15/HP_108/14.png,HP_108,-4.4353,21.3397,-6.7828,-13.549,1.945,60.2751,0.0,11.0,0.0,1562.27539,1089.22437,1563.81116,1092.195,1557.79,1080.54834,1554.26233,1073.72473,1196.74646,1056.8208,1195.212,1059.27832,1201.222,1049.65271,1204.73584,1044.025
User_01/Grid_15/HP_108/15.png,HP_108,-4.4353,21.3397,-6.7828,-13.549,1.945,60.2751,-11.0,11.0,0.0,1550.04993,1089.50842,1549.242,1092.53577,1552.40857,1080.67078,1554.26233,1073.72473,1183.63147,1056.93115,1179.578,1059.41,1195.45422,1049.701,1204.73584,1044.025
User_01/Grid_15/HP_109/01.png,HP_109,7.0457,5.8384,7.3032,-7.4427,12.2529,59.2551,11.0,-11.0,0.0,1720.9231,1471.09351,1724.889,1469.15857,1709.33423,1476.74731,1700.21338,1481.19727,1346.96179,1517.01416,1347.78369,1515.04224,1344.5625,1522.77063,1342.67651,1527.29529
User_01/Grid_15/HP_109/02.png,HP_109,7.0457,5.8384,7.3032,-7.4427,12.2529,59.2551,0.0,-11.0,0.0,1709.04321,1470.45947,1710.73669,1468.40015,1704.09937,1476.47168,1700.21338,1481.19727,1334.9137,1516.46729,1333.42371,1514.38892,1339.26135,1522.53174,1342.67651,1527.29529
User_01/Grid_15/HP_109/03.png,HP_109,7.0457,5.8384,7.3032,-7.4427,12.2529,59.2551,-11.0,-11.0,0.0,1696.42236,1470.32361,1695.69482,1468.23682,1698.54541,1476.41309,1700.21338,1481.19727,1322.25378,1516.40747,1318.33472,1514.31812,1333.6908,1522.50488,1342.67651,1527.29529
User_01/Grid_15/HP_109/04.png,HP_109,7.0457,5.8384,7.3032,-7.4427,12.2529,59.2551,-11.0,-5.5,0.0,1696.061,1476.38965,1695.26367,1475.46655,1698.387,1479.08276,1700.21338,1481.19727,1321.84644,1522.53442,1317.84619,1521.62024,1333.51477,1525.20142,1342.67651,1527.29529
User_01/Grid_15/HP_109/05.png,HP_109,7.0457,5.8384,7.3032,-7.4427,12.2529,59.2551,0.0,-5.5,0.0,1709.058,1476.46887,1710.75537,1475.56152,1704.10474,1479.117,1700.21338,1481.19727,1334.91077,1522.5686,1333.41907,1521.66089,1339.26111,1525.21655,1342.67651,1527.29529
User_01/Grid_15/HP_109/06.png,HP_109,7.0457,5.8384,7.3032,-7.4427,12.2529,59.2551,11.0,-5.5,0.0,1721.2605,1476.81909,1725.29333,1475.98022,1709.48035,1479.26953,1700.21338,1481.19727,1347.2948,1522.86768,1348.181,1522.01807,1344.7085,1525.34741,1342.67651,1527.29529
User_01/Grid_15/HP_109/07.png,HP_109,7.0457,5.8384,7.3032,-7.4427,12.2529,59.2551,11.0,0.0,0.0,1721.49011,1482.86487,1725.56848,1483.18457,1709.57983,1481.9314,1700.21338,1481.19727,1347.52551,1529.05676,1348.45654,1529.395,1344.80945,1528.07019,1342.67651,1527.29529
User_01/Grid_15/HP_109/08.png,HP_109,7.0457,5.8384,7.3032,-7.4427,12.2529,59.2551,0.0,0.0,0.0,1709.07214,1482.84766,1710.773,1483.16455,1704.11011,1481.92322,1700.21338,1481.19727,1334.90857,1529.06152,1333.41589,1529.40088,1339.261,1528.07178,1342.67651,1527.29529
User_01/Grid_15/HP_109/09.png,HP_109,7.0457,5.8384,7.3032,-7.4427,12.2529,59.2551,-11.0,0.0,0.0,1695.82007,1482.8291,1694.976,1483.1427,1698.28149,1481.91479,1700.21338,1481.19727,1321.56165,1529.06567,1317.50476,1529.40588,1333.3916,1528.07373,1342.67651,1527.29529
User_01/Grid_15/HP_109/10.png,HP_109,7.0457,5.8384,7.3032,-7.4427,12.2529,59.2551,-11.0,5.5,0.0,1695.72375,1489.44849,1694.86108,1491.03394,1698.23926,1484.82544,1700.21338,1481.19727,1321.428,1535.80408,1317.34448,1537.43921,1333.33374,1531.0365,1342.67651,1527.29529
User_01/Grid_15/HP_109/11.png,HP_109,7.0457,5.8384,7.3032,-7.4427,12.2529,59.2551,0.0,5.5,0.0,1709.08508,1489.40308,1710.78857,1490.979,1704.11548,1484.80652,1700.21338,1481.19727,1334.90747,1535.75562,1333.41418,1537.38171,1339.26074,1531.01489,1342.67651,1527.29529
User_01/Grid_15/HP_109/12.png,HP_109,7.0457,5.8384,7.3032,-7.4427,12.2529,59.2551,11.0,5.5,0.0,1721.59167,1489.061,1725.69,1490.5686,1709.624,1484.65894,1700.21338,1481.19727,1347.63391,1535.41675,1348.58594,1536.97632,1344.857,1530.86743,1342.67651,1527.29529
User_01/Grid_15/HP_109/13.png,HP_109,7.0457,5.8384,7.3032,-7.4427,12.2529,59.2551,11.0,11.0,0.0,1721.55554,1495.2085,1725.64636,1497.89417,1709.60876,1487.36536,1700.21338,1481.19727,1347.60962,1541.7522,1348.55688,1544.52808,1344.84631,1533.65442,1342.67651,1527.29529
User_01/Grid_15/HP_109/14.png,HP_109,7.0457,5.8384,7.3032,-7.4427,12.2529,59.2551,0.0,11.0,0.0,1709.09644,1495.90662,1710.802,1498.731,1704.12073,1487.66736,1700.21338,1481.19727,1334.90735,1542.42017,1333.41406,1545.3269,1339.26062,1533.94519,1342.67651,1527.29529
User_01/Grid_15/HP_109/15.png,HP_109,7.0457,5.8384,7.3032,-7.4427,12.2529,59.2551,-11.0,11.0,0.0,1695.78381,1496.01782,1694.93274,1498.86548,1698.26563,1487.71436,1700.21338,1481.19727,1321.46021,1542.50977,1317.38342,1545.43335,1333.34741,1533.98511,1342.67651,1527.29529
User_01/Grid_15/HP_110/01.png,HP_110,17.5678,-0.010394,5.3354,-6.1012,13.15,61.1351,11.0,-11.0,0.0,1750.26892,1424.202,1753.94592,1422.52783,1739.51978,1429.09583,1731.05518,1432.94946,1398.52466,1454.48584,1399.19055,1452.59766,1396.57935,1460.00146,1395.04871,1464.34106
User_01/Grid_15/HP_110/02.png,HP_110,17.5678,-0.010394,5.3354,-6.1012,13.15,61.1351,0.0,-11.0,0.0,1739.38367,1423.519,1740.97961,1421.71191,1734.72192,1428.79761,1731.05518,1432.94946,1387.69751,1454.17908,1386.28833,1452.2312,1391.81262,1459.86768,1395.04871,1464.34106
User_01/Grid_15/HP_110/03.png,HP_110,17.5678,-0.010394,5.3354,-6.1012,13.15,61.1351,-11.0,-11.0,0.0,1727.8938,1423.25671,1727.28772,1421.39819,1729.66357,1428.683,1731.05518,1432.94946,1376.41113,1454.28149,1372.83923,1452.35376,1386.84351,1459.91235,1395.04871,1464.34106
User_01/Grid_15/HP_110/04.png,HP_110,17.5678,-0.010394,5.3354,-6.1012,13.15,61.1351,-11.0,-5.5,0.0,1727.61719,1428.77515,1726.95764,1427.97437,1729.54211,1431.11255,1731.05518,1432.94946,1376.10046,1459.81042,1372.4668,1458.94165,1386.709,1462.34692,1395.04871,1464.34106
User_01/Grid_15/HP_110/05.png,HP_110,17.5678,-0.010394,5.3354,-6.1012,13.15,61.1351,0.0,-5.5,0.0,1739.40845,1429.00037,1741.01,1428.24316,1734.73193,1431.2113,1731.05518,1432.94946,1387.69922,1459.69092,1386.28955,1458.799,1391.81433,1462.29456,1395.04871,1464.34106
User_01/Grid_15/HP_110/06.png,HP_110,17.5678,-0.010394,5.3354,-6.1012,13.15,61.1351,11.0,-5.5,0.0,1750.55334,1429.45142,1754.2865,1428.78174,1739.64331,1431.40881,1731.05518,1432.94946,1398.7948,1459.79578,1399.5127,1458.92456,1396.69788,1462.34009,1395.04871,1464.34106
User_01/Grid_15/HP_110/07.png,HP_110,17.5678,-0.010394,5.3354,-6.1012,13.15,61.1351,11.0,0.0,0.0,1750.74438,1434.95435,1754.51514,1435.33838,1739.72632,1433.83252,1731.05518,1432.94946,1398.97815,1465.37646,1399.73169,1465.57507,1396.77832,1464.79688,1395.04871,1464.34106
User_01/Grid_15/HP_110/08.png,HP_110,17.5678,-0.010394,5.3354,-6.1012,13.15,61.1351,0.0,0.0,0.0,1739.43262,1434.77319,1741.03931,1435.123,1734.74207,1433.7522,1731.05518,1432.94946,1387.7019,1465.511,1386.29224,1465.7356,1391.816,1464.856,1395.04871,1464.34106
User_01/Grid_15/HP_110/09.png,HP_110,17.5678,-0.010394,5.3354,-6.1012,13.15,61.1351,-11.0,0.0,0.0,1727.44287,1434.5896,1726.74951,1434.9043,1729.4657,1433.67114,1731.05518,1432.94946,1375.8927,1465.65356,1372.21777,1465.90527,1386.61926,1464.91858,1395.04871,1464.34106
User_01/Grid_15/HP_110/10.png,HP_110,17.5678,-0.010394,5.3354,-6.1012,13.15,61.1351,-11.0,5.5,0.0,1727.38806,1440.53711,1726.6842,1441.99316,1729.44177,1436.28784,1731.05518,1432.94946,1375.80713,1471.648,1372.11523,1473.04993,1386.58215,1467.55615,1395.04871,1464.34106
User_01/Grid_15/HP_110/11.png,HP_110,17.5678,-0.010394,5.3354,-6.1012,13.15,61.1351,0.0,5.5,0.0,1739.45532,1440.67456,1741.06665,1442.15625,1734.75183,1436.34912,1731.05518,1432.94946,1387.70581,1471.48145,1386.29639,1472.85181,1391.818,1467.48254,1395.04871,1464.34106
User_01/Grid_15/HP_110/12.png,HP_110,17.5678,-0.010394,5.3354,-6.1012,13.15,61.1351,11.0,5.5,0.0,1750.827,1440.56519,1754.61389,1442.0238,1739.76245,1436.30334,1731.05518,1432.94946,1399.06055,1471.08936,1399.83008,1472.38354,1396.81445,1467.311,1395.04871,1464.34106
User_01/Grid_15/HP_110/13.png,HP_110,17.5678,-0.010394,5.3354,-6.1012,13.15,61.1351,11.0,11.0,0.0,1750.79492,1446.11768,1754.575,1448.63928,1739.7489,1438.749,1731.05518,1432.94946,1399.0354,1476.77417,1399.7998,1479.15845,1396.80334,1469.81323,1395.04871,1464.34106
User_01/Grid_15/HP_110/14.png,HP_110,17.5678,-0.010394,5.3354,-6.1012,13.15,61.1351,0.0,11.0,0.0,1739.47632,1446.51624,1741.09143,1449.11816,1734.76135,1438.92041,1731.05518,1432.94946,1387.71057,1477.4165,1386.30225,1479.92554,1391.82,1470.094,1395.04871,1464.34106
User_01/Grid_15/HP_110/15.png,HP_110,17.5678,-0.010394,5.3354,-6.1012,13.15,61.1351,-11.0,11.0,0.0,1727.46,1446.42969,1726.77,1449.0166,1729.47327,1438.88074,1731.05518,1432.94946,1375.85291,1477.60229,1372.17017,1480.14661,1386.60181,1470.17651,1395.04871,1464.34106
User_01/Grid_15/HP_111/01.png,HP_111,-13.5305,6.4065,-3.554,-3.6694,-11.0868,59.6457,11.0,-11.0,0.0,1977.44849,388.798462,1981.60974,386.921265,1965.30493,394.276855,1955.76465,398.5807,1600.48889,362.976318,1601.57,360.450928,1597.33679,370.339478,1594.8634,376.117065
User_01/Grid_15/HP_111/02.png,HP_111,-13.5305,6.4065,-3.554,-3.6694,-11.0868,59.6457,0.0,-11.0,0.0,1964.25317,388.249634,1965.8844,386.2644,1959.497,394.0382,1955.76465,398.5807,1586.9696,362.503662,1585.45178,359.886,1591.39355,370.133179,1594.8634,376.117065
User_01/Grid_15/HP_111/03.png,HP_111,-13.5305,6.4065,-3.554,-3.6694,-11.0868,59.6457,-11.0,-11.0,0.0,1950.70544,388.3634,1949.73315,386.39978,1953.54028,394.0885,1955.76465,398.5807,1573.16992,362.708618,1569.00159,360.132324,1585.32446,370.2213,1594.8634,376.117065
User_01/Grid_15/HP_111/04.png,HP_111,-13.5305,6.4065,-3.554,-3.6694,-11.0868,59.6457,-11.0,-5.5,0.0,1950.86011,395.210327,1949.91785,394.562866,1953.60791,397.098633,1955.76465,398.5807,1573.29724,369.6255,1569.1543,368.378418,1585.37939,373.262329,1594.8634,376.117065
User_01/Grid_15/HP_111/05.png,HP_111,-13.5305,6.4065,-3.554,-3.6694,-11.0868,59.6457,0.0,-5.5,0.0,1964.25635,395.177979,1965.88733,394.5244,1959.499,397.084473,1955.76465,398.5807,1586.967,369.5227,1585.4491,368.254883,1591.39209,373.218262,1594.8634,376.117065
User_01/Grid_15/HP_111/06.png,HP_111,-13.5305,6.4065,-3.554,-3.6694,-11.0868,59.6457,11.0,-5.5,0.0,1977.307,395.4668,1981.44,394.8694,1965.24426,397.210327,1955.76465,398.5807,1600.36475,369.749756,1601.42163,368.526367,1597.28247,373.317139,1594.8634,376.117065
User_01/Grid_15/HP_111/07.png,HP_111,-13.5305,6.4065,-3.554,-3.6694,-11.0868,59.6457,11.0,0.0,0.0,1977.023,401.989746,1981.09888,402.643433,1965.12183,400.0813,1955.76465,398.5807,1600.09937,376.402954,1601.10486,376.457764,1597.16626,376.2428,1594.8634,376.117065
User_01/Grid_15/HP_111/08.png,HP_111,-13.5305,6.4065,-3.554,-3.6694,-11.0868,59.6457,0.0,0.0,0.0,1964.25793,401.9485,1965.88855,402.594849,1959.50085,400.062134,1955.76465,398.5807,1586.96606,376.408325,1585.44873,376.464233,1591.39063,376.245239,1594.8634,376.117065
User_01/Grid_15/HP_111/09.png,HP_111,-13.5305,6.4065,-3.554,-3.6694,-11.0868,59.6457,-11.0,0.0,0.0,1951.1593,401.905518,1950.27515,402.543823,1953.73877,400.0431,1955.76465,398.5807,1573.58313,376.413818,1569.49731,376.470947,1585.50281,376.247681,1594.8634,376.117065
User_01/Grid_15/HP_111/10.png,HP_111,-13.5305,6.4065,-3.554,-3.6694,-11.0868,59.6457,-11.0,5.5,0.0,1951.57739,408.243042,1950.77429,410.096558,1953.92212,402.832642,1955.76465,398.5807,1573.99927,382.853149,1569.99658,384.1455,1585.68262,379.081055,1594.8634,376.117065
User_01/Grid_15/HP_111/11.png,HP_111,-13.5305,6.4065,-3.554,-3.6694,-11.0868,59.6457,0.0,5.5,0.0,1964.25867,408.344,1965.88782,410.2168,1959.50269,402.877441,1955.76465,398.5807,1586.96631,382.9353,1585.4502,384.244263,1591.3894,379.116333,1594.8634,376.117065
User_01/Grid_15/HP_111/12.png,HP_111,-13.5305,6.4065,-3.554,-3.6694,-11.0868,59.6457,11.0,5.5,0.0,1976.62122,408.1681,1980.61682,410.004883,1964.94849,402.802246,1955.76465,398.5807,1599.71655,382.734375,1600.648,384.0044,1596.99878,379.028564,1594.8634,376.117065
User_01/Grid_15/HP_111/13.png,HP_111,-13.5305,6.4065,-3.554,-3.6694,-11.0868,59.6457,11.0,11.0,0.0,1976.1344,413.859,1980.033,416.783081,1964.73816,405.311157,1955.76465,398.5807,1599.24646,388.597534,1600.08679,390.990356,1596.7926,381.610474,1594.8634,376.117065
User_01/Grid_15/HP_111/14.png,HP_111,-13.5305,6.4065,-3.554,-3.6694,-11.0868,59.6457,0.0,11.0,0.0,1964.25867,414.212769,1965.886,417.208,1959.50452,405.4635,1955.76465,398.5807,1586.96753,388.9436,1585.45313,391.4037,1591.38843,381.761963,1594.8634,376.117065
User_01/Grid_15/HP_111/15.png,HP_111,-13.5305,6.4065,-3.554,-3.6694,-11.0868,59.6457,-11.0,11.0,0.0,1952.08167,414.07605,1951.376,417.045532,1954.14319,405.402832,1955.76465,398.5807,1574.51,388.785522,1570.60864,391.213745,1585.90332,381.6941,1594.8634,376.117065
User_01/Grid_15/HP_112/01.png,HP_112,-7.6471,-7.2428,0.4294,3.9319,-3.737,60.6694,11.0,-11.0,0.0,2268.68774,740.8633,2272.85156,738.902954,2256.54077,746.5814,2247.00244,751.0714,1900.10461,740.857544,1901.12366,738.5447,1897.13208,747.60376,1894.79834,752.9004
User_01/Grid_15/HP_112/02.png,HP_112,-7.6471,-7.2428,0.4294,3.9319,-3.737,60.6694,0.0,-11.0,0.0,2255.58813,740.643555,2257.238,738.6398,2250.77759,746.4863,2247.00244,751.0714,1887.27966,740.7095,1885.83569,738.3684,1891.49146,747.5386,1894.79834,752.9004
User_01/Grid_15/HP_112/03.png,HP_112,-7.6471,-7.2428,0.4294,3.9319,-3.737,60.6694,-11.0,-11.0,0.0,2242.71118,741.035156,2241.887,739.1074,2245.11523,746.6576,2247.00244,751.0714,1874.76477,741.1531,1870.92212,738.8998,1885.982,747.7307,1894.79834,752.9004
User_01/Grid_15/HP_112/04.png,HP_112,-7.6471,-7.2428,0.4294,3.9319,-3.737,60.6694,-11.0,-5.5,0.0,2242.70679,747.3972,2241.88135,746.6914,2245.113,749.4557,2247.00244,751.0714,1874.71289,747.391357,1870.85986,746.3346,1885.95972,750.4762,1894.79834,752.9004
User_01/Grid_15/HP_112/05.png,HP_112,-7.6471,-7.2428,0.4294,3.9319,-3.737,60.6694,0.0,-5.5,0.0,2255.612,747.210449,2257.26636,746.4685,2250.788,749.3738,2247.00244,751.0714,1887.27991,747.1704,1885.83582,746.069946,1891.49158,750.380249,1894.79834,752.9004
User_01/Grid_15/HP_112/06.png,HP_112,-7.6471,-7.2428,0.4294,3.9319,-3.737,60.6694,11.0,-5.5,0.0,2268.74316,747.332642,2272.91772,746.6146,2256.565,749.4269,2247.00244,751.0714,1900.15662,747.249,1901.18579,746.1636,1897.15479,750.415039,1894.79834,752.9004
User_01/Grid_15/HP_112/07.png,HP_112,-7.6471,-7.2428,0.4294,3.9319,-3.737,60.6694,11.0,0.0,0.0,2268.642,753.8325,2272.796,754.362549,2256.522,752.286,2247.00244,751.0714,1900.06421,753.692261,1901.07532,753.84436,1897.1145,753.248657,1894.79834,752.9004
User_01/Grid_15/HP_112/08.png,HP_112,-7.6471,-7.2428,0.4294,3.9319,-3.737,60.6694,0.0,0.0,0.0,2255.634,753.8096,2257.29224,754.3356,2250.798,752.2755,2247.00244,751.0714,1887.28113,753.687256,1885.83765,753.838257,1891.49182,753.24646,1894.79834,752.9004
User_01/Grid_15/HP_112/09.png,HP_112,-7.6471,-7.2428,0.4294,3.9319,-3.737,60.6694,-11.0,0.0,0.0,2242.84058,753.7866,2242.0415,754.308,2245.17188,752.2656,2247.00244,751.0714,1874.8031,753.681763,1870.968,753.831543,1885.99854,753.244263,1894.79834,752.9004
User_01/Grid_15/HP_112/10.png,HP_112,-7.6471,-7.2428,0.4294,3.9319,-3.737,60.6694,-11.0,5.5,0.0,2243.104,759.998169,2242.35571,761.7113,2245.28735,754.998657,2247.00244,751.0714,1875.02686,759.81665,1871.23633,761.142456,1886.09521,755.9448,1894.79834,752.9004
User_01/Grid_15/HP_112/11.png,HP_112,-7.6471,-7.2428,0.4294,3.9319,-3.737,60.6694,0.0,5.5,0.0,2255.65381,760.2106,2257.315,761.965332,2250.80786,755.0917,2247.00244,751.0714,1887.28333,760.0342,1885.841,761.4033,1891.49219,756.03894,1894.79834,752.9004
User_01/Grid_15/HP_112/12.png,HP_112,-7.6471,-7.2428,0.4294,3.9319,-3.737,60.6694,11.0,5.5,0.0,2268.395,760.1377,2272.49927,761.8772,2256.41577,755.0608,2247.00244,751.0714,1899.83569,759.9729,1900.80261,761.330566,1897.01453,756.011841,1894.79834,752.9004
User_01/Grid_15/HP_112/13.png,HP_112,-7.6471,-7.2428,0.4294,3.9319,-3.737,60.6694,11.0,11.0,0.0,2268.026,766.057739,2272.05615,768.930664,2256.25684,757.6682,2247.00244,751.0714,1899.492,765.90686,1900.39221,768.4015,1896.86389,758.624146,1894.79834,752.9004
User_01/Grid_15/HP_112/14.png,HP_112,-7.6471,-7.2428,0.4294,3.9319,-3.737,60.6694,0.0,11.0,0.0,2255.67114,766.219,2257.33447,769.1249,2250.81714,757.736938,2247.00244,751.0714,1887.28625,766.0178,1885.84558,768.5337,1891.49231,758.67334,1894.79834,752.9004
User_01/Grid_15/HP_112/15.png,HP_112,-7.6471,-7.2428,0.4294,3.9319,-3.737,60.6694,-11.0,11.0,0.0,2243.47632,765.8561,2242.80029,768.69165,2245.45068,757.578247,2247.00244,751.0714,1875.36426,765.616455,1871.64087,768.0526,1886.24121,758.4995,1894.79834,752.9004
User_01/Grid_15/HP_113/01.png,HP_113,-4.8387,5.1747,5.6583,-2.4901,4.4438,57.5221,11.0,-11.0,0.0,2017.43848,1150.39673,2021.87646,1148.11353,2004.49109,1157.05762,1994.32349,1162.28833,1627.35852,1191.01221,1628.53931,1188.665,1623.91626,1197.85388,1621.216,1203.221
User_01/Grid_15/HP_113/02.png,HP_113,-4.8387,5.1747,5.6583,-2.4901,4.4438,57.5221,0.0,-11.0,0.0,2003.59546,1149.96362,2005.37817,1147.594,1998.39941,1156.87048,1994.32349,1162.28833,1613.20862,1190.466,1611.66858,1188.0127,1617.69666,1197.615,1621.216,1203.221
User_01/Grid_15/HP_113/03.png,HP_113,-4.8387,5.1747,5.6583,-2.4901,4.4438,57.5221,-11.0,-11.0,0.0,1989.42969,1150.23462,1988.48853,1147.91711,1992.17212,1156.98987,1994.32349,1162.28833,1598.83838,1190.62842,1594.538,1188.2085,1611.377,1197.68433,1621.216,1203.221
User_01/Grid_15/HP_113/04.png,HP_113,-4.8387,5.1747,5.6583,-2.4901,4.4438,57.5221,-11.0,-5.5,0.0,1989.15088,1157.16113,1988.156,1156.17493,1992.05017,1160.03516,1994.32349,1162.28833,1598.49854,1197.59033,1594.13025,1196.50781,1611.23,1200.746,1621.216,1203.221
User_01/Grid_15/HP_113/05.png,HP_113,-4.8387,5.1747,5.6583,-2.4901,4.4438,57.5221,0.0,-5.5,0.0,2003.59961,1156.9762,2005.38391,1155.95435,1998.4,1159.95374,1994.32349,1162.28833,1613.19519,1197.54785,1611.65161,1196.456,1617.69177,1200.72827,1621.216,1203.221
User_01/Grid_15/HP_113/06.png,HP_113,-4.8387,5.1747,5.6583,-2.4901,4.4438,57.5221,11.0,-5.5,0.0,2017.72,1157.16528,2022.21411,1156.18115,2004.61255,1160.0354,1994.32349,1162.28833,1627.64331,1197.88135,1628.87952,1196.85437,1624.04089,1200.87427,1621.216,1203.221
User_01/Grid_15/HP_113/07.png,HP_113,-4.8387,5.1747,5.6583,-2.4901,4.4438,57.5221,11.0,0.0,0.0,2017.83228,1164.21143,2022.34888,1164.581,2004.66162,1163.134,1994.32349,1162.28833,1627.76575,1205.04639,1629.02576,1205.39758,1624.09436,1204.02332,1621.216,1203.221
User_01/Grid_15/HP_113/08.png,HP_113,-4.8387,5.1747,5.6583,-2.4901,4.4438,57.5221,0.0,0.0,0.0,2003.602,1164.2915,2005.38708,1164.67688,1998.401,1163.1687,1994.32349,1162.28833,1613.18311,1204.96533,1611.63684,1205.30115,1617.68665,1203.98743,1621.216,1203.221
User_01/Grid_15/HP_113/09.png,HP_113,-4.8387,5.1747,5.6583,-2.4901,4.4438,57.5221,-11.0,0.0,0.0,1989.0415,1164.36914,1988.02527,1164.76953,1992.00232,1163.20276,1994.32349,1162.28833,1598.33813,1204.87793,1593.93823,1205.19666,1611.16064,1203.94934,1621.216,1203.221
User_01/Grid_15/HP_113/10.png,HP_113,-4.8387,5.1747,5.6583,-2.4901,4.4438,57.5221,-11.0,5.5,0.0,1989.115,1171.59619,1988.11292,1173.3866,1992.03442,1166.37915,1994.32349,1162.28833,1598.376,1212.21582,1593.98376,1213.94556,1611.17664,1207.1748,1621.216,1203.221
User_01/Grid_15/HP_113/11.png,HP_113,-4.8387,5.1747,5.6583,-2.4901,4.4438,57.5221,0.0,5.5,0.0,2003.603,1171.62878,2005.38806,1173.42554,1998.40161,1166.39355,1994.32349,1162.28833,1613.17261,1212.43481,1611.62451,1214.208,1617.68188,1207.26929,1621.216,1203.221
User_01/Grid_15/HP_113/12.png,HP_113,-4.8387,5.1747,5.6583,-2.4901,4.4438,57.5221,11.0,5.5,0.0,2017.76257,1171.27747,2022.26465,1173.00415,2004.63159,1166.2417,1994.32349,1162.28833,1627.71082,1212.25562,1628.96021,1213.99341,1624.07043,1207.19165,1621.216,1203.221
User_01/Grid_15/HP_113/13.png,HP_113,-4.8387,5.1747,5.6583,-2.4901,4.4438,57.5221,11.0,11.0,0.0,2017.51648,1178.09827,2021.96936,1181.13354,2004.52563,1169.24292,1994.32349,1162.28833,1627.48254,1219.24536,1628.68726,1222.32642,1623.97058,1210.265,1621.216,1203.221
User_01/Grid_15/HP_113/14.png,HP_113,-4.8387,5.1747,5.6583,-2.4901,4.4438,57.5221,0.0,11.0,0.0,2003.60278,1178.69946,2005.38672,1181.85449,1998.40259,1169.50269,1994.32349,1162.28833,1613.16382,1219.65747,1611.61475,1222.81934,1617.67725,1210.44446,1621.216,1203.221
User_01/Grid_15/HP_113/15.png,HP_113,-4.8387,5.1747,5.6583,-2.4901,4.4438,57.5221,-11.0,11.0,0.0,1989.36475,1178.57251,1988.41113,1181.70337,1992.14355,1169.44678,1994.32349,1162.28833,1598.60779,1219.3147,1594.26221,1222.40808,1611.27637,1210.29663,1621.216,1203.221
User_01/Grid_15/HP_114/01.png,HP_114,9.9935,-0.90362,3.1094,2.003,12.5749,58.1569,11.0,-11.0,0.0,2213.59351,1488.55664,2217.78613,1486.55737,2201.357,1494.39185,2191.7417,1498.97693,1834.22314,1507.09863,1835.211,1504.85144,1831.34045,1513.65564,1829.07617,1518.80591
User_01/Grid_15/HP_114/02.png,HP_114,9.9935,-0.90362,3.1094,2.003,12.5749,58.1569,0.0,-11.0,0.0,2200.74268,1488.25256,2202.471,1486.19324,2195.70044,1494.25989,2191.7417,1498.97693,1821.3252,1506.93823,1819.83728,1504.66016,1825.6665,1513.58521,1829.07617,1518.80591
User_01/Grid_15/HP_114/03.png,HP_114,9.9935,-0.90362,3.1094,2.003,12.5749,58.1569,-11.0,-11.0,0.0,2187.96582,1488.51782,2187.24072,1486.50977,2190.08081,1494.376,2191.7417,1498.97693,1808.61658,1507.3457,1804.69324,1505.148,1820.07129,1513.762,1829.07617,1518.80591
User_01/Grid_15/HP_114/04.png,HP_114,9.9935,-0.90362,3.1094,2.003,12.5749,58.1569,-11.0,-5.5,0.0,2187.60547,1494.69519,2186.81079,1493.87268,2189.92261,1497.094,2191.7417,1498.97693,1808.21155,1513.48022,1804.20764,1512.45825,1819.89612,1516.46277,1829.07617,1518.80591
User_01/Grid_15/HP_114/05.png,HP_114,9.9935,-0.90362,3.1094,2.003,12.5749,58.1569,0.0,-5.5,0.0,2200.75342,1494.5741,2202.485,1493.728,2195.704,1497.041,2191.7417,1498.97693,1821.3186,1513.24512,1819.82825,1512.177,1825.66479,1516.36047,1829.07617,1518.80591
User_01/Grid_15/HP_114/06.png,HP_114,9.9935,-0.90362,3.1094,2.003,12.5749,58.1569,11.0,-5.5,0.0,2213.99561,1494.7655,2218.268,1493.957,2201.53052,1497.12451,2191.7417,1498.97693,1834.62085,1513.32239,1835.686,1512.269,1831.51465,1516.39453,1829.07617,1518.80591
User_01/Grid_15/HP_114/07.png,HP_114,9.9935,-0.90362,3.1094,2.003,12.5749,58.1569,11.0,0.0,0.0,2214.2688,1501.36328,2218.5957,1501.82178,2201.649,1500.02649,2191.7417,1498.97693,1834.89783,1519.949,1836.0166,1520.1687,1831.63586,1519.30847,1829.07617,1518.80591
User_01/Grid_15/HP_114/08.png,HP_114,9.9935,-0.90362,3.1094,2.003,12.5749,58.1569,0.0,0.0,0.0,2200.76367,1501.302,2202.498,1501.749,2195.70776,1499.999,2191.7417,1498.97693,1821.31274,1519.98047,1819.82056,1520.20642,1825.66309,1519.32239,1829.07617,1518.80591
User_01/Grid_15/HP_114/09.png,HP_114,9.9935,-0.90362,3.1094,2.003,12.5749,58.1569,-11.0,0.0,0.0,2187.36475,1501.24207,2186.52344,1501.67737,2189.81738,1499.9729,2191.7417,1498.97693,1807.92847,1520.01221,1803.86829,1520.24365,1819.77368,1519.33655,1829.07617,1518.80591
User_01/Grid_15/HP_114/10.png,HP_114,9.9935,-0.90362,3.1094,2.003,12.5749,58.1569,-11.0,5.5,0.0,2187.26733,1507.96631,2186.40723,1509.69409,2189.77466,1502.929,2191.7417,1498.97693,1807.7948,1526.74609,1803.70813,1528.27075,1819.71582,1522.29834,1829.07617,1518.80591
User_01/Grid_15/HP_114/11.png,HP_114,9.9935,-0.90362,3.1094,2.003,12.5749,58.1569,0.0,5.5,0.0,2200.77271,1508.22485,2202.50928,1510.00293,2195.71143,1503.042,2191.7417,1498.97693,1821.308,1526.93652,1819.8147,1528.49963,1825.66138,1522.38013,1829.07617,1518.80591
User_01/Grid_15/HP_114/12.png,HP_114,9.9935,-0.90362,3.1094,2.003,12.5749,58.1569,11.0,5.5,0.0,2214.38623,1508.145,2218.736,1509.90625,2201.7,1503.00879,2191.7417,1498.97693,1835.0271,1526.78271,1836.1709,1528.31616,1831.69238,1522.31274,1829.07617,1518.80591
User_01/Grid_15/HP_114/13.png,HP_114,9.9935,-0.90362,3.1094,2.003,12.5749,58.1569,11.0,11.0,0.0,2214.33447,1514.86548,2218.67383,1517.917,2201.678,1505.9646,2191.7417,1498.97693,1834.99451,1533.58716,1836.1322,1536.42847,1831.67822,1525.30432,1829.07617,1518.80591
User_01/Grid_15/HP_114/14.png,HP_114,9.9935,-0.90362,3.1094,2.003,12.5749,58.1569,0.0,11.0,0.0,2200.78052,1515.08887,2202.51831,1518.18628,2195.715,1506.05981,2191.7417,1498.97693,1821.30444,1533.85852,1819.81042,1536.75232,1825.65955,1525.42334,1829.07617,1518.80591
User_01/Grid_15/HP_114/15.png,HP_114,9.9935,-0.90362,3.1094,2.003,12.5749,58.1569,-11.0,11.0,0.0,2187.32471,1514.63965,2186.47583,1517.65,2189.7998,1505.8634,2191.7417,1498.97693,1807.82483,1533.44531,1803.74426,1536.25635,1819.72852,1525.24524,1829.07617,1518.80591
User_01/Grid_15/HP_115/01.png,HP_115,14.9306,-2.8638,3.0627,-3.6902,17.9294,60.9143,11.0,-11.0,0.0,1866.64941,1713.25635,1870.33057,1711.64233,1855.88782,1717.97485,1847.41333,1721.69055,1512.73889,1730.675,1513.39,1728.803,1510.8363,1736.14551,1509.339,1740.45056
User_01/Grid_15/HP_115/02.png,HP_115,14.9306,-2.8638,3.0627,-3.6902,17.9294,60.9143,0.0,-11.0,0.0,1855.73816,1712.78491,1857.333,1711.07886,1851.07886,1717.76929,1847.41333,1721.69055,1501.97119,1730.37244,1500.55933,1728.44165,1506.09473,1736.013,1509.339,1740.45056
User_01/Grid_15/HP_115/03.png,HP_115,14.9306,-2.8638,3.0627,-3.6902,17.9294,60.9143,-11.0,-11.0,0.0,1844.40991,1712.72522,1843.83435,1711.007,1846.09106,1717.74353,1847.41333,1721.69055,1490.93164,1730.46216,1487.40662,1728.54932,1501.23218,1736.05164,1509.339,1740.45056
User_01/Grid_15/HP_115/04.png,HP_115,14.9306,-2.8638,3.0627,-3.6902,17.9294,60.9143,-11.0,-5.5,0.0,1844.05176,1718.11584,1843.4071,1717.4303,1845.934,1720.11731,1847.41333,1721.69055,1490.53845,1735.81641,1486.93518,1734.92822,1501.062,1738.4104,1509.339,1740.45056
User_01/Grid_15/HP_115/05.png,HP_115,14.9306,-2.8638,3.0627,-3.6902,17.9294,60.9143,0.0,-5.5,0.0,1855.76587,1718.17371,1857.36731,1717.49951,1851.08984,1720.14258,1847.41333,1721.69055,1501.97131,1735.754,1500.55872,1734.85352,1506.096,1738.3833,1509.339,1740.45056
User_01/Grid_15/HP_115/06.png,HP_115,14.9306,-2.8638,3.0627,-3.6902,17.9294,60.9143,11.0,-5.5,0.0,1867.02942,1718.45923,1870.78577,1717.84058,1856.05273,1720.26746,1847.41333,1721.69055,1513.09314,1735.90881,1513.8125,1735.03857,1510.99182,1738.451,1509.339,1740.45056
User_01/Grid_15/HP_115/07.png,HP_115,14.9306,-2.8638,3.0627,-3.6902,17.9294,60.9143,11.0,0.0,0.0,1867.33069,1724.00854,1871.14648,1724.45264,1856.18335,1722.71118,1847.41333,1721.69055,1513.37488,1741.49841,1514.14868,1741.69922,1511.11548,1740.91174,1509.339,1740.45056
User_01/Grid_15/HP_115/08.png,HP_115,14.9306,-2.8638,3.0627,-3.6902,17.9294,60.9143,0.0,0.0,0.0,1855.79358,1723.94751,1857.40112,1724.38049,1851.10107,1722.68384,1847.41333,1721.69055,1501.97241,1741.53174,1500.55908,1741.73914,1506.09741,1740.92627,1509.339,1740.45056
User_01/Grid_15/HP_115/09.png,HP_115,14.9306,-2.8638,3.0627,-3.6902,17.9294,60.9143,-11.0,0.0,0.0,1843.77637,1723.88623,1843.07849,1724.30762,1845.81311,1722.65649,1847.41333,1721.69055,1490.226,1741.566,1486.56079,1741.78,1500.92676,1740.94165,1509.339,1740.45056
User_01/Grid_15/HP_115/10.png,HP_115,14.9306,-2.8638,3.0627,-3.6902,17.9294,60.9143,-11.0,5.5,0.0,1843.60742,1729.90051,1842.877,1731.47644,1845.739,1725.30225,1847.41333,1721.69055,1490.01978,1747.57825,1486.3136,1748.94568,1500.83765,1743.58716,1509.339,1740.45056
User_01/Grid_15/HP_115/11.png,HP_115,14.9306,-2.8638,3.0627,-3.6902,17.9294,60.9143,0.0,5.5,0.0,1855.82056,1729.9679,1857.434,1731.55627,1851.11243,1725.33252,1847.41333,1721.69055,1501.97449,1747.57312,1500.561,1748.94006,1506.09888,1743.58423,1509.339,1740.45056
User_01/Grid_15/HP_115/12.png,HP_115,14.9306,-2.8638,3.0627,-3.6902,17.9294,60.9143,11.0,5.5,0.0,1867.53113,1729.77588,1871.38635,1731.3252,1856.27051,1725.25024,1847.41333,1721.69055,1513.5636,1747.323,1514.3739,1748.64111,1511.198,1743.4751,1509.339,1740.45056
User_01/Grid_15/HP_115/13.png,HP_115,14.9306,-2.8638,3.0627,-3.6902,17.9294,60.9143,11.0,11.0,0.0,1867.614,1735.5957,1871.48535,1738.26062,1856.30676,1727.81226,1847.41333,1721.69055,1513.644,1753.22607,1514.47,1755.677,1511.2334,1746.07251,1509.339,1740.45056
User_01/Grid_15/HP_115/14.png,HP_115,14.9306,-2.8638,3.0627,-3.6902,17.9294,60.9143,0.0,11.0,0.0,1855.84631,1736.05261,1857.46484,1738.80884,1851.12366,1728.0094,1847.41333,1721.69055,1501.97766,1753.70178,1500.5647,1756.24536,1506.10046,1746.28,1509.339,1740.45056
User_01/Grid_15/HP_115/15.png,HP_115,14.9306,-2.8638,3.0627,-3.6902,17.9294,60.9143,-11.0,11.0,0.0,1843.5625,1735.981,1842.82324,1738.72449,1845.71936,1727.97693,1847.41333,1721.69055,1489.939,1753.67554,1486.2168,1756.213,1500.80273,1746.2699,1509.339,1740.45056
User_01/Grid_15/HP_116/01.png,HP_116,-13.3499,-16.1151,1.67,7.6248,-6.1906,60.6829,11.0,-11.0,0.0,2389.588,661.983032,2393.81079,659.9949,2377.27246,667.7815,2367.60571,672.333,2025.33032,661.529053,2026.33569,659.2578,2022.39722,668.154541,2020.09387,673.357056
User_01/Grid_15/HP_116/02.png,HP_116,-13.3499,-16.1151,1.67,7.6248,-6.1906,60.6829,0.0,-11.0,0.0,2376.21484,661.9509,2377.86963,659.955566,2371.39063,667.768433,2367.60571,672.333,2012.65686,661.446655,2011.22937,659.1604,2016.82227,668.1177,2020.09387,673.357056
User_01/Grid_15/HP_116/03.png,HP_116,-13.3499,-16.1151,1.67,7.6248,-6.1906,60.6829,-11.0,-11.0,0.0,2363.306,662.52,2362.48,660.635132,2365.7146,668.017334,2367.60571,672.333,2000.51538,661.927368,1996.76221,659.7363,2011.47559,668.3258,2020.09387,673.357056
User_01/Grid_15/HP_116/04.png,HP_116,-13.3499,-16.1151,1.67,7.6248,-6.1906,60.6829,-11.0,-5.5,0.0,2363.3606,668.8557,2362.54541,668.188,2365.73877,670.8037,2367.60571,672.333,2000.506,668.0382,1996.75073,667.018555,2011.47144,671.015747,2020.09387,673.357056
User_01/Grid_15/HP_116/05.png,HP_116,-13.3499,-16.1151,1.67,7.6248,-6.1906,60.6829,0.0,-5.5,0.0,2376.26,668.5488,2377.923,667.821533,2371.411,670.6692,2367.60571,672.333,2012.66162,667.829834,2011.23486,666.7689,2016.82458,670.925659,2020.09387,673.357056
User_01/Grid_15/HP_116/06.png,HP_116,-13.3499,-16.1151,1.67,7.6248,-6.1906,60.6829,11.0,-5.5,0.0,2389.62354,668.5399,2393.853,667.8113,2377.28882,670.6649,2367.60571,672.333,2025.34656,667.9049,2026.355,666.858032,2022.4043,670.958862,2020.09387,673.357056
User_01/Grid_15/HP_116/07.png,HP_116,-13.3499,-16.1151,1.67,7.6248,-6.1906,60.6829,11.0,0.0,0.0,2389.49756,675.087646,2393.70117,675.6167,2377.23486,673.5447,2367.60571,672.333,2025.22131,674.2905,2026.20557,674.4696,2022.34961,673.7677,2020.09387,673.357056
User_01/Grid_15/HP_116/08.png,HP_116,-13.3499,-16.1151,1.67,7.6248,-6.1906,60.6829,0.0,0.0,0.0,2376.30151,675.1371,2377.97241,675.6759,2371.43,673.56604,2367.60571,672.333,2012.66785,674.2256,2011.24243,674.392334,2016.82666,673.739136,2020.09387,673.357056
User_01/Grid_15/HP_116/09.png,HP_116,-13.3499,-16.1151,1.67,7.6248,-6.1906,60.6829,-11.0,0.0,0.0,2363.548,675.1808,2362.769,675.727539,2365.8208,673.5857,2367.60571,672.333,2000.62866,674.1621,1996.898,674.3164,2011.52454,673.711548,2020.09387,673.357056
User_01/Grid_15/HP_116/10.png,HP_116,-13.3499,-16.1151,1.67,7.6248,-6.1906,60.6829,-11.0,5.5,0.0,2363.8562,681.2988,2363.13672,683.019165,2365.95581,676.277954,2367.60571,672.333,2000.87268,680.1072,1997.19067,681.400269,2011.63013,676.329468,2020.09387,673.357056
User_01/Grid_15/HP_116/11.png,HP_116,-13.3499,-16.1151,1.67,7.6248,-6.1906,60.6829,0.0,5.5,0.0,2376.339,681.4905,2378.01587,683.2488,2371.44751,676.3612,2367.60571,672.333,2012.67468,680.4204,2011.25146,681.775269,2016.82886,676.4656,2020.09387,673.357056
User_01/Grid_15/HP_116/12.png,HP_116,-13.3499,-16.1151,1.67,7.6248,-6.1906,60.6829,11.0,5.5,0.0,2389.225,681.399658,2393.37378,683.1395,2377.118,676.322266,2367.60571,672.333,2024.9668,680.4773,2025.90161,681.8434,2022.238,676.4901,2020.09387,673.357056
User_01/Grid_15/HP_116/13.png,HP_116,-13.3499,-16.1151,1.67,7.6248,-6.1906,60.6829,11.0,11.0,0.0,2388.8335,687.2921,2392.90356,690.1605,2376.94922,678.9175,2367.60571,672.333,2024.60547,686.2921,2025.47034,688.7721,2022.07971,679.0508,2020.09387,673.357056
User_01/Grid_15/HP_116/14.png,HP_116,-13.3499,-16.1151,1.67,7.6248,-6.1906,60.6829,0.0,11.0,0.0,2376.37256,687.4252,2378.05444,690.320435,2371.46338,678.974365,2367.60571,672.333,2012.6825,686.2374,2011.26184,688.7063,2016.83118,679.027466,2020.09387,673.357056
User_01/Grid_15/HP_116/15.png,HP_116,-13.3499,-16.1151,1.67,7.6248,-6.1906,60.6829,-11.0,11.0,0.0,2364.263,687.0469,2363.622,689.868164,2366.13452,678.8093,2367.60571,672.333,2001.21777,685.7124,1997.604,688.077759,2011.77954,678.7993,2020.09387,673.357056
User_01/Grid_15/HP_117/01.png,HP_117,-7.4276,-13.3074,2.6329,13.5159,-4.3576,59.8689,11.0,-11.0,0.0,2758.49316,695.679932,2762.87622,693.53894,2745.71777,701.921143,2735.69629,706.817139,2375.614,710.5414,2376.69971,708.203735,2372.447,717.359,2369.96118,722.710449
User_01/Grid_15/HP_117/02.png,HP_117,-7.4276,-13.3074,2.6329,13.5159,-4.3576,59.8689,0.0,-11.0,0.0,2744.82227,695.9523,2746.57642,693.8639,2739.70825,702.0405,2735.69629,706.817139,2362.33,710.8717,2360.86548,708.599731,2366.60352,717.501953,2369.96118,722.710449
User_01/Grid_15/HP_117/03.png,HP_117,-7.4276,-13.3074,2.6329,13.5159,-4.3576,59.8689,-11.0,-11.0,0.0,2732.27563,696.7444,2731.619,694.8108,2734.19141,702.386353,2735.69629,706.817139,2350.22729,711.7206,2346.44727,709.6156,2361.271,717.87085,2369.96118,722.710449
User_01/Grid_15/HP_117/04.png,HP_117,-7.4276,-13.3074,2.6329,13.5159,-4.3576,59.8689,-11.0,-5.5,0.0,2732.27783,702.9773,2731.62158,702.2401,2734.19214,705.1279,2735.69629,706.817139,2350.19238,717.7389,2346.40552,716.7866,2361.25586,720.52124,2369.96118,722.710449
User_01/Grid_15/HP_117/05.png,HP_117,-7.4276,-13.3074,2.6329,13.5159,-4.3576,59.8689,0.0,-5.5,0.0,2744.83521,702.5918,2746.5918,701.7794,2739.714,704.9595,2735.69629,706.817139,2362.32715,717.310547,2360.862,716.2742,2366.60254,720.334839,2369.96118,722.710449
User_01/Grid_15/HP_117/06.png,HP_117,-7.4276,-13.3074,2.6329,13.5159,-4.3576,59.8689,11.0,-5.5,0.0,2758.525,702.46875,2762.91357,701.6327,2745.732,704.9055,2735.69629,706.817139,2375.651,717.143555,2376.744,716.0742,2372.46313,720.262451,2369.96118,722.710449
User_01/Grid_15/HP_117/07.png,HP_117,-7.4276,-13.3074,2.6329,13.5159,-4.3576,59.8689,11.0,0.0,0.0,2758.38623,709.2748,2762.74658,709.7471,2745.67236,707.8977,2735.69629,706.817139,2375.53052,723.7859,2376.6,723.992432,2372.41064,723.1835,2369.96118,722.710449
User_01/Grid_15/HP_117/08.png,HP_117,-7.4276,-13.3074,2.6329,13.5159,-4.3576,59.8689,0.0,0.0,0.0,2744.847,709.246338,2746.60522,709.713135,2739.71973,707.8854,2735.69629,706.817139,2362.32544,723.7881,2360.86035,723.9949,2366.60132,723.1846,2369.96118,722.710449
User_01/Grid_15/HP_117/09.png,HP_117,-7.4276,-13.3074,2.6329,13.5159,-4.3576,59.8689,-11.0,0.0,0.0,2732.404,709.2201,2731.772,709.6813,2734.24756,707.874268,2735.69629,706.817139,2350.2832,723.789551,2346.51465,723.9962,2361.295,723.1858,2369.96118,722.710449
User_01/Grid_15/HP_117/10.png,HP_117,-7.4276,-13.3074,2.6329,13.5159,-4.3576,59.8689,-11.0,5.5,0.0,2732.645,715.2899,2732.05981,716.9153,2734.35327,710.545654,2735.69629,706.817139,2350.49243,729.6891,2346.76563,731.025,2361.38525,725.7844,2369.96118,722.710449
User_01/Grid_15/HP_117/11.png,HP_117,-7.4276,-13.3074,2.6329,13.5159,-4.3576,59.8689,0.0,5.5,0.0,2744.857,715.6913,2746.616,717.3955,2739.72534,710.720337,2735.69629,706.817139,2362.32471,730.0845,2360.86,731.498657,2366.6,725.955933,2369.96118,722.710449
User_01/Grid_15/HP_117/12.png,HP_117,-7.4276,-13.3074,2.6329,13.5159,-4.3576,59.8689,11.0,5.5,0.0,2758.09082,715.8528,2762.392,717.588135,2745.54541,710.791,2735.69629,706.817139,2375.26416,730.2362,2376.28223,731.6808,2372.294,726.02124,2369.96118,722.710449
User_01/Grid_15/HP_117/13.png,HP_117,-7.4276,-13.3074,2.6329,13.5159,-4.3576,59.8689,11.0,11.0,0.0,2757.66821,722.0,2761.88428,724.9137,2745.36353,713.497437,2735.69629,706.817139,2374.87646,736.2993,2375.81934,738.9059,2372.12427,728.690552,2369.96118,722.710449
User_01/Grid_15/HP_117/14.png,HP_117,-7.4276,-13.3074,2.6329,13.5159,-4.3576,59.8689,0.0,11.0,0.0,2744.86548,721.7388,2746.62476,724.6019,2739.73071,713.382568,2735.69629,706.817139,2362.325,736.01355,2360.86133,738.5631,2366.59937,728.567139,2369.96118,722.710449
User_01/Grid_15/HP_117/15.png,HP_117,-7.4276,-13.3074,2.6329,13.5159,-4.3576,59.8689,-11.0,11.0,0.0,2732.98364,721.0304,2732.46362,723.755249,2734.5022,713.0737,2735.69629,706.817139,2350.80249,735.2792,2347.137,737.6837,2361.51978,728.2483,2369.96118,722.710449
User_01/Grid_15/HP_118/01.png,HP_118,5.0195,-5.7577,-4.8836,6.8741,4.6673,59.6086,11.0,-11.0,0.0,2473.0835,1099.9834,2477.23584,1098.1416,2460.97217,1105.35535,2451.46387,1109.57288,2099.922,1069.5166,2100.94531,1067.0448,2096.93726,1076.72729,2094.59351,1082.38916
User_01/Grid_15/HP_118/02.png,HP_118,5.0195,-5.7577,-4.8836,6.8741,4.6673,59.6086,0.0,-11.0,0.0,2460.059,1099.87622,2461.71021,1098.01318,2455.24341,1105.30884,2451.46387,1109.57288,2086.95728,1069.64624,2085.49146,1067.20032,2091.23413,1076.7832,2094.59351,1082.38916
User_01/Grid_15/HP_118/03.png,HP_118,5.0195,-5.7577,-4.8836,6.8741,4.6673,59.6086,-11.0,-11.0,0.0,2447.612,1100.32556,2446.87256,1098.55017,2449.76953,1105.505,2451.46387,1109.57288,2074.65967,1070.33325,2070.83887,1068.02258,2085.81787,1077.08154,2094.59351,1082.38916
User_01/Grid_15/HP_118/04.png,HP_118,5.0195,-5.7577,-4.8836,6.8741,4.6673,59.6086,-11.0,-5.5,0.0,2447.4458,1106.46509,2446.67432,1105.86829,2449.69678,1108.20593,2451.46387,1109.57288,2074.45752,1076.35083,2070.597,1075.193,2085.73047,1079.73132,2094.59351,1082.38916
User_01/Grid_15/HP_118/05.png,HP_118,5.0195,-5.7577,-4.8836,6.8741,4.6673,59.6086,0.0,-5.5,0.0,2460.06763,1106.28589,2461.72119,1105.6543,2455.24658,1108.12769,2451.46387,1109.57288,2086.95483,1075.954,2085.48828,1074.71826,2091.234,1079.55872,2094.59351,1082.38916
User_01/Grid_15/HP_118/06.png,HP_118,5.0195,-5.7577,-4.8836,6.8741,4.6673,59.6086,11.0,-5.5,0.0,2473.29883,1106.40234,2477.494,1105.79333,2461.06567,1108.17859,2451.46387,1109.57288,2100.14673,1075.84961,2101.21362,1074.59326,2097.03564,1079.51331,2094.59351,1082.38916
User_01/Grid_15/HP_118/07.png,HP_118,5.0195,-5.7577,-4.8836,6.8741,4.6673,59.6086,11.0,0.0,0.0,2473.35938,1113.02673,2477.566,1113.69043,2461.09229,1111.09167,2451.46387,1109.57288,2100.22485,1082.40881,2101.30664,1082.4126,2097.06982,1082.39771,2094.59351,1082.38916
User_01/Grid_15/HP_118/08.png,HP_118,5.0195,-5.7577,-4.8836,6.8741,4.6673,59.6086,0.0,0.0,0.0,2460.0752,1112.89893,2461.73022,1113.53821,2455.25,1111.03528,2451.46387,1109.57288,2086.95386,1082.4884,2085.48657,1082.50757,2091.23364,1082.43286,2094.59351,1082.38916
User_01/Grid_15/HP_118/09.png,HP_118,5.0195,-5.7577,-4.8836,6.8741,4.6673,59.6086,-11.0,0.0,0.0,2447.40771,1112.77881,2446.62842,1113.39441,2449.67969,1110.98291,2451.46387,1109.57288,2074.38818,1082.56665,2070.514,1082.60071,2085.70044,1082.46729,2094.59351,1082.38916
User_01/Grid_15/HP_118/10.png,HP_118,5.0195,-5.7577,-4.8836,6.8741,4.6673,59.6086,-11.0,5.5,0.0,2447.50269,1119.07092,2446.74219,1120.89453,2449.72144,1113.75085,2451.46387,1109.57288,2074.458,1088.78088,2070.59741,1090.00623,2085.73047,1085.20251,2094.59351,1082.38916
User_01/Grid_15/HP_118/11.png,HP_118,5.0195,-5.7577,-4.8836,6.8741,4.6673,59.6086,0.0,5.5,0.0,2460.08179,1119.486,2461.73779,1121.39075,2455.25342,1113.93188,2451.46387,1109.57288,2086.95386,1089.02271,2085.487,1090.29651,2091.2334,1085.30688,2094.59351,1082.38916
User_01/Grid_15/HP_118/12.png,HP_118,5.0195,-5.7577,-4.8836,6.8741,4.6673,59.6086,11.0,5.5,0.0,2473.25635,1119.62109,2477.44214,1121.551,2461.048,1113.99207,2451.46387,1109.57288,2100.14844,1088.96912,2101.21558,1090.23315,2097.03638,1085.28271,2094.59351,1082.38916
User_01/Grid_15/HP_118/13.png,HP_118,5.0195,-5.7577,-4.8836,6.8741,4.6673,59.6086,11.0,11.0,0.0,2472.99951,1125.95154,2477.13354,1129.0957,2460.93774,1116.77808,2451.46387,1109.57288,2099.92529,1095.30554,2100.94922,1097.78589,2096.93872,1088.07043,2094.59351,1082.38916
User_01/Grid_15/HP_118/14.png,HP_118,5.0195,-5.7577,-4.8836,6.8741,4.6673,59.6086,0.0,11.0,0.0,2460.087,1125.81946,2461.743,1128.93933,2455.25659,1116.71863,2451.46387,1109.57288,2086.95532,1095.32959,2085.489,1097.81335,2091.23315,1088.08215,2094.59351,1082.38916
User_01/Grid_15/HP_118/15.png,HP_118,5.0195,-5.7577,-4.8836,6.8741,4.6673,59.6086,-11.0,11.0,0.0,2447.72461,1125.14636,2447.00684,1128.135,2449.8186,1116.4248,2451.46387,1109.57288,2074.66016,1094.79346,2070.83984,1097.1709,2085.818,1087.85022,2094.59351,1082.38916
User_01/Grid_15/HP_119/01.png,HP_119,1.5476,-20.2503,6.863,12.0825,8.6127,62.0225,11.0,-11.0,0.0,2550.73047,1339.00024,2554.67358,1337.1377,2539.21973,1344.43726,2530.17236,1348.71069,2202.48657,1368.14941,2203.28149,1366.27991,2200.165,1373.60986,2198.339,1377.90466
User_01/Grid_15/HP_119/02.png,HP_119,1.5476,-20.2503,6.863,12.0825,8.6127,62.0225,0.0,-11.0,0.0,2538.87354,1339.127,2540.54272,1337.28833,2534.00122,1344.49341,2530.17236,1348.71069,2191.32178,1368.21912,2189.97778,1366.364,2195.24878,1373.6394,2198.339,1377.90466
User_01/Grid_15/HP_119/03.png,HP_119,1.5476,-20.2503,6.863,12.0825,8.6127,62.0225,-11.0,-11.0,0.0,2527.59546,1339.67712,2527.10132,1337.94531,2529.038,1344.73438,2530.17236,1348.71069,2180.81738,1368.68335,2177.466,1366.91968,2190.618,1373.84131,2198.339,1377.90466
User_01/Grid_15/HP_119/04.png,HP_119,1.5476,-20.2503,6.863,12.0825,8.6127,62.0225,-11.0,-5.5,0.0,2527.39087,1345.0813,2526.85742,1344.38525,2528.94824,1347.11353,2530.17236,1348.71069,2180.59351,1373.8606,2177.19751,1373.08667,2190.521,1376.123,2198.339,1377.90466
User_01/Grid_15/HP_119/05.png,HP_119,1.5476,-20.2503,6.863,12.0825,8.6127,62.0225,0.0,-5.5,0.0,2538.90356,1344.7572,2540.579,1343.99829,2534.01343,1346.97144,2530.17236,1348.71069,2191.32959,1373.64392,2189.98633,1372.82739,2195.253,1376.02881,2198.339,1377.90466
User_01/Grid_15/HP_119/06.png,HP_119,1.5476,-20.2503,6.863,12.0825,8.6127,62.0225,11.0,-5.5,0.0,2551.044,1344.655,2555.049,1343.87671,2539.35547,1346.92627,2530.17236,1348.71069,2202.764,1373.64014,2203.6123,1372.82251,2200.28662,1376.02771,2198.339,1377.90466
User_01/Grid_15/HP_119/07.png,HP_119,1.5476,-20.2503,6.863,12.0825,8.6127,62.0225,11.0,0.0,0.0,2551.23975,1350.588,2555.284,1350.94836,2539.44043,1349.5365,2530.17236,1348.71069,2202.9397,1379.40063,2203.82227,1379.6875,2200.36377,1378.563,2198.339,1377.90466
User_01/Grid_15/HP_119/08.png,HP_119,1.5476,-20.2503,6.863,12.0825,8.6127,62.0225,0.0,0.0,0.0,2538.93164,1350.65552,2540.61353,1351.029,2534.02539,1349.56616,2530.17236,1348.71069,2191.33838,1379.334,2189.99658,1379.60815,2195.25732,1378.53394,2198.339,1377.90466
User_01/Grid_15/HP_119/09.png,HP_119,1.5476,-20.2503,6.863,12.0825,8.6127,62.0225,-11.0,0.0,0.0,2527.28076,1350.71484,2526.72583,1351.09949,2528.90015,1349.59265,2530.17236,1348.71069,2180.45972,1379.27039,2177.03735,1379.53174,2190.46313,1378.50635,2198.339,1377.90466
User_01/Grid_15/HP_119/10.png,HP_119,1.5476,-20.2503,6.863,12.0825,8.6127,62.0225,-11.0,5.5,0.0,2527.27637,1356.42932,2526.721,1357.91016,2528.898,1352.10718,2530.17236,1348.71069,2180.42822,1384.77246,2176.99976,1386.08691,2190.44922,1380.92993,2198.339,1377.90466
User_01/Grid_15/HP_119/11.png,HP_119,1.5476,-20.2503,6.863,12.0825,8.6127,62.0225,0.0,5.5,0.0,2538.95728,1356.64941,2540.64429,1358.17371,2534.03687,1352.20264,2530.17236,1348.71069,2191.34888,1385.13037,2190.00879,1386.51563,2195.262,1381.08545,2198.339,1377.90466
User_01/Grid_15/HP_119/12.png,HP_119,1.5476,-20.2503,6.863,12.0825,8.6127,62.0225,11.0,5.5,0.0,2551.30151,1356.62012,2555.35718,1358.13843,2539.46729,1352.19019,2530.17236,1348.71069,2202.99927,1385.26868,2203.89331,1386.68115,2200.39,1381.14539,2198.339,1377.90466
User_01/Grid_15/HP_119/13.png,HP_119,1.5476,-20.2503,6.863,12.0825,8.6127,62.0225,11.0,11.0,0.0,2551.22339,1362.55151,2555.26343,1365.20776,2539.43384,1354.8,2530.17236,1348.71069,2202.9375,1391.06213,2203.81934,1393.58557,2200.36279,1383.69556,2198.339,1377.90466
User_01/Grid_15/HP_119/14.png,HP_119,1.5476,-20.2503,6.863,12.0825,8.6127,62.0225,0.0,11.0,0.0,2538.98022,1362.54736,2540.671,1365.20337,2534.04736,1354.79773,2530.17236,1348.71069,2191.36035,1390.85376,2190.02271,1393.33582,2195.26685,1383.60522,2198.339,1377.90466
User_01/Grid_15/HP_119/15.png,HP_119,1.5476,-20.2503,6.863,12.0825,8.6127,62.0225,-11.0,11.0,0.0,2527.38037,1362.06152,2526.84473,1364.62231,2528.94385,1354.586,2530.17236,1348.71069,2180.503,1390.21021,2177.08936,1392.56543,2190.48169,1383.32568,2198.339,1377.90466
User_01/Grid_15/HP_120/01.png,HP_120,13.3455,-9.7461,-3.7728,6.9873,17.526,58.9127,11.0,-11.0,0.0,2440.43335,1745.41321,2444.44067,1743.75244,2428.735,1750.26135,2419.54,1754.0719,2067.80981,1719.50378,2068.647,1717.2627,2065.365,1726.04858,2063.44238,1731.19531
User_01/Grid_15/HP_120/02.png,HP_120,13.3455,-9.7461,-3.7728,6.9873,17.526,58.9127,0.0,-11.0,0.0,2428.23853,1745.33325,2429.90747,1743.65662,2423.36743,1750.22681,2419.54,1754.0719,2055.87061,1719.54871,2054.42,1717.317,2060.10864,1726.0675,2063.44238,1731.19531
User_01/Grid_15/HP_120/03.png,HP_120,13.3455,-9.7461,-3.7728,6.9873,17.526,58.9127,-11.0,-11.0,0.0,2416.45386,1745.71655,2415.8623,1744.11426,2418.18164,1750.39453,2419.54,1754.0719,2044.444,1720.04407,2040.808,1717.90979,2055.07275,1726.28271,2063.44238,1731.19531
User_01/Grid_15/HP_120/04.png,HP_120,13.3455,-9.7461,-3.7728,6.9873,17.526,58.9127,-11.0,-5.5,0.0,2416.08423,1751.375,2415.421,1750.85742,2418.01953,1752.88538,2419.54,1754.0719,2044.03833,1725.553,2040.322,1724.47229,2054.89722,1728.71045,2063.44238,1731.19531
User_01/Grid_15/HP_120/05.png,HP_120,13.3455,-9.7461,-3.7728,6.9873,17.526,58.9127,0.0,-5.5,0.0,2428.25928,1751.18384,2429.93359,1750.62915,2423.37524,1752.80151,2419.54,1754.0719,2055.86743,1725.27332,2054.41479,1724.13745,2060.10864,1728.589,2063.44238,1731.19531
User_01/Grid_15/HP_120/06.png,HP_120,13.3455,-9.7461,-3.7728,6.9873,17.526,58.9127,11.0,-5.5,0.0,2440.90063,1751.25073,2445.00073,1750.70923,2428.93726,1752.83069,2419.54,1754.0719,2068.25342,1725.24426,2069.17651,1724.10266,2065.55957,1728.57666,2063.44238,1731.19531
User_01/Grid_15/HP_120/07.png,HP_120,13.3455,-9.7461,-3.7728,6.9873,17.526,58.9127,11.0,0.0,0.0,2441.27124,1757.53076,2445.44482,1758.19507,2429.09766,1755.59326,2419.54,1754.0719,2068.60718,1731.43127,2069.599,1731.47656,2065.71436,1731.29907,2063.44238,1731.19531
User_01/Grid_15/HP_120/08.png,HP_120,13.3455,-9.7461,-3.7728,6.9873,17.526,58.9127,0.0,0.0,0.0,2428.28,1757.474,2429.95923,1758.12769,2423.3833,1755.568,2419.54,1754.0719,2055.865,1731.44788,2054.41064,1731.49634,2060.1084,1731.3064,2063.44238,1731.19531
User_01/Grid_15/HP_120/09.png,HP_120,13.3455,-9.7461,-3.7728,6.9873,17.526,58.9127,-11.0,0.0,0.0,2415.80078,1757.41992,2415.08276,1758.06274,2417.895,1755.54456,2419.54,1754.0719,2043.71729,1731.46411,2039.937,1731.51563,2054.7583,1731.3136,2063.44238,1731.19531
User_01/Grid_15/HP_120/10.png,HP_120,13.3455,-9.7461,-3.7728,6.9873,17.526,58.9127,-11.0,5.5,0.0,2415.628,1763.70959,2414.877,1765.56055,2417.81934,1758.31067,2419.54,1754.0719,2043.50647,1737.63892,2039.68457,1738.87415,2054.667,1734.03162,2063.44238,1731.19531
User_01/Grid_15/HP_120/11.png,HP_120,13.3455,-9.7461,-3.7728,6.9873,17.526,58.9127,0.0,5.5,0.0,2428.30029,1764.04517,2429.984,1765.96191,2423.3916,1758.45679,2419.54,1754.0719,2055.86279,1737.921,2054.40771,1739.2124,2060.1084,1734.15369,2063.44238,1731.19531
User_01/Grid_15/HP_120/12.png,HP_120,13.3455,-9.7461,-3.7728,6.9873,17.526,58.9127,11.0,5.5,0.0,2441.5127,1764.09216,2445.73413,1766.01721,2429.20264,1758.47827,2419.54,1754.0719,2068.842,1737.91467,2069.87939,1739.2052,2065.81714,1734.15039,2063.44238,1731.19531
User_01/Grid_15/HP_120/13.png,HP_120,13.3455,-9.7461,-3.7728,6.9873,17.526,58.9127,11.0,11.0,0.0,2441.60059,1770.71851,2445.839,1773.91675,2429.241,1761.39209,2419.54,1754.0719,2068.936,1744.49255,2069.99121,1747.047,2065.85815,1737.04285,2063.44238,1731.19531
User_01/Grid_15/HP_120/14.png,HP_120,13.3455,-9.7461,-3.7728,6.9873,17.526,58.9127,0.0,11.0,0.0,2428.32,1770.685,2430.00732,1773.878,2423.4,1761.37585,2419.54,1754.0719,2055.862,1744.48767,2054.40625,1747.04016,2060.10815,1737.04175,2063.44238,1731.19531
User_01/Grid_15/HP_120/15.png,HP_120,13.3455,-9.7461,-3.7728,6.9873,17.526,58.9127,-11.0,11.0,0.0,2415.58374,1770.0603,2414.82373,1773.131,2417.7998,1761.10352,2419.54,1754.0719,2043.42517,1743.8938,2039.58716,1746.32874,2054.63184,1736.78442,2063.44238,1731.19531
User_01/Grid_15/HP_121/01.png,HP_121,-9.8663,-35.5839,3.3803,26.716,-11.0709,57.6978,11.0,-11.0,0.0,3341.0647,317.170532,3345.744,314.886475,3327.432,323.824219,3316.745,329.0404,2937.039,352.5509,2937.99951,350.2921,2934.23535,359.143066,2932.03271,364.322144
User_01/Grid_15/HP_121/02.png,HP_121,-9.8663,-35.5839,3.3803,26.716,-11.0709,57.6978,0.0,-11.0,0.0,3326.72827,317.9452,3328.647,315.813,3321.135,324.161865,3316.745,329.0404,2924.05664,353.410034,2922.52881,351.319824,2928.52026,359.516846,2932.03271,364.322144
User_01/Grid_15/HP_121/03.png,HP_121,-9.8663,-35.5839,3.3803,26.716,-11.0709,57.6978,-11.0,-11.0,0.0,3314.44946,319.047,3314.00928,317.13,3315.73486,324.6427,3316.745,329.0404,2912.99072,354.5569,2909.352,352.6908,2923.63818,360.0172,2932.03271,364.322144
User_01/Grid_15/HP_121/04.png,HP_121,-9.8663,-35.5839,3.3803,26.716,-11.0709,57.6978,-11.0,-5.5,0.0,3314.617,325.126831,3314.2085,324.376343,3315.80835,327.317871,3316.745,329.0404,2913.083,360.192017,2909.46265,359.402832,2923.67822,362.501221,2932.03271,364.322144
User_01/Grid_15/HP_121/05.png,HP_121,-9.8663,-35.5839,3.3803,26.716,-11.0709,57.6978,0.0,-5.5,0.0,3326.7832,324.622437,3328.712,323.77356,3321.15967,327.0974,3316.745,329.0404,2924.0625,359.615723,2922.53638,358.714478,2928.52246,362.2494,2932.03271,364.322144
User_01/Grid_15/HP_121/06.png,HP_121,-9.8663,-35.5839,3.3803,26.716,-11.0709,57.6978,11.0,-5.5,0.0,3340.93872,324.285767,3345.5918,323.37146,3327.37866,326.950562,3316.745,329.0404,2936.90918,359.178223,2937.84448,358.191528,2934.17847,362.058838,2932.03271,364.322144
User_01/Grid_15/HP_121/07.png,HP_121,-9.8663,-35.5839,3.3803,26.716,-11.0709,57.6978,11.0,0.0,0.0,3340.64941,331.216431,3345.24365,331.634766,3327.255,329.996948,3316.745,329.0404,2936.64282,365.6676,2937.52661,365.925537,2934.062,364.914429,2932.03271,364.322144
User_01/Grid_15/HP_121/08.png,HP_121,-9.8663,-35.5839,3.3803,26.716,-11.0709,57.6978,0.0,0.0,0.0,3326.8335,331.147461,3328.77026,331.552,3321.18262,329.967163,3316.745,329.0404,2924.06958,365.706055,2922.54541,365.970947,2928.525,364.931641,2932.03271,364.322144
User_01/Grid_15/HP_121/09.png,HP_121,-9.8663,-35.5839,3.3803,26.716,-11.0709,57.6978,-11.0,0.0,0.0,3314.87915,331.0902,3314.52124,331.483154,3315.92383,329.942749,3316.745,329.0404,2913.26758,365.73877,2909.68335,366.009277,2923.758,364.9469,2932.03271,364.322144
User_01/Grid_15/HP_121/10.png,HP_121,-9.8663,-35.5839,3.3803,26.716,-11.0709,57.6978,-11.0,5.5,0.0,3315.222,336.797363,3314.93,338.283325,3316.07446,332.455933,3316.745,329.0404,2913.53076,371.066284,2909.999,372.353638,2923.87231,367.296753,2932.03271,364.322144
User_01/Grid_15/HP_121/11.png,HP_121,-9.8663,-35.5839,3.3803,26.716,-11.0709,57.6978,0.0,5.5,0.0,3326.87817,337.338257,3328.82227,338.930542,3321.204,332.6914,3316.745,329.0404,2924.07764,371.5138,2922.55566,372.889526,2928.52759,367.490967,2932.03271,364.322144
User_01/Grid_15/HP_121/12.png,HP_121,-9.8663,-35.5839,3.3803,26.716,-11.0709,57.6978,11.0,5.5,0.0,3340.22729,337.7439,3344.73682,339.415283,3327.07324,332.8684,3316.745,329.0404,2936.26465,371.82373,2937.07544,373.261,2933.89624,367.625122,2932.03271,364.322144
User_01/Grid_15/HP_121/13.png,HP_121,-9.8663,-35.5839,3.3803,26.716,-11.0709,57.6978,11.0,11.0,0.0,3339.71118,343.719,3344.117,346.535156,3326.85132,335.4995,3316.745,329.0404,2935.80518,377.5072,2936.52686,380.03125,2933.69434,370.130127,2932.03271,364.322144
User_01/Grid_15/HP_121/14.png,HP_121,-9.8663,-35.5839,3.3803,26.716,-11.0709,57.6978,0.0,11.0,0.0,3326.918,343.0636,3328.868,345.751831,3321.22339,335.2135,3316.745,329.0404,2924.08643,376.9159,2922.56738,379.322876,2928.52979,369.8734,2932.03271,364.322144
User_01/Grid_15/HP_121/15.png,HP_121,-9.8663,-35.5839,3.3803,26.716,-11.0709,57.6978,-11.0,11.0,0.0,3315.62671,342.140747,3315.4126,344.6488,3316.25269,334.810547,3316.745,329.0404,2913.85669,376.072876,2910.38916,378.3147,2924.01343,369.50647,2932.03271,364.322144
User_01/Grid_15/HP_122/01.png,HP_122,-3.1308,-32.6877,8.8488,26.5596,-1.9914,59.2106,11.0,-11.0,0.0,3294.52612,810.9352,3299.004,808.709,3281.472,817.4254,3271.23145,822.5171,2904.03271,862.844849,2904.91968,860.8358,2901.442,868.710449,2899.40576,873.321655
User_01/Grid_15/HP_122/02.png,HP_122,-3.1308,-32.6877,8.8488,26.5596,-1.9914,59.2106,0.0,-11.0,0.0,3281.20776,811.6804,3283.12354,809.599365,3275.61963,817.7506,3271.23145,822.5171,2891.82275,863.5359,2890.371,861.6625,2896.06567,869.0112,2899.40576,873.321655
User_01/Grid_15/HP_122/03.png,HP_122,-3.1308,-32.6877,8.8488,26.5596,-1.9914,59.2106,-11.0,-11.0,0.0,3269.66577,812.7135,3269.36548,810.833862,3270.54248,818.2018,3271.23145,822.5171,2881.31641,864.5021,2877.861,862.8174,2891.42944,869.432739,2899.40576,873.321655
User_01/Grid_15/HP_122/04.png,HP_122,-3.1308,-32.6877,8.8488,26.5596,-1.9914,59.2106,-11.0,-5.5,0.0,3269.6438,818.3501,3269.33936,817.5513,3270.53271,820.682861,3271.23145,822.5171,2881.26514,869.761963,2877.7998,869.082031,2891.40747,871.7521,2899.40576,873.321655
User_01/Grid_15/HP_122/05.png,HP_122,-3.1308,-32.6877,8.8488,26.5596,-1.9914,59.2106,0.0,-5.5,0.0,3281.2373,817.8146,3283.159,816.9115,3275.632,820.4487,3271.23145,822.5171,2891.83081,869.2827,2890.38062,868.5094,2896.06934,871.5427,2899.40576,873.321655
User_01/Grid_15/HP_122/06.png,HP_122,-3.1308,-32.6877,8.8488,26.5596,-1.9914,59.2106,11.0,-5.5,0.0,3294.64,817.4214,3299.14038,816.4418,3281.522,820.277,3271.23145,822.5171,2904.13086,868.9446,2905.037,868.105,2901.485,871.395264,2899.40576,873.321655
User_01/Grid_15/HP_122/07.png,HP_122,-3.1308,-32.6877,8.8488,26.5596,-1.9914,59.2106,11.0,0.0,0.0,3294.595,823.989258,3299.086,824.2722,3281.50269,823.1643,3271.23145,822.5171,2904.09473,875.133667,2904.994,875.4811,2901.46948,874.119141,2899.40576,873.321655
User_01/Grid_15/HP_122/08.png,HP_122,-3.1308,-32.6877,8.8488,26.5596,-1.9914,59.2106,0.0,0.0,0.0,3281.26367,824.014648,3283.19019,824.302246,3275.64429,823.1758,3271.23145,822.5171,2891.84,875.1056,2890.3916,875.447,2896.073,874.1074,2899.40576,873.321655
User_01/Grid_15/HP_122/09.png,HP_122,-3.1308,-32.6877,8.8488,26.5596,-1.9914,59.2106,-11.0,0.0,0.0,3269.7168,824.035156,3269.42651,824.3262,3270.5647,823.1853,3271.23145,822.5171,2881.30469,875.080444,2877.84668,875.4164,2891.42432,874.097168,2899.40576,873.321655
User_01/Grid_15/HP_122/10.png,HP_122,-3.1308,-32.6877,8.8488,26.5596,-1.9914,59.2106,-11.0,5.5,0.0,3269.88135,829.6255,3269.6228,830.9878,3270.63721,825.6465,3271.23145,822.5171,2881.432,880.3236,2877.99951,881.6609,2891.47925,876.409546,2899.40576,873.321655
User_01/Grid_15/HP_122/11.png,HP_122,-3.1308,-32.6877,8.8488,26.5596,-1.9914,59.2106,0.0,5.5,0.0,3281.28735,830.0929,3283.21753,831.5471,3275.65527,825.849854,3271.23145,822.5171,2891.84985,880.8325,2890.404,882.2698,2896.07715,876.6305,2899.40576,873.321655
User_01/Grid_15/HP_122/12.png,HP_122,-3.1308,-32.6877,8.8488,26.5596,-1.9914,59.2106,11.0,5.5,0.0,3294.39746,830.411133,3298.84839,831.927856,3281.418,825.988159,3271.23145,822.5171,2903.92773,881.209839,2904.79468,882.7219,2901.39624,876.794067,2899.40576,873.321655
User_01/Grid_15/HP_122/13.png,HP_122,-3.1308,-32.6877,8.8488,26.5596,-1.9914,59.2106,11.0,11.0,0.0,3294.06738,836.4863,3298.45239,839.1686,3281.27612,828.6615,3271.23145,822.5171,2903.645,886.990234,2904.45752,889.608765,2901.27222,879.340332,2899.40576,873.321655
User_01/Grid_15/HP_122/14.png,HP_122,-3.1308,-32.6877,8.8488,26.5596,-1.9914,59.2106,0.0,11.0,0.0,3281.30737,835.8805,3283.24023,838.444336,3275.66528,828.3976,3271.23145,822.5171,2891.86,886.3063,2890.41724,888.790039,2896.08081,879.043335,2899.40576,873.321655
User_01/Grid_15/HP_122/15.png,HP_122,-3.1308,-32.6877,8.8488,26.5596,-1.9914,59.2106,-11.0,11.0,0.0,3270.12842,834.9907,3269.91724,837.380249,3270.74561,828.009644,3271.23145,822.5171,2881.6394,885.3679,2878.2478,887.6675,2891.56958,878.6349,2899.40576,873.321655
User_01/Grid_15/HP_123/01.png,HP_123,6.5044,-25.958,3.4286,24.5477,3.1644,57.8437,11.0,-11.0,0.0,3282.49048,989.1371,3287.08765,986.886,3269.09229,995.697632,3258.58423,1000.8429,2877.599,1029.79187,2878.56543,1027.57776,2874.77881,1036.254,2872.563,1041.33154
User_01/Grid_15/HP_123/02.png,HP_123,6.5044,-25.958,3.4286,24.5477,3.1644,57.8437,0.0,-11.0,0.0,3268.77319,989.758545,3270.73047,987.6293,3263.065,995.9685,3258.58423,1000.8429,2864.7207,1030.613,2863.21851,1028.55994,2869.10962,1036.61157,2872.563,1041.33154
User_01/Grid_15/HP_123/03.png,HP_123,6.5044,-25.958,3.4286,24.5477,3.1644,57.8437,-11.0,-11.0,0.0,3256.873,990.715942,3256.545,988.7737,3257.8313,996.386,3258.58423,1000.8429,2853.63,1031.73608,2850.01147,1029.90222,2864.2168,1037.10156,2872.563,1041.33154
User_01/Grid_15/HP_123/04.png,HP_123,6.5044,-25.958,3.4286,24.5477,3.1644,57.8437,-11.0,-5.5,0.0,3256.77441,996.549438,3256.42725,995.7258,3257.78784,998.9535,3258.58423,1000.8429,2853.50732,1037.23755,2849.8645,1036.455,2864.16357,1039.527,2872.563,1041.33154
User_01/Grid_15/HP_123/05.png,HP_123,6.5044,-25.958,3.4286,24.5477,3.1644,57.8437,0.0,-5.5,0.0,3268.792,996.1034,3270.75342,995.1926,3263.073,998.7589,3258.58423,1000.8429,2864.7207,1036.61987,2863.21826,1035.71716,2869.11,1039.25708,2872.563,1041.33154
User_01/Grid_15/HP_123/06.png,HP_123,6.5044,-25.958,3.4286,24.5477,3.1644,57.8437,11.0,-5.5,0.0,3282.696,995.8386,3287.33423,994.875854,3269.18115,998.643555,3258.58423,1000.8429,2877.78931,1036.1521,2878.79248,1035.15784,2874.862,1039.05286,2872.563,1041.33154
User_01/Grid_15/HP_123/07.png,HP_123,6.5044,-25.958,3.4286,24.5477,3.1644,57.8437,11.0,0.0,0.0,3282.73315,1002.72107,3287.37842,1003.0824,3269.19751,1001.66833,3258.58423,1000.8429,2877.83154,1042.70313,2878.84277,1042.96643,2874.88062,1041.93494,2872.563,1041.33154
User_01/Grid_15/HP_123/08.png,HP_123,6.5044,-25.958,3.4286,24.5477,3.1644,57.8437,0.0,0.0,0.0,3268.80933,1002.59888,3270.774,1002.9364,3263.08057,1001.615,3258.58423,1000.8429,2864.72168,1042.788,2863.21924,1043.067,2869.1106,1041.97278,2872.563,1041.33154
User_01/Grid_15/HP_123/09.png,HP_123,6.5044,-25.958,3.4286,24.5477,3.1644,57.8437,-11.0,0.0,0.0,3256.77832,1002.49695,3256.43237,1002.81433,3257.78955,1001.57092,3258.58423,1000.8429,2853.48438,1042.86157,2849.83716,1043.154,2864.15356,1042.00586,2872.563,1041.33154
User_01/Grid_15/HP_123/10.png,HP_123,6.5044,-25.958,3.4286,24.5477,3.1644,57.8437,-11.0,5.5,0.0,3256.887,1008.40259,3256.56152,1009.85229,3257.83716,1004.17004,3258.58423,1000.8429,2853.56323,1048.4585,2849.932,1049.82068,2864.18774,1044.47314,2872.563,1041.33154
User_01/Grid_15/HP_123/11.png,HP_123,6.5044,-25.958,3.4286,24.5477,3.1644,57.8437,0.0,5.5,0.0,3268.82446,1009.03894,3270.792,1010.6134,3263.088,1004.44727,3258.58423,1000.8429,2864.72363,1048.92383,2863.22217,1050.37842,2869.111,1044.67468,2872.563,1041.33154
User_01/Grid_15/HP_123/12.png,HP_123,6.5044,-25.958,3.4286,24.5477,3.1644,57.8437,11.0,5.5,0.0,3282.59888,1009.53467,3287.2168,1011.20618,3269.14014,1004.66345,3258.58423,1000.8429,2877.7207,1049.219,2878.71069,1050.73267,2874.83228,1044.80176,2872.563,1041.33154
User_01/Grid_15/HP_123/13.png,HP_123,6.5044,-25.958,3.4286,24.5477,3.1644,57.8437,11.0,11.0,0.0,3282.30737,1016.0415,3286.86621,1018.9624,3269.01465,1007.52539,3258.58423,1000.8429,2877.46777,1055.47876,2878.40845,1058.19238,2874.72119,1047.55737,2872.563,1041.33154
User_01/Grid_15/HP_123/14.png,HP_123,6.5044,-25.958,3.4286,24.5477,3.1644,57.8437,0.0,11.0,0.0,3268.83813,1015.22559,3270.807,1017.98706,3263.09473,1007.16943,3258.58423,1000.8429,2864.72632,1054.83887,2863.22559,1057.42542,2869.11133,1047.28052,2872.563,1041.33154
User_01/Grid_15/HP_123/15.png,HP_123,6.5044,-25.958,3.4286,24.5477,3.1644,57.8437,-11.0,11.0,0.0,3257.09253,1014.11511,3256.80664,1016.65955,3257.92773,1006.68518,3258.58423,1000.8429,2853.73853,1053.88184,2850.14185,1056.27966,2864.26343,1046.86475,2872.563,1041.33154
User_01/Grid_15/HP_124/01.png,HP_124,6.6936,-32.072,0.65587,25.7982,11.1509,58.8698,11.0,-11.0,0.0,3269.435,1445.64172,3273.72046,1443.82178,3256.93457,1450.9502,3247.119,1455.11853,2880.56763,1444.70972,2881.31885,1442.62109,2878.3728,1450.81226,2876.646,1455.614
User_01/Grid_15/HP_124/02.png,HP_124,6.6936,-32.072,0.65587,25.7982,11.1509,58.8698,0.0,-11.0,0.0,3256.86646,1446.22571,3258.73682,1444.51929,3251.408,1451.20544,3247.119,1455.11853,2869.0105,1445.32263,2867.5498,1443.35437,2873.28125,1451.079,2876.646,1455.614
User_01/Grid_15/HP_124/03.png,HP_124,6.6936,-32.072,0.65587,25.7982,11.1509,58.8698,-11.0,-11.0,0.0,3245.8208,1447.08691,3245.57227,1445.548,3246.54736,1451.582,3247.119,1455.11853,2858.93359,1446.18848,2855.55273,1444.3894,2868.83374,1451.45679,2876.646,1455.614
User_01/Grid_15/HP_124/04.png,HP_124,6.6936,-32.072,0.65587,25.7982,11.1509,58.8698,-11.0,-5.5,0.0,3245.63062,1452.40112,3245.34521,1451.88013,3246.46362,1453.92212,3247.119,1455.11853,2858.7207,1451.15808,2855.29736,1450.30713,2868.741,1453.64893,2876.646,1455.614
User_01/Grid_15/HP_124/05.png,HP_124,6.6936,-32.072,0.65587,25.7982,11.1509,58.8698,0.0,-5.5,0.0,3256.903,1451.94849,3258.78125,1451.34009,3251.423,1453.724,3247.119,1455.11853,2869.014,1450.698,2867.55322,1449.75732,2873.28369,1453.44824,2876.646,1455.614
User_01/Grid_15/HP_124/06.png,HP_124,6.6936,-32.072,0.65587,25.7982,11.1509,58.8698,11.0,-5.5,0.0,3269.81836,1451.64185,3274.17969,1450.97375,3257.1,1453.58972,3247.119,1455.11853,2880.89233,1450.3717,2881.70654,1449.367,2878.51538,1453.30615,2876.646,1455.614
User_01/Grid_15/HP_124/07.png,HP_124,6.6936,-32.072,0.65587,25.7982,11.1509,58.8698,11.0,0.0,0.0,3270.07886,1457.97827,3274.492,1458.52783,3257.21338,1456.37573,3247.119,1455.11853,2881.11328,1456.35657,2881.97,1456.499,2878.6123,1455.94092,2876.646,1455.614
User_01/Grid_15/HP_124/08.png,HP_124,6.6936,-32.072,0.65587,25.7982,11.1509,58.8698,0.0,0.0,0.0,3256.93872,1457.95483,3258.82373,1458.49951,3251.43823,1456.36609,3247.119,1455.11853,2869.0188,1456.35083,2867.55835,1456.492,2873.28613,1455.93848,2876.646,1455.614
User_01/Grid_15/HP_124/09.png,HP_124,6.6936,-32.072,0.65587,25.7982,11.1509,58.8698,-11.0,0.0,0.0,3245.52051,1457.93457,3245.214,1458.47437,3246.415,1456.35815,3247.119,1455.11853,2858.582,1456.3457,2855.13159,1456.48547,2868.68115,1455.93652,2876.646,1455.614
User_01/Grid_15/HP_124/10.png,HP_124,6.6936,-32.072,0.65587,25.7982,11.1509,58.8698,-11.0,5.5,0.0,3245.50073,1463.561,3245.19067,1465.17969,3246.40649,1458.83472,3247.119,1455.11853,2858.529,1461.63477,2855.06787,1462.78491,2868.658,1458.26855,2876.646,1455.614
User_01/Grid_15/HP_124/11.png,HP_124,6.6936,-32.072,0.65587,25.7982,11.1509,58.8698,0.0,5.5,0.0,3256.97217,1464.08325,3258.86426,1465.80469,3251.45264,1459.06152,3247.119,1455.11853,2869.02417,1462.135,2867.56519,1463.38354,2873.289,1458.48621,2876.646,1455.614
User_01/Grid_15/HP_124/12.png,HP_124,6.6936,-32.072,0.65587,25.7982,11.1509,58.8698,11.0,5.5,0.0,3270.19434,1464.46021,3274.63037,1466.256,3257.26367,1459.22534,3247.119,1455.11853,2881.211,1462.49634,2882.08643,1463.81641,2878.655,1458.64307,2876.646,1455.614
User_01/Grid_15/HP_124/13.png,HP_124,6.6936,-32.072,0.65587,25.7982,11.1509,58.8698,11.0,11.0,0.0,3270.1543,1470.86584,3274.58179,1473.89246,3257.24658,1462.042,3247.119,1455.11853,2881.17651,1468.59424,2882.04517,1471.08325,2878.64,1461.3269,2876.646,1455.614
User_01/Grid_15/HP_124/14.png,HP_124,6.6936,-32.072,0.65587,25.7982,11.1509,58.8698,0.0,11.0,0.0,3257.00317,1470.14941,3258.90112,1473.0354,3251.46655,1461.7301,3247.119,1455.11853,2869.03125,1467.8822,2867.57324,1470.231,2873.292,1461.01782,2876.646,1455.614
User_01/Grid_15/HP_124/15.png,HP_124,6.6936,-32.072,0.65587,25.7982,11.1509,58.8698,-11.0,11.0,0.0,3245.5752,1469.14014,3245.27881,1471.828,3246.43945,1461.29077,3247.119,1455.11853,2858.566,1466.89368,2855.1123,1469.04834,2868.674,1460.58752,2876.646,1455.614
User_01/Grid_15/HP_125/01.png,HP_125,14.9162,-25.3585,2.0532,26.8119,14.43,61.0196,11.0,-11.0,0.0,3309.627,1531.4696,3313.589,1529.75671,3298.058,1536.47107,3288.962,1540.40332,2933.42627,1555.35083,2934.055,1553.529,2931.58765,1560.677,2930.1394,1564.87183
User_01/Grid_15/HP_125/02.png,HP_125,14.9162,-25.3585,2.0532,26.8119,14.43,61.0196,0.0,-11.0,0.0,3298.485,1531.92627,3300.30957,1530.30225,3293.155,1536.67065,3288.962,1540.40332,2922.84766,1555.96985,2921.454,1554.269,2926.92432,1560.94727,2930.1394,1564.87183
User_01/Grid_15/HP_125/03.png,HP_125,14.9162,-25.3585,2.0532,26.8119,14.43,61.0196,-11.0,-11.0,0.0,3288.642,1532.60291,3288.58057,1531.11035,3288.821,1536.96655,3288.962,1540.40332,2913.60132,1556.7832,2910.44678,1555.24048,2922.842,1561.30273,2930.1394,1564.87183
User_01/Grid_15/HP_125/04.png,HP_125,14.9162,-25.3585,2.0532,26.8119,14.43,61.0196,-11.0,-5.5,0.0,3288.44556,1537.37085,3288.34668,1536.79041,3288.73438,1539.0675,3288.962,1540.40332,2913.39478,1561.31274,2910.2,1560.63367,2922.75244,1563.30176,2930.1394,1564.87183
User_01/Grid_15/HP_125/05.png,HP_125,14.9162,-25.3585,2.0532,26.8119,14.43,61.0196,0.0,-5.5,0.0,3298.49829,1537.04126,3300.326,1536.39685,3293.16016,1538.92322,3288.962,1540.40332,2922.8457,1560.85425,2921.451,1560.086,2926.92432,1563.10107,2930.1394,1564.87183
User_01/Grid_15/HP_125/06.png,HP_125,14.9162,-25.3585,2.0532,26.8119,14.43,61.0196,11.0,-5.5,0.0,3309.95435,1536.83191,3313.98145,1536.14673,3298.19971,1538.83179,3288.962,1540.40332,2933.72778,1560.49451,2934.41479,1559.65637,2931.72,1562.94373,2930.1394,1564.87183
User_01/Grid_15/HP_125/07.png,HP_125,14.9162,-25.3585,2.0532,26.8119,14.43,61.0196,11.0,0.0,0.0,3310.18945,1542.50293,3314.26343,1542.906,3298.30127,1541.32715,3288.962,1540.40332,2933.94727,1565.94226,2934.67676,1566.14746,2931.81641,1565.34326,2930.1394,1564.87183
User_01/Grid_15/HP_125/08.png,HP_125,14.9162,-25.3585,2.0532,26.8119,14.43,61.0196,0.0,0.0,0.0,3298.511,1542.41736,3300.342,1542.80371,3293.16479,1541.28979,3288.962,1540.40332,2922.84424,1565.998,2921.449,1566.21338,2926.92432,1565.36816,2930.1394,1564.87183
User_01/Grid_15/HP_125/09.png,HP_125,14.9162,-25.3585,2.0532,26.8119,14.43,61.0196,-11.0,0.0,0.0,3288.312,1542.34448,3288.1875,1542.71631,3288.67554,1541.2583,3288.962,1540.40332,2913.24829,1566.047,2910.02417,1566.27124,2922.68848,1565.39038,2930.1394,1564.87183
User_01/Grid_15/HP_125/10.png,HP_125,14.9162,-25.3585,2.0532,26.8119,14.43,61.0196,-11.0,5.5,0.0,3288.24927,1547.42542,3288.11279,1548.77,3288.64819,1543.49609,3288.962,1540.40332,2913.171,1570.89221,2909.932,1572.0415,2922.65479,1567.52734,2930.1394,1564.87183
User_01/Grid_15/HP_125/11.png,HP_125,14.9162,-25.3585,2.0532,26.8119,14.43,61.0196,0.0,5.5,0.0,3298.52246,1547.93066,3300.356,1549.37427,3293.16968,1543.71631,3288.962,1540.40332,2922.84326,1571.28589,2921.44775,1572.5127,2926.92432,1567.69836,2930.1394,1564.87183
User_01/Grid_15/HP_125/12.png,HP_125,14.9162,-25.3585,2.0532,26.8119,14.43,61.0196,11.0,5.5,0.0,3310.31348,1548.33691,3314.41187,1549.85986,3298.35474,1543.89343,3288.962,1540.40332,2934.06714,1571.56152,2934.81958,1572.84314,2931.86865,1567.8175,2930.1394,1564.87183
User_01/Grid_15/HP_125/13.png,HP_125,14.9162,-25.3585,2.0532,26.8119,14.43,61.0196,11.0,11.0,0.0,3310.31519,1554.15869,3314.414,1556.799,3298.3562,1546.45471,3288.962,1540.40332,2934.07666,1577.19067,2934.831,1579.55066,2931.873,1570.29614,2930.1394,1564.87183
User_01/Grid_15/HP_125/14.png,HP_125,14.9162,-25.3585,2.0532,26.8119,14.43,61.0196,0.0,11.0,0.0,3298.5332,1553.43579,3300.36841,1555.93494,3293.17432,1546.13928,3288.962,1540.40332,2922.843,1576.57959,2921.44775,1578.81885,2926.92432,1570.031,2930.1394,1564.87183
User_01/Grid_15/HP_125/15.png,HP_125,14.9162,-25.3585,2.0532,26.8119,14.43,61.0196,-11.0,11.0,0.0,3288.26318,1552.501,3288.12939,1554.81738,3288.654,1545.73145,3288.962,1540.40332,2913.16821,1575.73975,2909.929,1577.814,2922.65356,1569.66553,2930.1394,1564.87183
